<?xml version="1.0" encoding="UTF-8"?>
<gpx version="1.1" creator="koelkast" xmlns="http://www.topografix.com/GPX/1/1">
  <trk>
    <name>A2 Maastricht → Eindhoven</name>
    <trkseg>
      <trkpt lat="50.867145" lon="5.725480"><time>2026-09-24T18:04:13.915Z</time><extensions><course>50.0</course><speed>27.77</speed></extensions></trkpt>
      <trkpt lat="50.867289" lon="5.725780"><time>2026-09-24T18:04:14.915Z</time><extensions><course>50.0</course><speed>27.77</speed></extensions></trkpt>
      <trkpt lat="50.867449" lon="5.726083"><time>2026-09-24T18:04:15.915Z</time><extensions><course>50.0</course><speed>27.74</speed></extensions></trkpt>
      <trkpt lat="50.867630" lon="5.726371"><time>2026-09-24T18:04:16.915Z</time><extensions><course>50.0</course><speed>27.74</speed></extensions></trkpt>
      <trkpt lat="50.867768" lon="5.726692"><time>2026-09-24T18:04:17.915Z</time><extensions><course>50.0</course><speed>27.74</speed></extensions></trkpt>
      <trkpt lat="50.867929" lon="5.726992"><time>2026-09-24T18:04:18.915Z</time><extensions><course>50.3</course><speed>27.46</speed></extensions></trkpt>
      <trkpt lat="50.868109" lon="5.727270"><time>2026-09-24T18:04:19.915Z</time><extensions><course>50.3</course><speed>27.46</speed></extensions></trkpt>
      <trkpt lat="50.868233" lon="5.727595"><time>2026-09-24T18:04:20.915Z</time><extensions><course>50.3</course><speed>27.43</speed></extensions></trkpt>
      <trkpt lat="50.868405" lon="5.727889"><time>2026-09-24T18:04:21.915Z</time><extensions><course>48.2</course><speed>26.22</speed></extensions></trkpt>
      <trkpt lat="50.868566" lon="5.728151"><time>2026-09-24T18:04:22.915Z</time><extensions><course>48.2</course><speed>26.24</speed></extensions></trkpt>
      <trkpt lat="50.868718" lon="5.728405"><time>2026-09-24T18:04:23.915Z</time><extensions><course>48.2</course><speed>26.81</speed></extensions></trkpt>
      <trkpt lat="50.868887" lon="5.728690"><time>2026-09-24T18:04:24.915Z</time><extensions><course>41.3</course><speed>26.21</speed></extensions></trkpt>
      <trkpt lat="50.869070" lon="5.728969"><time>2026-09-24T18:04:25.915Z</time><extensions><course>41.4</course><speed>26.68</speed></extensions></trkpt>
      <trkpt lat="50.869249" lon="5.729204"><time>2026-09-24T18:04:26.915Z</time><extensions><course>42.7</course><speed>26.60</speed></extensions></trkpt>
      <trkpt lat="50.869431" lon="5.729489"><time>2026-09-24T18:04:27.915Z</time><extensions><course>39.2</course><speed>26.14</speed></extensions></trkpt>
      <trkpt lat="50.869595" lon="5.729719"><time>2026-09-24T18:04:28.915Z</time><extensions><course>35.0</course><speed>26.04</speed></extensions></trkpt>
      <trkpt lat="50.869806" lon="5.729934"><time>2026-09-24T18:04:29.915Z</time><extensions><course>34.5</course><speed>25.66</speed></extensions></trkpt>
      <trkpt lat="50.869986" lon="5.730128"><time>2026-09-24T18:04:30.915Z</time><extensions><course>32.0</course><speed>26.11</speed></extensions></trkpt>
      <trkpt lat="50.870215" lon="5.730269"><time>2026-09-24T18:04:31.915Z</time><extensions><course>29.2</course><speed>25.43</speed></extensions></trkpt>
      <trkpt lat="50.870391" lon="5.730432"><time>2026-09-24T18:04:32.915Z</time><extensions><course>26.6</course><speed>25.93</speed></extensions></trkpt>
      <trkpt lat="50.870597" lon="5.730627"><time>2026-09-24T18:04:33.915Z</time><extensions><course>25.4</course><speed>25.49</speed></extensions></trkpt>
      <trkpt lat="50.870818" lon="5.730776"><time>2026-09-24T18:04:34.915Z</time><extensions><course>21.0</course><speed>26.29</speed></extensions></trkpt>
      <trkpt lat="50.871048" lon="5.730892"><time>2026-09-24T18:04:35.915Z</time><extensions><course>21.4</course><speed>26.39</speed></extensions></trkpt>
      <trkpt lat="50.871270" lon="5.731038"><time>2026-09-24T18:04:36.915Z</time><extensions><course>16.8</course><speed>26.77</speed></extensions></trkpt>
      <trkpt lat="50.871517" lon="5.731144"><time>2026-09-24T18:04:37.915Z</time><extensions><course>16.8</course><speed>26.70</speed></extensions></trkpt>
      <trkpt lat="50.871708" lon="5.731278"><time>2026-09-24T18:04:38.915Z</time><extensions><course>16.1</course><speed>27.49</speed></extensions></trkpt>
      <trkpt lat="50.871961" lon="5.731371"><time>2026-09-24T18:04:39.915Z</time><extensions><course>15.2</course><speed>27.63</speed></extensions></trkpt>
      <trkpt lat="50.872198" lon="5.731437"><time>2026-09-24T18:04:40.915Z</time><extensions><course>15.2</course><speed>27.63</speed></extensions></trkpt>
      <trkpt lat="50.872447" lon="5.731557"><time>2026-09-24T18:04:41.915Z</time><extensions><course>15.2</course><speed>27.00</speed></extensions></trkpt>
      <trkpt lat="50.872685" lon="5.731632"><time>2026-09-24T18:04:42.915Z</time><extensions><course>17.0</course><speed>26.89</speed></extensions></trkpt>
      <trkpt lat="50.872902" lon="5.731790"><time>2026-09-24T18:04:43.915Z</time><extensions><course>17.5</course><speed>26.90</speed></extensions></trkpt>
      <trkpt lat="50.873112" lon="5.731910"><time>2026-09-24T18:04:44.915Z</time><extensions><course>19.6</course><speed>26.66</speed></extensions></trkpt>
      <trkpt lat="50.873376" lon="5.732023"><time>2026-09-24T18:04:45.915Z</time><extensions><course>20.3</course><speed>26.36</speed></extensions></trkpt>
      <trkpt lat="50.873586" lon="5.732163"><time>2026-09-24T18:04:46.915Z</time><extensions><course>20.2</course><speed>26.72</speed></extensions></trkpt>
      <trkpt lat="50.873793" lon="5.732297"><time>2026-09-24T18:04:47.915Z</time><extensions><course>23.4</course><speed>26.29</speed></extensions></trkpt>
      <trkpt lat="50.874016" lon="5.732468"><time>2026-09-24T18:04:48.915Z</time><extensions><course>25.7</course><speed>26.96</speed></extensions></trkpt>
      <trkpt lat="50.874258" lon="5.732629"><time>2026-09-24T18:04:49.915Z</time><extensions><course>25.7</course><speed>26.72</speed></extensions></trkpt>
      <trkpt lat="50.874460" lon="5.732818"><time>2026-09-24T18:04:50.915Z</time><extensions><course>28.8</course><speed>27.12</speed></extensions></trkpt>
      <trkpt lat="50.874662" lon="5.733006"><time>2026-09-24T18:04:51.915Z</time><extensions><course>28.1</course><speed>27.43</speed></extensions></trkpt>
      <trkpt lat="50.874886" lon="5.733134"><time>2026-09-24T18:04:52.915Z</time><extensions><course>29.5</course><speed>27.75</speed></extensions></trkpt>
      <trkpt lat="50.875080" lon="5.733332"><time>2026-09-24T18:04:53.915Z</time><extensions><course>29.5</course><speed>27.28</speed></extensions></trkpt>
      <trkpt lat="50.875314" lon="5.733513"><time>2026-09-24T18:04:54.915Z</time><extensions><course>29.5</course><speed>27.28</speed></extensions></trkpt>
      <trkpt lat="50.875525" lon="5.733752"><time>2026-09-24T18:04:55.915Z</time><extensions><course>29.0</course><speed>26.84</speed></extensions></trkpt>
      <trkpt lat="50.875759" lon="5.733931"><time>2026-09-24T18:04:56.915Z</time><extensions><course>26.6</course><speed>26.54</speed></extensions></trkpt>
      <trkpt lat="50.875967" lon="5.734058"><time>2026-09-24T18:04:57.915Z</time><extensions><course>26.6</course><speed>26.94</speed></extensions></trkpt>
      <trkpt lat="50.876163" lon="5.734233"><time>2026-09-24T18:04:58.915Z</time><extensions><course>24.1</course><speed>26.64</speed></extensions></trkpt>
      <trkpt lat="50.876394" lon="5.734358"><time>2026-09-24T18:04:59.915Z</time><extensions><course>21.8</course><speed>26.22</speed></extensions></trkpt>
      <trkpt lat="50.876607" lon="5.734539"><time>2026-09-24T18:05:00.915Z</time><extensions><course>21.8</course><speed>26.33</speed></extensions></trkpt>
      <trkpt lat="50.876851" lon="5.734654"><time>2026-09-24T18:05:01.915Z</time><extensions><course>20.1</course><speed>26.72</speed></extensions></trkpt>
      <trkpt lat="50.877061" lon="5.734796"><time>2026-09-24T18:05:02.915Z</time><extensions><course>15.8</course><speed>26.43</speed></extensions></trkpt>
      <trkpt lat="50.877293" lon="5.734886"><time>2026-09-24T18:05:03.915Z</time><extensions><course>15.8</course><speed>27.48</speed></extensions></trkpt>
      <trkpt lat="50.877531" lon="5.734967"><time>2026-09-24T18:05:04.915Z</time><extensions><course>15.8</course><speed>27.48</speed></extensions></trkpt>
      <trkpt lat="50.877763" lon="5.735088"><time>2026-09-24T18:05:05.915Z</time><extensions><course>14.0</course><speed>27.48</speed></extensions></trkpt>
      <trkpt lat="50.877996" lon="5.735178"><time>2026-09-24T18:05:06.915Z</time><extensions><course>14.0</course><speed>27.78</speed></extensions></trkpt>
      <trkpt lat="50.878231" lon="5.735282"><time>2026-09-24T18:05:07.915Z</time><extensions><course>14.0</course><speed>27.78</speed></extensions></trkpt>
      <trkpt lat="50.878485" lon="5.735368"><time>2026-09-24T18:05:08.915Z</time><extensions><course>14.0</course><speed>27.68</speed></extensions></trkpt>
      <trkpt lat="50.878728" lon="5.735456"><time>2026-09-24T18:05:09.915Z</time><extensions><course>14.0</course><speed>27.68</speed></extensions></trkpt>
      <trkpt lat="50.878957" lon="5.735525"><time>2026-09-24T18:05:10.915Z</time><extensions><course>13.5</course><speed>27.68</speed></extensions></trkpt>
      <trkpt lat="50.879210" lon="5.735678"><time>2026-09-24T18:05:11.915Z</time><extensions><course>13.5</course><speed>27.68</speed></extensions></trkpt>
      <trkpt lat="50.879463" lon="5.735736"><time>2026-09-24T18:05:12.915Z</time><extensions><course>14.6</course><speed>27.58</speed></extensions></trkpt>
      <trkpt lat="50.879695" lon="5.735806"><time>2026-09-24T18:05:13.915Z</time><extensions><course>14.6</course><speed>27.58</speed></extensions></trkpt>
      <trkpt lat="50.879946" lon="5.735937"><time>2026-09-24T18:05:14.915Z</time><extensions><course>14.6</course><speed>27.78</speed></extensions></trkpt>
      <trkpt lat="50.880162" lon="5.736050"><time>2026-09-24T18:05:15.915Z</time><extensions><course>14.6</course><speed>27.78</speed></extensions></trkpt>
      <trkpt lat="50.880425" lon="5.736163"><time>2026-09-24T18:05:16.915Z</time><extensions><course>14.6</course><speed>27.78</speed></extensions></trkpt>
      <trkpt lat="50.880671" lon="5.736252"><time>2026-09-24T18:05:17.915Z</time><extensions><course>14.6</course><speed>27.78</speed></extensions></trkpt>
      <trkpt lat="50.880899" lon="5.736344"><time>2026-09-24T18:05:18.915Z</time><extensions><course>14.6</course><speed>27.78</speed></extensions></trkpt>
      <trkpt lat="50.881153" lon="5.736459"><time>2026-09-24T18:05:19.915Z</time><extensions><course>14.6</course><speed>27.78</speed></extensions></trkpt>
      <trkpt lat="50.881388" lon="5.736546"><time>2026-09-24T18:05:20.915Z</time><extensions><course>14.6</course><speed>27.78</speed></extensions></trkpt>
      <trkpt lat="50.881634" lon="5.736651"><time>2026-09-24T18:05:21.915Z</time><extensions><course>14.6</course><speed>27.78</speed></extensions></trkpt>
      <trkpt lat="50.881862" lon="5.736744"><time>2026-09-24T18:05:22.915Z</time><extensions><course>14.6</course><speed>27.74</speed></extensions></trkpt>
      <trkpt lat="50.882114" lon="5.736846"><time>2026-09-24T18:05:23.915Z</time><extensions><course>14.6</course><speed>27.74</speed></extensions></trkpt>
      <trkpt lat="50.882351" lon="5.736961"><time>2026-09-24T18:05:24.915Z</time><extensions><course>14.6</course><speed>27.20</speed></extensions></trkpt>
      <trkpt lat="50.882577" lon="5.737040"><time>2026-09-24T18:05:25.915Z</time><extensions><course>14.4</course><speed>27.20</speed></extensions></trkpt>
      <trkpt lat="50.882819" lon="5.737107"><time>2026-09-24T18:05:26.915Z</time><extensions><course>14.4</course><speed>26.99</speed></extensions></trkpt>
      <trkpt lat="50.883049" lon="5.737232"><time>2026-09-24T18:05:27.915Z</time><extensions><course>17.9</course><speed>26.99</speed></extensions></trkpt>
      <trkpt lat="50.883276" lon="5.737372"><time>2026-09-24T18:05:28.915Z</time><extensions><course>17.9</course><speed>26.77</speed></extensions></trkpt>
      <trkpt lat="50.883511" lon="5.737473"><time>2026-09-24T18:05:29.915Z</time><extensions><course>18.9</course><speed>27.39</speed></extensions></trkpt>
      <trkpt lat="50.883737" lon="5.737604"><time>2026-09-24T18:05:30.915Z</time><extensions><course>18.9</course><speed>27.39</speed></extensions></trkpt>
      <trkpt lat="50.883977" lon="5.737740"><time>2026-09-24T18:05:31.915Z</time><extensions><course>20.2</course><speed>27.56</speed></extensions></trkpt>
      <trkpt lat="50.884217" lon="5.737893"><time>2026-09-24T18:05:32.915Z</time><extensions><course>20.2</course><speed>27.60</speed></extensions></trkpt>
      <trkpt lat="50.884422" lon="5.738012"><time>2026-09-24T18:05:33.915Z</time><extensions><course>20.2</course><speed>27.78</speed></extensions></trkpt>
      <trkpt lat="50.884676" lon="5.738142"><time>2026-09-24T18:05:34.915Z</time><extensions><course>20.2</course><speed>27.74</speed></extensions></trkpt>
      <trkpt lat="50.884908" lon="5.738274"><time>2026-09-24T18:05:35.915Z</time><extensions><course>20.2</course><speed>27.74</speed></extensions></trkpt>
      <trkpt lat="50.885149" lon="5.738440"><time>2026-09-24T18:05:36.915Z</time><extensions><course>20.2</course><speed>27.77</speed></extensions></trkpt>
      <trkpt lat="50.885376" lon="5.738568"><time>2026-09-24T18:05:37.915Z</time><extensions><course>20.0</course><speed>27.77</speed></extensions></trkpt>
      <trkpt lat="50.885592" lon="5.738685"><time>2026-09-24T18:05:38.915Z</time><extensions><course>20.0</course><speed>27.73</speed></extensions></trkpt>
      <trkpt lat="50.885869" lon="5.738813"><time>2026-09-24T18:05:39.915Z</time><extensions><course>20.2</course><speed>27.73</speed></extensions></trkpt>
      <trkpt lat="50.886072" lon="5.738961"><time>2026-09-24T18:05:40.915Z</time><extensions><course>20.2</course><speed>27.73</speed></extensions></trkpt>
      <trkpt lat="50.886312" lon="5.739113"><time>2026-09-24T18:05:41.915Z</time><extensions><course>20.2</course><speed>27.78</speed></extensions></trkpt>
      <trkpt lat="50.886538" lon="5.739198"><time>2026-09-24T18:05:42.915Z</time><extensions><course>20.2</course><speed>27.78</speed></extensions></trkpt>
      <trkpt lat="50.886794" lon="5.739372"><time>2026-09-24T18:05:43.915Z</time><extensions><course>20.2</course><speed>27.35</speed></extensions></trkpt>
      <trkpt lat="50.887036" lon="5.739520"><time>2026-09-24T18:05:44.915Z</time><extensions><course>20.2</course><speed>27.35</speed></extensions></trkpt>
      <trkpt lat="50.887241" lon="5.739602"><time>2026-09-24T18:05:45.915Z</time><extensions><course>22.7</course><speed>26.78</speed></extensions></trkpt>
      <trkpt lat="50.887456" lon="5.739817"><time>2026-09-24T18:05:46.915Z</time><extensions><course>22.7</course><speed>26.78</speed></extensions></trkpt>
      <trkpt lat="50.887680" lon="5.739909"><time>2026-09-24T18:05:47.915Z</time><extensions><course>22.7</course><speed>26.79</speed></extensions></trkpt>
      <trkpt lat="50.887898" lon="5.740080"><time>2026-09-24T18:05:48.915Z</time><extensions><course>26.0</course><speed>26.51</speed></extensions></trkpt>
      <trkpt lat="50.888124" lon="5.740249"><time>2026-09-24T18:05:49.915Z</time><extensions><course>26.0</course><speed>26.51</speed></extensions></trkpt>
      <trkpt lat="50.888329" lon="5.740437"><time>2026-09-24T18:05:50.915Z</time><extensions><course>28.4</course><speed>26.55</speed></extensions></trkpt>
      <trkpt lat="50.888561" lon="5.740624"><time>2026-09-24T18:05:51.915Z</time><extensions><course>30.0</course><speed>26.70</speed></extensions></trkpt>
      <trkpt lat="50.888746" lon="5.740828"><time>2026-09-24T18:05:52.915Z</time><extensions><course>31.9</course><speed>26.46</speed></extensions></trkpt>
      <trkpt lat="50.888957" lon="5.740981"><time>2026-09-24T18:05:53.915Z</time><extensions><course>33.0</course><speed>26.41</speed></extensions></trkpt>
      <trkpt lat="50.889149" lon="5.741186"><time>2026-09-24T18:05:54.915Z</time><extensions><course>34.6</course><speed>26.37</speed></extensions></trkpt>
      <trkpt lat="50.889330" lon="5.741449"><time>2026-09-24T18:05:55.915Z</time><extensions><course>36.0</course><speed>26.58</speed></extensions></trkpt>
      <trkpt lat="50.889524" lon="5.741639"><time>2026-09-24T18:05:56.915Z</time><extensions><course>37.9</course><speed>26.91</speed></extensions></trkpt>
      <trkpt lat="50.889745" lon="5.741883"><time>2026-09-24T18:05:57.915Z</time><extensions><course>40.0</course><speed>27.13</speed></extensions></trkpt>
      <trkpt lat="50.889898" lon="5.742150"><time>2026-09-24T18:05:58.915Z</time><extensions><course>40.0</course><speed>27.62</speed></extensions></trkpt>
      <trkpt lat="50.890111" lon="5.742384"><time>2026-09-24T18:05:59.915Z</time><extensions><course>39.7</course><speed>27.57</speed></extensions></trkpt>
      <trkpt lat="50.890293" lon="5.742648"><time>2026-09-24T18:06:00.915Z</time><extensions><course>39.7</course><speed>27.61</speed></extensions></trkpt>
      <trkpt lat="50.890496" lon="5.742893"><time>2026-09-24T18:06:01.915Z</time><extensions><course>38.8</course><speed>27.70</speed></extensions></trkpt>
      <trkpt lat="50.890678" lon="5.743143"><time>2026-09-24T18:06:02.915Z</time><extensions><course>38.8</course><speed>27.54</speed></extensions></trkpt>
      <trkpt lat="50.890860" lon="5.743426"><time>2026-09-24T18:06:03.915Z</time><extensions><course>38.8</course><speed>27.54</speed></extensions></trkpt>
      <trkpt lat="50.891064" lon="5.743663"><time>2026-09-24T18:06:04.915Z</time><extensions><course>40.2</course><speed>27.54</speed></extensions></trkpt>
      <trkpt lat="50.891263" lon="5.743910"><time>2026-09-24T18:06:05.915Z</time><extensions><course>40.2</course><speed>27.78</speed></extensions></trkpt>
      <trkpt lat="50.891445" lon="5.744138"><time>2026-09-24T18:06:06.915Z</time><extensions><course>40.2</course><speed>27.72</speed></extensions></trkpt>
      <trkpt lat="50.891622" lon="5.744408"><time>2026-09-24T18:06:07.915Z</time><extensions><course>40.2</course><speed>27.72</speed></extensions></trkpt>
      <trkpt lat="50.891810" lon="5.744654"><time>2026-09-24T18:06:08.915Z</time><extensions><course>40.5</course><speed>27.72</speed></extensions></trkpt>
      <trkpt lat="50.892005" lon="5.744892"><time>2026-09-24T18:06:09.915Z</time><extensions><course>40.5</course><speed>27.72</speed></extensions></trkpt>
      <trkpt lat="50.892214" lon="5.745188"><time>2026-09-24T18:06:10.915Z</time><extensions><course>40.5</course><speed>27.75</speed></extensions></trkpt>
      <trkpt lat="50.892384" lon="5.745430"><time>2026-09-24T18:06:11.915Z</time><extensions><course>40.5</course><speed>27.75</speed></extensions></trkpt>
      <trkpt lat="50.892556" lon="5.745712"><time>2026-09-24T18:06:12.915Z</time><extensions><course>40.5</course><speed>27.75</speed></extensions></trkpt>
      <trkpt lat="50.892772" lon="5.745964"><time>2026-09-24T18:06:13.915Z</time><extensions><course>40.4</course><speed>27.77</speed></extensions></trkpt>
      <trkpt lat="50.892942" lon="5.746181"><time>2026-09-24T18:06:14.915Z</time><extensions><course>40.4</course><speed>27.75</speed></extensions></trkpt>
      <trkpt lat="50.893142" lon="5.746488"><time>2026-09-24T18:06:15.915Z</time><extensions><course>40.4</course><speed>27.77</speed></extensions></trkpt>
      <trkpt lat="50.893354" lon="5.746694"><time>2026-09-24T18:06:16.915Z</time><extensions><course>40.4</course><speed>27.77</speed></extensions></trkpt>
      <trkpt lat="50.893526" lon="5.746972"><time>2026-09-24T18:06:17.915Z</time><extensions><course>40.3</course><speed>27.77</speed></extensions></trkpt>
      <trkpt lat="50.893718" lon="5.747228"><time>2026-09-24T18:06:18.915Z</time><extensions><course>40.3</course><speed>27.76</speed></extensions></trkpt>
      <trkpt lat="50.893909" lon="5.747477"><time>2026-09-24T18:06:19.915Z</time><extensions><course>40.3</course><speed>27.78</speed></extensions></trkpt>
      <trkpt lat="50.894098" lon="5.747758"><time>2026-09-24T18:06:20.915Z</time><extensions><course>40.3</course><speed>27.78</speed></extensions></trkpt>
      <trkpt lat="50.894288" lon="5.748008"><time>2026-09-24T18:06:21.915Z</time><extensions><course>40.3</course><speed>27.78</speed></extensions></trkpt>
      <trkpt lat="50.894462" lon="5.748233"><time>2026-09-24T18:06:22.915Z</time><extensions><course>40.3</course><speed>27.78</speed></extensions></trkpt>
      <trkpt lat="50.894661" lon="5.748515"><time>2026-09-24T18:06:23.915Z</time><extensions><course>40.3</course><speed>27.78</speed></extensions></trkpt>
      <trkpt lat="50.894867" lon="5.748788"><time>2026-09-24T18:06:24.915Z</time><extensions><course>40.3</course><speed>27.78</speed></extensions></trkpt>
      <trkpt lat="50.895032" lon="5.748980"><time>2026-09-24T18:06:25.915Z</time><extensions><course>40.3</course><speed>27.74</speed></extensions></trkpt>
      <trkpt lat="50.895236" lon="5.749254"><time>2026-09-24T18:06:26.915Z</time><extensions><course>40.3</course><speed>27.74</speed></extensions></trkpt>
      <trkpt lat="50.895429" lon="5.749527"><time>2026-09-24T18:06:27.915Z</time><extensions><course>40.6</course><speed>27.74</speed></extensions></trkpt>
      <trkpt lat="50.895623" lon="5.749774"><time>2026-09-24T18:06:28.915Z</time><extensions><course>40.6</course><speed>27.74</speed></extensions></trkpt>
      <trkpt lat="50.895781" lon="5.750023"><time>2026-09-24T18:06:29.915Z</time><extensions><course>40.6</course><speed>27.78</speed></extensions></trkpt>
      <trkpt lat="50.895992" lon="5.750321"><time>2026-09-24T18:06:30.915Z</time><extensions><course>40.6</course><speed>27.78</speed></extensions></trkpt>
      <trkpt lat="50.896182" lon="5.750557"><time>2026-09-24T18:06:31.915Z</time><extensions><course>40.6</course><speed>27.78</speed></extensions></trkpt>
      <trkpt lat="50.896353" lon="5.750792"><time>2026-09-24T18:06:32.915Z</time><extensions><course>40.6</course><speed>27.78</speed></extensions></trkpt>
      <trkpt lat="50.896561" lon="5.751109"><time>2026-09-24T18:06:33.915Z</time><extensions><course>40.6</course><speed>27.67</speed></extensions></trkpt>
      <trkpt lat="50.896753" lon="5.751334"><time>2026-09-24T18:06:34.915Z</time><extensions><course>40.6</course><speed>27.75</speed></extensions></trkpt>
      <trkpt lat="50.896955" lon="5.751580"><time>2026-09-24T18:06:35.915Z</time><extensions><course>40.4</course><speed>27.75</speed></extensions></trkpt>
      <trkpt lat="50.897131" lon="5.751836"><time>2026-09-24T18:06:36.915Z</time><extensions><course>40.0</course><speed>27.46</speed></extensions></trkpt>
      <trkpt lat="50.897303" lon="5.752092"><time>2026-09-24T18:06:37.915Z</time><extensions><course>40.4</course><speed>27.57</speed></extensions></trkpt>
      <trkpt lat="50.897506" lon="5.752345"><time>2026-09-24T18:06:38.915Z</time><extensions><course>40.4</course><speed>27.39</speed></extensions></trkpt>
      <trkpt lat="50.897695" lon="5.752627"><time>2026-09-24T18:06:39.915Z</time><extensions><course>38.7</course><speed>27.39</speed></extensions></trkpt>
      <trkpt lat="50.897877" lon="5.752846"><time>2026-09-24T18:06:40.915Z</time><extensions><course>38.7</course><speed>27.68</speed></extensions></trkpt>
      <trkpt lat="50.898069" lon="5.753094"><time>2026-09-24T18:06:41.915Z</time><extensions><course>38.2</course><speed>27.50</speed></extensions></trkpt>
      <trkpt lat="50.898268" lon="5.753346"><time>2026-09-24T18:06:42.915Z</time><extensions><course>38.2</course><speed>27.50</speed></extensions></trkpt>
      <trkpt lat="50.898472" lon="5.753568"><time>2026-09-24T18:06:43.915Z</time><extensions><course>38.2</course><speed>27.54</speed></extensions></trkpt>
      <trkpt lat="50.898684" lon="5.753838"><time>2026-09-24T18:06:44.915Z</time><extensions><course>37.2</course><speed>27.33</speed></extensions></trkpt>
      <trkpt lat="50.898851" lon="5.754039"><time>2026-09-24T18:06:45.915Z</time><extensions><course>37.2</course><speed>27.51</speed></extensions></trkpt>
      <trkpt lat="50.899063" lon="5.754315"><time>2026-09-24T18:06:46.915Z</time><extensions><course>36.8</course><speed>27.51</speed></extensions></trkpt>
      <trkpt lat="50.899273" lon="5.754542"><time>2026-09-24T18:06:47.915Z</time><extensions><course>35.6</course><speed>27.35</speed></extensions></trkpt>
      <trkpt lat="50.899469" lon="5.754730"><time>2026-09-24T18:06:48.915Z</time><extensions><course>35.6</course><speed>27.41</speed></extensions></trkpt>
      <trkpt lat="50.899670" lon="5.754935"><time>2026-09-24T18:06:49.915Z</time><extensions><course>35.6</course><speed>27.38</speed></extensions></trkpt>
      <trkpt lat="50.899864" lon="5.755183"><time>2026-09-24T18:06:50.915Z</time><extensions><course>34.7</course><speed>27.24</speed></extensions></trkpt>
      <trkpt lat="50.900045" lon="5.755422"><time>2026-09-24T18:06:51.915Z</time><extensions><course>34.7</course><speed>27.39</speed></extensions></trkpt>
      <trkpt lat="50.900269" lon="5.755622"><time>2026-09-24T18:06:52.915Z</time><extensions><course>33.3</course><speed>27.10</speed></extensions></trkpt>
      <trkpt lat="50.900463" lon="5.755845"><time>2026-09-24T18:06:53.915Z</time><extensions><course>32.5</course><speed>26.66</speed></extensions></trkpt>
      <trkpt lat="50.900660" lon="5.756053"><time>2026-09-24T18:06:54.915Z</time><extensions><course>32.5</course><speed>26.58</speed></extensions></trkpt>
      <trkpt lat="50.900871" lon="5.756240"><time>2026-09-24T18:06:55.915Z</time><extensions><course>30.8</course><speed>26.51</speed></extensions></trkpt>
      <trkpt lat="50.901089" lon="5.756413"><time>2026-09-24T18:06:56.915Z</time><extensions><course>26.9</course><speed>26.80</speed></extensions></trkpt>
      <trkpt lat="50.901297" lon="5.756611"><time>2026-09-24T18:06:57.915Z</time><extensions><course>26.4</course><speed>26.99</speed></extensions></trkpt>
      <trkpt lat="50.901529" lon="5.756758"><time>2026-09-24T18:06:58.915Z</time><extensions><course>25.2</course><speed>26.41</speed></extensions></trkpt>
      <trkpt lat="50.901747" lon="5.756887"><time>2026-09-24T18:06:59.915Z</time><extensions><course>25.2</course><speed>26.50</speed></extensions></trkpt>
      <trkpt lat="50.901960" lon="5.757070"><time>2026-09-24T18:07:00.915Z</time><extensions><course>22.4</course><speed>26.55</speed></extensions></trkpt>
      <trkpt lat="50.902199" lon="5.757182"><time>2026-09-24T18:07:01.915Z</time><extensions><course>19.0</course><speed>26.63</speed></extensions></trkpt>
      <trkpt lat="50.902404" lon="5.757340"><time>2026-09-24T18:07:02.915Z</time><extensions><course>19.0</course><speed>26.63</speed></extensions></trkpt>
      <trkpt lat="50.902606" lon="5.757450"><time>2026-09-24T18:07:03.915Z</time><extensions><course>18.1</course><speed>27.21</speed></extensions></trkpt>
      <trkpt lat="50.902862" lon="5.757563"><time>2026-09-24T18:07:04.915Z</time><extensions><course>15.8</course><speed>27.37</speed></extensions></trkpt>
      <trkpt lat="50.903078" lon="5.757674"><time>2026-09-24T18:07:05.915Z</time><extensions><course>15.8</course><speed>27.37</speed></extensions></trkpt>
      <trkpt lat="50.903336" lon="5.757773"><time>2026-09-24T18:07:06.915Z</time><extensions><course>15.8</course><speed>27.66</speed></extensions></trkpt>
      <trkpt lat="50.903562" lon="5.757876"><time>2026-09-24T18:07:07.915Z</time><extensions><course>15.8</course><speed>27.66</speed></extensions></trkpt>
      <trkpt lat="50.903826" lon="5.757981"><time>2026-09-24T18:07:08.915Z</time><extensions><course>15.8</course><speed>27.66</speed></extensions></trkpt>
      <trkpt lat="50.904053" lon="5.758054"><time>2026-09-24T18:07:09.915Z</time><extensions><course>16.4</course><speed>27.66</speed></extensions></trkpt>
      <trkpt lat="50.904274" lon="5.758219"><time>2026-09-24T18:07:10.915Z</time><extensions><course>16.4</course><speed>27.66</speed></extensions></trkpt>
      <trkpt lat="50.904525" lon="5.758308"><time>2026-09-24T18:07:11.915Z</time><extensions><course>16.4</course><speed>27.72</speed></extensions></trkpt>
      <trkpt lat="50.904785" lon="5.758438"><time>2026-09-24T18:07:12.915Z</time><extensions><course>16.4</course><speed>27.72</speed></extensions></trkpt>
      <trkpt lat="50.905019" lon="5.758535"><time>2026-09-24T18:07:13.915Z</time><extensions><course>16.4</course><speed>27.05</speed></extensions></trkpt>
      <trkpt lat="50.905245" lon="5.758636"><time>2026-09-24T18:07:14.915Z</time><extensions><course>16.7</course><speed>27.05</speed></extensions></trkpt>
      <trkpt lat="50.905472" lon="5.758765"><time>2026-09-24T18:07:15.915Z</time><extensions><course>16.7</course><speed>27.06</speed></extensions></trkpt>
      <trkpt lat="50.905714" lon="5.758864"><time>2026-09-24T18:07:16.915Z</time><extensions><course>20.6</course><speed>27.12</speed></extensions></trkpt>
      <trkpt lat="50.905931" lon="5.759012"><time>2026-09-24T18:07:17.915Z</time><extensions><course>20.6</course><speed>26.59</speed></extensions></trkpt>
      <trkpt lat="50.906166" lon="5.759129"><time>2026-09-24T18:07:18.915Z</time><extensions><course>20.5</course><speed>26.86</speed></extensions></trkpt>
      <trkpt lat="50.906384" lon="5.759293"><time>2026-09-24T18:07:19.915Z</time><extensions><course>20.5</course><speed>26.85</speed></extensions></trkpt>
      <trkpt lat="50.906607" lon="5.759419"><time>2026-09-24T18:07:20.915Z</time><extensions><course>23.6</course><speed>26.74</speed></extensions></trkpt>
      <trkpt lat="50.906833" lon="5.759591"><time>2026-09-24T18:07:21.915Z</time><extensions><course>25.9</course><speed>26.74</speed></extensions></trkpt>
      <trkpt lat="50.907060" lon="5.759720"><time>2026-09-24T18:07:22.915Z</time><extensions><course>25.9</course><speed>27.27</speed></extensions></trkpt>
      <trkpt lat="50.907261" lon="5.759924"><time>2026-09-24T18:07:23.915Z</time><extensions><course>26.5</course><speed>27.66</speed></extensions></trkpt>
      <trkpt lat="50.907460" lon="5.760074"><time>2026-09-24T18:07:24.915Z</time><extensions><course>26.5</course><speed>27.78</speed></extensions></trkpt>
      <trkpt lat="50.907709" lon="5.760243"><time>2026-09-24T18:07:25.915Z</time><extensions><course>26.5</course><speed>27.78</speed></extensions></trkpt>
      <trkpt lat="50.907941" lon="5.760444"><time>2026-09-24T18:07:26.915Z</time><extensions><course>26.5</course><speed>27.78</speed></extensions></trkpt>
      <trkpt lat="50.908159" lon="5.760620"><time>2026-09-24T18:07:27.915Z</time><extensions><course>26.5</course><speed>27.63</speed></extensions></trkpt>
      <trkpt lat="50.908382" lon="5.760815"><time>2026-09-24T18:07:28.915Z</time><extensions><course>26.5</course><speed>27.63</speed></extensions></trkpt>
      <trkpt lat="50.908603" lon="5.760976"><time>2026-09-24T18:07:29.915Z</time><extensions><course>26.5</course><speed>27.63</speed></extensions></trkpt>
      <trkpt lat="50.908795" lon="5.761138"><time>2026-09-24T18:07:30.915Z</time><extensions><course>27.3</course><speed>27.63</speed></extensions></trkpt>
      <trkpt lat="50.909051" lon="5.761340"><time>2026-09-24T18:07:31.915Z</time><extensions><course>27.3</course><speed>27.63</speed></extensions></trkpt>
      <trkpt lat="50.909272" lon="5.761482"><time>2026-09-24T18:07:32.915Z</time><extensions><course>27.3</course><speed>27.78</speed></extensions></trkpt>
      <trkpt lat="50.909459" lon="5.761697"><time>2026-09-24T18:07:33.915Z</time><extensions><course>27.3</course><speed>27.78</speed></extensions></trkpt>
      <trkpt lat="50.909689" lon="5.761871"><time>2026-09-24T18:07:34.915Z</time><extensions><course>27.3</course><speed>27.78</speed></extensions></trkpt>
      <trkpt lat="50.909923" lon="5.762057"><time>2026-09-24T18:07:35.915Z</time><extensions><course>27.3</course><speed>27.78</speed></extensions></trkpt>
      <trkpt lat="50.910148" lon="5.762238"><time>2026-09-24T18:07:36.915Z</time><extensions><course>27.3</course><speed>27.78</speed></extensions></trkpt>
      <trkpt lat="50.910371" lon="5.762431"><time>2026-09-24T18:07:37.915Z</time><extensions><course>27.3</course><speed>27.56</speed></extensions></trkpt>
      <trkpt lat="50.910592" lon="5.762605"><time>2026-09-24T18:07:38.915Z</time><extensions><course>27.3</course><speed>27.56</speed></extensions></trkpt>
      <trkpt lat="50.910831" lon="5.762797"><time>2026-09-24T18:07:39.915Z</time><extensions><course>27.3</course><speed>27.14</speed></extensions></trkpt>
      <trkpt lat="50.911011" lon="5.762975"><time>2026-09-24T18:07:40.915Z</time><extensions><course>28.6</course><speed>26.87</speed></extensions></trkpt>
      <trkpt lat="50.911254" lon="5.763118"><time>2026-09-24T18:07:41.915Z</time><extensions><course>28.6</course><speed>26.55</speed></extensions></trkpt>
      <trkpt lat="50.911440" lon="5.763318"><time>2026-09-24T18:07:42.915Z</time><extensions><course>31.0</course><speed>26.76</speed></extensions></trkpt>
      <trkpt lat="50.911647" lon="5.763543"><time>2026-09-24T18:07:43.915Z</time><extensions><course>32.6</course><speed>27.18</speed></extensions></trkpt>
      <trkpt lat="50.911844" lon="5.763731"><time>2026-09-24T18:07:44.915Z</time><extensions><course>34.4</course><speed>27.18</speed></extensions></trkpt>
      <trkpt lat="50.912075" lon="5.763965"><time>2026-09-24T18:07:45.915Z</time><extensions><course>34.4</course><speed>27.48</speed></extensions></trkpt>
      <trkpt lat="50.912271" lon="5.764161"><time>2026-09-24T18:07:46.915Z</time><extensions><course>34.4</course><speed>27.75</speed></extensions></trkpt>
      <trkpt lat="50.912467" lon="5.764416"><time>2026-09-24T18:07:47.915Z</time><extensions><course>34.4</course><speed>27.52</speed></extensions></trkpt>
      <trkpt lat="50.912667" lon="5.764619"><time>2026-09-24T18:07:48.915Z</time><extensions><course>34.3</course><speed>27.52</speed></extensions></trkpt>
      <trkpt lat="50.912880" lon="5.764840"><time>2026-09-24T18:07:49.915Z</time><extensions><course>34.3</course><speed>27.49</speed></extensions></trkpt>
      <trkpt lat="50.913081" lon="5.765050"><time>2026-09-24T18:07:50.915Z</time><extensions><course>35.9</course><speed>27.49</speed></extensions></trkpt>
      <trkpt lat="50.913265" lon="5.765348"><time>2026-09-24T18:07:51.915Z</time><extensions><course>35.9</course><speed>27.51</speed></extensions></trkpt>
      <trkpt lat="50.913473" lon="5.765536"><time>2026-09-24T18:07:52.915Z</time><extensions><course>35.9</course><speed>27.51</speed></extensions></trkpt>
      <trkpt lat="50.913666" lon="5.765742"><time>2026-09-24T18:07:53.915Z</time><extensions><course>35.9</course><speed>27.51</speed></extensions></trkpt>
      <trkpt lat="50.913881" lon="5.766027"><time>2026-09-24T18:07:54.915Z</time><extensions><course>37.5</course><speed>27.51</speed></extensions></trkpt>
      <trkpt lat="50.914053" lon="5.766260"><time>2026-09-24T18:07:55.915Z</time><extensions><course>37.5</course><speed>27.46</speed></extensions></trkpt>
      <trkpt lat="50.914286" lon="5.766466"><time>2026-09-24T18:07:56.915Z</time><extensions><course>37.5</course><speed>27.69</speed></extensions></trkpt>
      <trkpt lat="50.914471" lon="5.766691"><time>2026-09-24T18:07:57.915Z</time><extensions><course>37.5</course><speed>27.69</speed></extensions></trkpt>
      <trkpt lat="50.914671" lon="5.766946"><time>2026-09-24T18:07:58.915Z</time><extensions><course>37.7</course><speed>27.69</speed></extensions></trkpt>
      <trkpt lat="50.914853" lon="5.767222"><time>2026-09-24T18:07:59.915Z</time><extensions><course>38.0</course><speed>27.74</speed></extensions></trkpt>
      <trkpt lat="50.915051" lon="5.767469"><time>2026-09-24T18:08:00.915Z</time><extensions><course>38.0</course><speed>27.78</speed></extensions></trkpt>
      <trkpt lat="50.915248" lon="5.767688"><time>2026-09-24T18:08:01.915Z</time><extensions><course>38.0</course><speed>27.78</speed></extensions></trkpt>
      <trkpt lat="50.915466" lon="5.767949"><time>2026-09-24T18:08:02.915Z</time><extensions><course>38.0</course><speed>27.78</speed></extensions></trkpt>
      <trkpt lat="50.915631" lon="5.768185"><time>2026-09-24T18:08:03.915Z</time><extensions><course>38.0</course><speed>27.76</speed></extensions></trkpt>
      <trkpt lat="50.915840" lon="5.768438"><time>2026-09-24T18:08:04.915Z</time><extensions><course>38.0</course><speed>27.76</speed></extensions></trkpt>
      <trkpt lat="50.916026" lon="5.768654"><time>2026-09-24T18:08:05.915Z</time><extensions><course>38.0</course><speed>27.60</speed></extensions></trkpt>
      <trkpt lat="50.916232" lon="5.768881"><time>2026-09-24T18:08:06.915Z</time><extensions><course>37.9</course><speed>27.60</speed></extensions></trkpt>
      <trkpt lat="50.916414" lon="5.769172"><time>2026-09-24T18:08:07.915Z</time><extensions><course>37.9</course><speed>27.11</speed></extensions></trkpt>
      <trkpt lat="50.916621" lon="5.769411"><time>2026-09-24T18:08:08.915Z</time><extensions><course>37.0</course><speed>27.11</speed></extensions></trkpt>
      <trkpt lat="50.916819" lon="5.769596"><time>2026-09-24T18:08:09.915Z</time><extensions><course>37.0</course><speed>26.98</speed></extensions></trkpt>
      <trkpt lat="50.917021" lon="5.769804"><time>2026-09-24T18:08:10.915Z</time><extensions><course>34.1</course><speed>26.45</speed></extensions></trkpt>
      <trkpt lat="50.917204" lon="5.770046"><time>2026-09-24T18:08:11.915Z</time><extensions><course>32.4</course><speed>26.45</speed></extensions></trkpt>
      <trkpt lat="50.917420" lon="5.770222"><time>2026-09-24T18:08:12.915Z</time><extensions><course>32.4</course><speed>26.73</speed></extensions></trkpt>
      <trkpt lat="50.917613" lon="5.770451"><time>2026-09-24T18:08:13.915Z</time><extensions><course>29.4</course><speed>26.35</speed></extensions></trkpt>
      <trkpt lat="50.917822" lon="5.770626"><time>2026-09-24T18:08:14.915Z</time><extensions><course>29.4</course><speed>26.87</speed></extensions></trkpt>
      <trkpt lat="50.918035" lon="5.770813"><time>2026-09-24T18:08:15.915Z</time><extensions><course>28.0</course><speed>26.56</speed></extensions></trkpt>
      <trkpt lat="50.918239" lon="5.770970"><time>2026-09-24T18:08:16.915Z</time><extensions><course>24.1</course><speed>26.79</speed></extensions></trkpt>
      <trkpt lat="50.918461" lon="5.771138"><time>2026-09-24T18:08:17.915Z</time><extensions><course>24.1</course><speed>26.79</speed></extensions></trkpt>
      <trkpt lat="50.918692" lon="5.771287"><time>2026-09-24T18:08:18.915Z</time><extensions><course>22.3</course><speed>27.32</speed></extensions></trkpt>
      <trkpt lat="50.918906" lon="5.771483"><time>2026-09-24T18:08:19.915Z</time><extensions><course>22.3</course><speed>27.32</speed></extensions></trkpt>
      <trkpt lat="50.919123" lon="5.771574"><time>2026-09-24T18:08:20.915Z</time><extensions><course>22.3</course><speed>27.59</speed></extensions></trkpt>
      <trkpt lat="50.919365" lon="5.771740"><time>2026-09-24T18:08:21.915Z</time><extensions><course>21.5</course><speed>27.62</speed></extensions></trkpt>
      <trkpt lat="50.919576" lon="5.771879"><time>2026-09-24T18:08:22.915Z</time><extensions><course>21.5</course><speed>27.76</speed></extensions></trkpt>
      <trkpt lat="50.919811" lon="5.772046"><time>2026-09-24T18:08:23.915Z</time><extensions><course>21.3</course><speed>27.76</speed></extensions></trkpt>
      <trkpt lat="50.920059" lon="5.772158"><time>2026-09-24T18:08:24.915Z</time><extensions><course>21.4</course><speed>27.75</speed></extensions></trkpt>
      <trkpt lat="50.920291" lon="5.772302"><time>2026-09-24T18:08:25.915Z</time><extensions><course>21.4</course><speed>27.71</speed></extensions></trkpt>
      <trkpt lat="50.920533" lon="5.772455"><time>2026-09-24T18:08:26.915Z</time><extensions><course>21.4</course><speed>27.73</speed></extensions></trkpt>
      <trkpt lat="50.920776" lon="5.772610"><time>2026-09-24T18:08:27.915Z</time><extensions><course>21.7</course><speed>27.73</speed></extensions></trkpt>
      <trkpt lat="50.920986" lon="5.772745"><time>2026-09-24T18:08:28.915Z</time><extensions><course>21.7</course><speed>27.73</speed></extensions></trkpt>
      <trkpt lat="50.921223" lon="5.772896"><time>2026-09-24T18:08:29.915Z</time><extensions><course>21.7</course><speed>27.75</speed></extensions></trkpt>
      <trkpt lat="50.921463" lon="5.773057"><time>2026-09-24T18:08:30.915Z</time><extensions><course>21.7</course><speed>27.75</speed></extensions></trkpt>
      <trkpt lat="50.921698" lon="5.773161"><time>2026-09-24T18:08:31.915Z</time><extensions><course>21.7</course><speed>27.75</speed></extensions></trkpt>
      <trkpt lat="50.921903" lon="5.773340"><time>2026-09-24T18:08:32.915Z</time><extensions><course>21.5</course><speed>27.75</speed></extensions></trkpt>
      <trkpt lat="50.922169" lon="5.773448"><time>2026-09-24T18:08:33.915Z</time><extensions><course>21.5</course><speed>27.75</speed></extensions></trkpt>
      <trkpt lat="50.922365" lon="5.773588"><time>2026-09-24T18:08:34.915Z</time><extensions><course>21.5</course><speed>27.78</speed></extensions></trkpt>
      <trkpt lat="50.922610" lon="5.773768"><time>2026-09-24T18:08:35.915Z</time><extensions><course>21.5</course><speed>27.78</speed></extensions></trkpt>
      <trkpt lat="50.922842" lon="5.773929"><time>2026-09-24T18:08:36.915Z</time><extensions><course>21.5</course><speed>27.78</speed></extensions></trkpt>
      <trkpt lat="50.923077" lon="5.774055"><time>2026-09-24T18:08:37.915Z</time><extensions><course>21.5</course><speed>27.78</speed></extensions></trkpt>
      <trkpt lat="50.923304" lon="5.774203"><time>2026-09-24T18:08:38.915Z</time><extensions><course>21.5</course><speed>27.76</speed></extensions></trkpt>
      <trkpt lat="50.923534" lon="5.774330"><time>2026-09-24T18:08:39.915Z</time><extensions><course>21.5</course><speed>27.76</speed></extensions></trkpt>
      <trkpt lat="50.923797" lon="5.774494"><time>2026-09-24T18:08:40.915Z</time><extensions><course>21.5</course><speed>27.76</speed></extensions></trkpt>
      <trkpt lat="50.924025" lon="5.774632"><time>2026-09-24T18:08:41.915Z</time><extensions><course>21.4</course><speed>27.76</speed></extensions></trkpt>
      <trkpt lat="50.924241" lon="5.774785"><time>2026-09-24T18:08:42.915Z</time><extensions><course>21.4</course><speed>27.76</speed></extensions></trkpt>
      <trkpt lat="50.924458" lon="5.774950"><time>2026-09-24T18:08:43.915Z</time><extensions><course>21.4</course><speed>27.78</speed></extensions></trkpt>
      <trkpt lat="50.924723" lon="5.775043"><time>2026-09-24T18:08:44.915Z</time><extensions><course>21.4</course><speed>27.78</speed></extensions></trkpt>
      <trkpt lat="50.924930" lon="5.775246"><time>2026-09-24T18:08:45.915Z</time><extensions><course>21.4</course><speed>27.68</speed></extensions></trkpt>
      <trkpt lat="50.925182" lon="5.775382"><time>2026-09-24T18:08:46.915Z</time><extensions><course>21.4</course><speed>27.68</speed></extensions></trkpt>
      <trkpt lat="50.925404" lon="5.775487"><time>2026-09-24T18:08:47.915Z</time><extensions><course>21.4</course><speed>27.70</speed></extensions></trkpt>
      <trkpt lat="50.925626" lon="5.775657"><time>2026-09-24T18:08:48.915Z</time><extensions><course>22.0</course><speed>27.70</speed></extensions></trkpt>
      <trkpt lat="50.925854" lon="5.775818"><time>2026-09-24T18:08:49.915Z</time><extensions><course>22.0</course><speed>27.70</speed></extensions></trkpt>
      <trkpt lat="50.926075" lon="5.775950"><time>2026-09-24T18:08:50.915Z</time><extensions><course>21.9</course><speed>27.76</speed></extensions></trkpt>
      <trkpt lat="50.926321" lon="5.776085"><time>2026-09-24T18:08:51.915Z</time><extensions><course>21.9</course><speed>27.78</speed></extensions></trkpt>
      <trkpt lat="50.926561" lon="5.776195"><time>2026-09-24T18:08:52.915Z</time><extensions><course>21.9</course><speed>27.67</speed></extensions></trkpt>
      <trkpt lat="50.926760" lon="5.776375"><time>2026-09-24T18:08:53.915Z</time><extensions><course>21.9</course><speed>27.67</speed></extensions></trkpt>
      <trkpt lat="50.927016" lon="5.776522"><time>2026-09-24T18:08:54.915Z</time><extensions><course>21.9</course><speed>27.43</speed></extensions></trkpt>
      <trkpt lat="50.927224" lon="5.776659"><time>2026-09-24T18:08:55.915Z</time><extensions><course>22.5</course><speed>27.43</speed></extensions></trkpt>
      <trkpt lat="50.927468" lon="5.776837"><time>2026-09-24T18:08:56.915Z</time><extensions><course>22.5</course><speed>27.43</speed></extensions></trkpt>
      <trkpt lat="50.927694" lon="5.776978"><time>2026-09-24T18:08:57.915Z</time><extensions><course>23.9</course><speed>27.02</speed></extensions></trkpt>
      <trkpt lat="50.927921" lon="5.777136"><time>2026-09-24T18:08:58.915Z</time><extensions><course>23.9</course><speed>27.02</speed></extensions></trkpt>
      <trkpt lat="50.928157" lon="5.777289"><time>2026-09-24T18:08:59.915Z</time><extensions><course>23.9</course><speed>27.15</speed></extensions></trkpt>
      <trkpt lat="50.928343" lon="5.777439"><time>2026-09-24T18:09:00.915Z</time><extensions><course>26.9</course><speed>26.87</speed></extensions></trkpt>
      <trkpt lat="50.928593" lon="5.777599"><time>2026-09-24T18:09:01.915Z</time><extensions><course>26.9</course><speed>26.87</speed></extensions></trkpt>
      <trkpt lat="50.928793" lon="5.777800"><time>2026-09-24T18:09:02.915Z</time><extensions><course>27.5</course><speed>27.39</speed></extensions></trkpt>
      <trkpt lat="50.929027" lon="5.777975"><time>2026-09-24T18:09:03.915Z</time><extensions><course>29.1</course><speed>27.28</speed></extensions></trkpt>
      <trkpt lat="50.929219" lon="5.778145"><time>2026-09-24T18:09:04.915Z</time><extensions><course>29.1</course><speed>27.18</speed></extensions></trkpt>
      <trkpt lat="50.929427" lon="5.778346"><time>2026-09-24T18:09:05.915Z</time><extensions><course>29.1</course><speed>27.46</speed></extensions></trkpt>
      <trkpt lat="50.929660" lon="5.778519"><time>2026-09-24T18:09:06.915Z</time><extensions><course>30.4</course><speed>27.46</speed></extensions></trkpt>
      <trkpt lat="50.929878" lon="5.778744"><time>2026-09-24T18:09:07.915Z</time><extensions><course>31.0</course><speed>27.67</speed></extensions></trkpt>
      <trkpt lat="50.930079" lon="5.778964"><time>2026-09-24T18:09:08.915Z</time><extensions><course>31.0</course><speed>27.78</speed></extensions></trkpt>
      <trkpt lat="50.930293" lon="5.779166"><time>2026-09-24T18:09:09.915Z</time><extensions><course>31.0</course><speed>27.78</speed></extensions></trkpt>
      <trkpt lat="50.930522" lon="5.779383"><time>2026-09-24T18:09:10.915Z</time><extensions><course>31.0</course><speed>27.78</speed></extensions></trkpt>
      <trkpt lat="50.930733" lon="5.779594"><time>2026-09-24T18:09:11.915Z</time><extensions><course>31.0</course><speed>27.78</speed></extensions></trkpt>
      <trkpt lat="50.930933" lon="5.779773"><time>2026-09-24T18:09:12.915Z</time><extensions><course>31.0</course><speed>27.78</speed></extensions></trkpt>
      <trkpt lat="50.931140" lon="5.779991"><time>2026-09-24T18:09:13.915Z</time><extensions><course>31.0</course><speed>27.78</speed></extensions></trkpt>
      <trkpt lat="50.931376" lon="5.780208"><time>2026-09-24T18:09:14.915Z</time><extensions><course>31.0</course><speed>27.78</speed></extensions></trkpt>
      <trkpt lat="50.931587" lon="5.780406"><time>2026-09-24T18:09:15.915Z</time><extensions><course>31.0</course><speed>27.78</speed></extensions></trkpt>
      <trkpt lat="50.931783" lon="5.780595"><time>2026-09-24T18:09:16.915Z</time><extensions><course>31.0</course><speed>27.76</speed></extensions></trkpt>
      <trkpt lat="50.931992" lon="5.780798"><time>2026-09-24T18:09:17.915Z</time><extensions><course>31.0</course><speed>27.76</speed></extensions></trkpt>
      <trkpt lat="50.932223" lon="5.780976"><time>2026-09-24T18:09:18.915Z</time><extensions><course>31.0</course><speed>27.75</speed></extensions></trkpt>
      <trkpt lat="50.932430" lon="5.781205"><time>2026-09-24T18:09:19.915Z</time><extensions><course>30.9</course><speed>27.75</speed></extensions></trkpt>
      <trkpt lat="50.932650" lon="5.781399"><time>2026-09-24T18:09:20.915Z</time><extensions><course>30.9</course><speed>27.75</speed></extensions></trkpt>
      <trkpt lat="50.932872" lon="5.781620"><time>2026-09-24T18:09:21.915Z</time><extensions><course>31.1</course><speed>27.74</speed></extensions></trkpt>
      <trkpt lat="50.933071" lon="5.781811"><time>2026-09-24T18:09:22.915Z</time><extensions><course>31.1</course><speed>27.78</speed></extensions></trkpt>
      <trkpt lat="50.933281" lon="5.782035"><time>2026-09-24T18:09:23.915Z</time><extensions><course>31.1</course><speed>27.78</speed></extensions></trkpt>
      <trkpt lat="50.933497" lon="5.782223"><time>2026-09-24T18:09:24.915Z</time><extensions><course>31.1</course><speed>27.58</speed></extensions></trkpt>
      <trkpt lat="50.933724" lon="5.782414"><time>2026-09-24T18:09:25.915Z</time><extensions><course>31.1</course><speed>27.58</speed></extensions></trkpt>
      <trkpt lat="50.933909" lon="5.782629"><time>2026-09-24T18:09:26.915Z</time><extensions><course>31.1</course><speed>27.58</speed></extensions></trkpt>
      <trkpt lat="50.934133" lon="5.782832"><time>2026-09-24T18:09:27.915Z</time><extensions><course>30.0</course><speed>27.58</speed></extensions></trkpt>
      <trkpt lat="50.934341" lon="5.783019"><time>2026-09-24T18:09:28.915Z</time><extensions><course>30.0</course><speed>27.16</speed></extensions></trkpt>
      <trkpt lat="50.934549" lon="5.783225"><time>2026-09-24T18:09:29.915Z</time><extensions><course>30.0</course><speed>27.36</speed></extensions></trkpt>
      <trkpt lat="50.934762" lon="5.783450"><time>2026-09-24T18:09:30.915Z</time><extensions><course>30.0</course><speed>27.36</speed></extensions></trkpt>
      <trkpt lat="50.934989" lon="5.783607"><time>2026-09-24T18:09:31.915Z</time><extensions><course>27.6</course><speed>27.36</speed></extensions></trkpt>
      <trkpt lat="50.935190" lon="5.783752"><time>2026-09-24T18:09:32.915Z</time><extensions><course>27.6</course><speed>27.51</speed></extensions></trkpt>
      <trkpt lat="50.935442" lon="5.783996"><time>2026-09-24T18:09:33.915Z</time><extensions><course>27.6</course><speed>27.51</speed></extensions></trkpt>
      <trkpt lat="50.935644" lon="5.784148"><time>2026-09-24T18:09:34.915Z</time><extensions><course>27.6</course><speed>27.51</speed></extensions></trkpt>
      <trkpt lat="50.935885" lon="5.784320"><time>2026-09-24T18:09:35.915Z</time><extensions><course>26.0</course><speed>27.15</speed></extensions></trkpt>
      <trkpt lat="50.936059" lon="5.784481"><time>2026-09-24T18:09:36.915Z</time><extensions><course>26.0</course><speed>27.42</speed></extensions></trkpt>
      <trkpt lat="50.936314" lon="5.784655"><time>2026-09-24T18:09:37.915Z</time><extensions><course>26.0</course><speed>27.42</speed></extensions></trkpt>
      <trkpt lat="50.936525" lon="5.784853"><time>2026-09-24T18:09:38.915Z</time><extensions><course>23.9</course><speed>27.42</speed></extensions></trkpt>
      <trkpt lat="50.936774" lon="5.784975"><time>2026-09-24T18:09:39.915Z</time><extensions><course>23.9</course><speed>27.09</speed></extensions></trkpt>
      <trkpt lat="50.936954" lon="5.785129"><time>2026-09-24T18:09:40.915Z</time><extensions><course>23.9</course><speed>27.67</speed></extensions></trkpt>
      <trkpt lat="50.937196" lon="5.785325"><time>2026-09-24T18:09:41.915Z</time><extensions><course>23.9</course><speed>27.33</speed></extensions></trkpt>
      <trkpt lat="50.937413" lon="5.785440"><time>2026-09-24T18:09:42.915Z</time><extensions><course>22.0</course><speed>27.22</speed></extensions></trkpt>
      <trkpt lat="50.937668" lon="5.785639"><time>2026-09-24T18:09:43.915Z</time><extensions><course>23.3</course><speed>27.22</speed></extensions></trkpt>
      <trkpt lat="50.937899" lon="5.785726"><time>2026-09-24T18:09:44.915Z</time><extensions><course>21.4</course><speed>27.38</speed></extensions></trkpt>
      <trkpt lat="50.938097" lon="5.785904"><time>2026-09-24T18:09:45.915Z</time><extensions><course>20.7</course><speed>27.49</speed></extensions></trkpt>
      <trkpt lat="50.938353" lon="5.785989"><time>2026-09-24T18:09:46.915Z</time><extensions><course>20.7</course><speed>27.49</speed></extensions></trkpt>
      <trkpt lat="50.938583" lon="5.786136"><time>2026-09-24T18:09:47.915Z</time><extensions><course>19.7</course><speed>27.27</speed></extensions></trkpt>
      <trkpt lat="50.938803" lon="5.786301"><time>2026-09-24T18:09:48.915Z</time><extensions><course>19.7</course><speed>27.44</speed></extensions></trkpt>
      <trkpt lat="50.939039" lon="5.786427"><time>2026-09-24T18:09:49.915Z</time><extensions><course>19.7</course><speed>27.44</speed></extensions></trkpt>
      <trkpt lat="50.939278" lon="5.786556"><time>2026-09-24T18:09:50.915Z</time><extensions><course>17.8</course><speed>27.32</speed></extensions></trkpt>
      <trkpt lat="50.939505" lon="5.786674"><time>2026-09-24T18:09:51.915Z</time><extensions><course>17.8</course><speed>27.32</speed></extensions></trkpt>
      <trkpt lat="50.939714" lon="5.786775"><time>2026-09-24T18:09:52.915Z</time><extensions><course>17.8</course><speed>27.42</speed></extensions></trkpt>
      <trkpt lat="50.939972" lon="5.786901"><time>2026-09-24T18:09:53.915Z</time><extensions><course>17.1</course><speed>27.42</speed></extensions></trkpt>
      <trkpt lat="50.940224" lon="5.787039"><time>2026-09-24T18:09:54.915Z</time><extensions><course>17.1</course><speed>27.27</speed></extensions></trkpt>
      <trkpt lat="50.940449" lon="5.787132"><time>2026-09-24T18:09:55.915Z</time><extensions><course>15.7</course><speed>27.27</speed></extensions></trkpt>
      <trkpt lat="50.940692" lon="5.787225"><time>2026-09-24T18:09:56.915Z</time><extensions><course>15.7</course><speed>27.51</speed></extensions></trkpt>
      <trkpt lat="50.940920" lon="5.787326"><time>2026-09-24T18:09:57.915Z</time><extensions><course>14.2</course><speed>27.51</speed></extensions></trkpt>
      <trkpt lat="50.941155" lon="5.787425"><time>2026-09-24T18:09:58.915Z</time><extensions><course>14.2</course><speed>27.56</speed></extensions></trkpt>
      <trkpt lat="50.941414" lon="5.787496"><time>2026-09-24T18:09:59.915Z</time><extensions><course>14.2</course><speed>27.56</speed></extensions></trkpt>
      <trkpt lat="50.941647" lon="5.787647"><time>2026-09-24T18:10:00.915Z</time><extensions><course>12.9</course><speed>27.27</speed></extensions></trkpt>
      <trkpt lat="50.941875" lon="5.787703"><time>2026-09-24T18:10:01.915Z</time><extensions><course>12.9</course><speed>27.27</speed></extensions></trkpt>
      <trkpt lat="50.942110" lon="5.787776"><time>2026-09-24T18:10:02.915Z</time><extensions><course>12.9</course><speed>27.31</speed></extensions></trkpt>
      <trkpt lat="50.942343" lon="5.787911"><time>2026-09-24T18:10:03.915Z</time><extensions><course>11.2</course><speed>27.31</speed></extensions></trkpt>
      <trkpt lat="50.942580" lon="5.787948"><time>2026-09-24T18:10:04.915Z</time><extensions><course>11.2</course><speed>27.60</speed></extensions></trkpt>
      <trkpt lat="50.942835" lon="5.788030"><time>2026-09-24T18:10:05.915Z</time><extensions><course>10.2</course><speed>27.60</speed></extensions></trkpt>
      <trkpt lat="50.943084" lon="5.788092"><time>2026-09-24T18:10:06.915Z</time><extensions><course>10.2</course><speed>27.60</speed></extensions></trkpt>
      <trkpt lat="50.943332" lon="5.788131"><time>2026-09-24T18:10:07.915Z</time><extensions><course>10.2</course><speed>27.33</speed></extensions></trkpt>
      <trkpt lat="50.943560" lon="5.788256"><time>2026-09-24T18:10:08.915Z</time><extensions><course>10.2</course><speed>27.33</speed></extensions></trkpt>
      <trkpt lat="50.943815" lon="5.788255"><time>2026-09-24T18:10:09.915Z</time><extensions><course>7.7</course><speed>27.22</speed></extensions></trkpt>
      <trkpt lat="50.944059" lon="5.788345"><time>2026-09-24T18:10:10.915Z</time><extensions><course>7.7</course><speed>27.40</speed></extensions></trkpt>
      <trkpt lat="50.944320" lon="5.788386"><time>2026-09-24T18:10:11.915Z</time><extensions><course>7.7</course><speed>27.53</speed></extensions></trkpt>
      <trkpt lat="50.944562" lon="5.788446"><time>2026-09-24T18:10:12.915Z</time><extensions><course>7.0</course><speed>27.53</speed></extensions></trkpt>
      <trkpt lat="50.944810" lon="5.788478"><time>2026-09-24T18:10:13.915Z</time><extensions><course>7.0</course><speed>27.48</speed></extensions></trkpt>
      <trkpt lat="50.945034" lon="5.788525"><time>2026-09-24T18:10:14.915Z</time><extensions><course>6.2</course><speed>27.48</speed></extensions></trkpt>
      <trkpt lat="50.945279" lon="5.788588"><time>2026-09-24T18:10:15.915Z</time><extensions><course>6.2</course><speed>27.29</speed></extensions></trkpt>
      <trkpt lat="50.945545" lon="5.788627"><time>2026-09-24T18:10:16.915Z</time><extensions><course>5.3</course><speed>27.26</speed></extensions></trkpt>
      <trkpt lat="50.945757" lon="5.788640"><time>2026-09-24T18:10:17.915Z</time><extensions><course>3.4</course><speed>27.42</speed></extensions></trkpt>
      <trkpt lat="50.946015" lon="5.788677"><time>2026-09-24T18:10:18.915Z</time><extensions><course>3.4</course><speed>27.27</speed></extensions></trkpt>
      <trkpt lat="50.946258" lon="5.788690"><time>2026-09-24T18:10:19.915Z</time><extensions><course>3.3</course><speed>27.60</speed></extensions></trkpt>
      <trkpt lat="50.946506" lon="5.788714"><time>2026-09-24T18:10:20.915Z</time><extensions><course>3.3</course><speed>27.26</speed></extensions></trkpt>
      <trkpt lat="50.946747" lon="5.788733"><time>2026-09-24T18:10:21.915Z</time><extensions><course>2.4</course><speed>27.26</speed></extensions></trkpt>
      <trkpt lat="50.946984" lon="5.788775"><time>2026-09-24T18:10:22.915Z</time><extensions><course>2.4</course><speed>27.32</speed></extensions></trkpt>
      <trkpt lat="50.947218" lon="5.788744"><time>2026-09-24T18:10:23.915Z</time><extensions><course>0.3</course><speed>27.02</speed></extensions></trkpt>
      <trkpt lat="50.947492" lon="5.788744"><time>2026-09-24T18:10:24.915Z</time><extensions><course>0.3</course><speed>27.39</speed></extensions></trkpt>
      <trkpt lat="50.947734" lon="5.788776"><time>2026-09-24T18:10:25.915Z</time><extensions><course>359.7</course><speed>27.24</speed></extensions></trkpt>
      <trkpt lat="50.947971" lon="5.788738"><time>2026-09-24T18:10:26.915Z</time><extensions><course>358.0</course><speed>27.06</speed></extensions></trkpt>
      <trkpt lat="50.948211" lon="5.788741"><time>2026-09-24T18:10:27.915Z</time><extensions><course>358.0</course><speed>27.36</speed></extensions></trkpt>
      <trkpt lat="50.948459" lon="5.788705"><time>2026-09-24T18:10:28.915Z</time><extensions><course>357.1</course><speed>27.10</speed></extensions></trkpt>
      <trkpt lat="50.948707" lon="5.788706"><time>2026-09-24T18:10:29.915Z</time><extensions><course>355.6</course><speed>27.25</speed></extensions></trkpt>
      <trkpt lat="50.948965" lon="5.788698"><time>2026-09-24T18:10:30.915Z</time><extensions><course>355.6</course><speed>27.25</speed></extensions></trkpt>
      <trkpt lat="50.949191" lon="5.788626"><time>2026-09-24T18:10:31.915Z</time><extensions><course>354.1</course><speed>27.24</speed></extensions></trkpt>
      <trkpt lat="50.949421" lon="5.788582"><time>2026-09-24T18:10:32.915Z</time><extensions><course>354.1</course><speed>27.50</speed></extensions></trkpt>
      <trkpt lat="50.949692" lon="5.788588"><time>2026-09-24T18:10:33.915Z</time><extensions><course>354.1</course><speed>27.12</speed></extensions></trkpt>
      <trkpt lat="50.949913" lon="5.788523"><time>2026-09-24T18:10:34.915Z</time><extensions><course>352.5</course><speed>27.13</speed></extensions></trkpt>
      <trkpt lat="50.950155" lon="5.788420"><time>2026-09-24T18:10:35.915Z</time><extensions><course>352.5</course><speed>27.10</speed></extensions></trkpt>
      <trkpt lat="50.950406" lon="5.788402"><time>2026-09-24T18:10:36.915Z</time><extensions><course>350.3</course><speed>27.10</speed></extensions></trkpt>
      <trkpt lat="50.950657" lon="5.788343"><time>2026-09-24T18:10:37.915Z</time><extensions><course>350.3</course><speed>26.81</speed></extensions></trkpt>
      <trkpt lat="50.950861" lon="5.788267"><time>2026-09-24T18:10:38.915Z</time><extensions><course>348.6</course><speed>27.19</speed></extensions></trkpt>
      <trkpt lat="50.951139" lon="5.788203"><time>2026-09-24T18:10:39.915Z</time><extensions><course>348.6</course><speed>27.00</speed></extensions></trkpt>
      <trkpt lat="50.951355" lon="5.788084"><time>2026-09-24T18:10:40.915Z</time><extensions><course>346.9</course><speed>27.30</speed></extensions></trkpt>
      <trkpt lat="50.951600" lon="5.788021"><time>2026-09-24T18:10:41.915Z</time><extensions><course>346.9</course><speed>27.59</speed></extensions></trkpt>
      <trkpt lat="50.951837" lon="5.787944"><time>2026-09-24T18:10:42.915Z</time><extensions><course>345.9</course><speed>27.59</speed></extensions></trkpt>
      <trkpt lat="50.952098" lon="5.787842"><time>2026-09-24T18:10:43.915Z</time><extensions><course>345.9</course><speed>27.73</speed></extensions></trkpt>
      <trkpt lat="50.952308" lon="5.787740"><time>2026-09-24T18:10:44.915Z</time><extensions><course>345.9</course><speed>27.73</speed></extensions></trkpt>
      <trkpt lat="50.952550" lon="5.787656"><time>2026-09-24T18:10:45.915Z</time><extensions><course>345.9</course><speed>27.76</speed></extensions></trkpt>
      <trkpt lat="50.952824" lon="5.787517"><time>2026-09-24T18:10:46.915Z</time><extensions><course>345.6</course><speed>27.76</speed></extensions></trkpt>
      <trkpt lat="50.953050" lon="5.787464"><time>2026-09-24T18:10:47.915Z</time><extensions><course>345.6</course><speed>27.76</speed></extensions></trkpt>
      <trkpt lat="50.953290" lon="5.787342"><time>2026-09-24T18:10:48.915Z</time><extensions><course>345.8</course><speed>27.48</speed></extensions></trkpt>
      <trkpt lat="50.953518" lon="5.787277"><time>2026-09-24T18:10:49.915Z</time><extensions><course>345.8</course><speed>27.48</speed></extensions></trkpt>
      <trkpt lat="50.953763" lon="5.787139"><time>2026-09-24T18:10:50.915Z</time><extensions><course>345.8</course><speed>27.22</speed></extensions></trkpt>
      <trkpt lat="50.954013" lon="5.787050"><time>2026-09-24T18:10:51.915Z</time><extensions><course>347.3</course><speed>27.22</speed></extensions></trkpt>
      <trkpt lat="50.954256" lon="5.786998"><time>2026-09-24T18:10:52.915Z</time><extensions><course>349.0</course><speed>27.49</speed></extensions></trkpt>
      <trkpt lat="50.954501" lon="5.786877"><time>2026-09-24T18:10:53.915Z</time><extensions><course>349.0</course><speed>27.02</speed></extensions></trkpt>
      <trkpt lat="50.954722" lon="5.786819"><time>2026-09-24T18:10:54.915Z</time><extensions><course>349.0</course><speed>27.22</speed></extensions></trkpt>
      <trkpt lat="50.954981" lon="5.786742"><time>2026-09-24T18:10:55.915Z</time><extensions><course>349.0</course><speed>27.22</speed></extensions></trkpt>
      <trkpt lat="50.955200" lon="5.786733"><time>2026-09-24T18:10:56.915Z</time><extensions><course>351.7</course><speed>27.21</speed></extensions></trkpt>
      <trkpt lat="50.955455" lon="5.786629"><time>2026-09-24T18:10:57.915Z</time><extensions><course>352.3</course><speed>26.98</speed></extensions></trkpt>
      <trkpt lat="50.955686" lon="5.786586"><time>2026-09-24T18:10:58.915Z</time><extensions><course>352.3</course><speed>27.21</speed></extensions></trkpt>
      <trkpt lat="50.955929" lon="5.786545"><time>2026-09-24T18:10:59.915Z</time><extensions><course>352.3</course><speed>27.30</speed></extensions></trkpt>
      <trkpt lat="50.956163" lon="5.786503"><time>2026-09-24T18:11:00.915Z</time><extensions><course>354.1</course><speed>26.98</speed></extensions></trkpt>
      <trkpt lat="50.956414" lon="5.786471"><time>2026-09-24T18:11:01.915Z</time><extensions><course>354.9</course><speed>27.30</speed></extensions></trkpt>
      <trkpt lat="50.956670" lon="5.786456"><time>2026-09-24T18:11:02.915Z</time><extensions><course>355.0</course><speed>27.20</speed></extensions></trkpt>
      <trkpt lat="50.956901" lon="5.786388"><time>2026-09-24T18:11:03.915Z</time><extensions><course>356.9</course><speed>26.86</speed></extensions></trkpt>
      <trkpt lat="50.957151" lon="5.786419"><time>2026-09-24T18:11:04.915Z</time><extensions><course>356.9</course><speed>27.29</speed></extensions></trkpt>
      <trkpt lat="50.957390" lon="5.786374"><time>2026-09-24T18:11:05.915Z</time><extensions><course>358.3</course><speed>27.13</speed></extensions></trkpt>
      <trkpt lat="50.957636" lon="5.786352"><time>2026-09-24T18:11:06.915Z</time><extensions><course>0.2</course><speed>27.16</speed></extensions></trkpt>
      <trkpt lat="50.957877" lon="5.786411"><time>2026-09-24T18:11:07.915Z</time><extensions><course>359.7</course><speed>27.35</speed></extensions></trkpt>
      <trkpt lat="50.958148" lon="5.786366"><time>2026-09-24T18:11:08.915Z</time><extensions><course>0.6</course><speed>27.26</speed></extensions></trkpt>
      <trkpt lat="50.958354" lon="5.786376"><time>2026-09-24T18:11:09.915Z</time><extensions><course>1.8</course><speed>27.27</speed></extensions></trkpt>
      <trkpt lat="50.958637" lon="5.786386"><time>2026-09-24T18:11:10.915Z</time><extensions><course>2.7</course><speed>27.29</speed></extensions></trkpt>
      <trkpt lat="50.958859" lon="5.786402"><time>2026-09-24T18:11:11.915Z</time><extensions><course>2.7</course><speed>27.29</speed></extensions></trkpt>
      <trkpt lat="50.959085" lon="5.786464"><time>2026-09-24T18:11:12.915Z</time><extensions><course>3.5</course><speed>27.45</speed></extensions></trkpt>
      <trkpt lat="50.959344" lon="5.786458"><time>2026-09-24T18:11:13.915Z</time><extensions><course>4.6</course><speed>27.45</speed></extensions></trkpt>
      <trkpt lat="50.959594" lon="5.786489"><time>2026-09-24T18:11:14.915Z</time><extensions><course>4.6</course><speed>27.60</speed></extensions></trkpt>
      <trkpt lat="50.959835" lon="5.786547"><time>2026-09-24T18:11:15.915Z</time><extensions><course>4.6</course><speed>27.78</speed></extensions></trkpt>
      <trkpt lat="50.960111" lon="5.786563"><time>2026-09-24T18:11:16.915Z</time><extensions><course>4.6</course><speed>27.78</speed></extensions></trkpt>
      <trkpt lat="50.960351" lon="5.786593"><time>2026-09-24T18:11:17.915Z</time><extensions><course>4.6</course><speed>27.77</speed></extensions></trkpt>
      <trkpt lat="50.960596" lon="5.786618"><time>2026-09-24T18:11:18.915Z</time><extensions><course>4.6</course><speed>27.77</speed></extensions></trkpt>
      <trkpt lat="50.960837" lon="5.786650"><time>2026-09-24T18:11:19.915Z</time><extensions><course>4.6</course><speed>27.77</speed></extensions></trkpt>
      <trkpt lat="50.961087" lon="5.786671"><time>2026-09-24T18:11:20.915Z</time><extensions><course>4.6</course><speed>27.77</speed></extensions></trkpt>
      <trkpt lat="50.961325" lon="5.786710"><time>2026-09-24T18:11:21.915Z</time><extensions><course>4.6</course><speed>27.78</speed></extensions></trkpt>
      <trkpt lat="50.961603" lon="5.786764"><time>2026-09-24T18:11:22.915Z</time><extensions><course>4.6</course><speed>27.78</speed></extensions></trkpt>
      <trkpt lat="50.961840" lon="5.786764"><time>2026-09-24T18:11:23.915Z</time><extensions><course>4.6</course><speed>27.78</speed></extensions></trkpt>
      <trkpt lat="50.962081" lon="5.786835"><time>2026-09-24T18:11:24.915Z</time><extensions><course>4.6</course><speed>27.78</speed></extensions></trkpt>
      <trkpt lat="50.962317" lon="5.786810"><time>2026-09-24T18:11:25.915Z</time><extensions><course>4.6</course><speed>27.78</speed></extensions></trkpt>
      <trkpt lat="50.962559" lon="5.786891"><time>2026-09-24T18:11:26.915Z</time><extensions><course>4.6</course><speed>27.78</speed></extensions></trkpt>
      <trkpt lat="50.962810" lon="5.786931"><time>2026-09-24T18:11:27.915Z</time><extensions><course>4.6</course><speed>27.70</speed></extensions></trkpt>
      <trkpt lat="50.963091" lon="5.786960"><time>2026-09-24T18:11:28.915Z</time><extensions><course>4.6</course><speed>27.70</speed></extensions></trkpt>
      <trkpt lat="50.963321" lon="5.786961"><time>2026-09-24T18:11:29.915Z</time><extensions><course>4.2</course><speed>27.76</speed></extensions></trkpt>
      <trkpt lat="50.963586" lon="5.787006"><time>2026-09-24T18:11:30.915Z</time><extensions><course>4.2</course><speed>27.76</speed></extensions></trkpt>
      <trkpt lat="50.963822" lon="5.787037"><time>2026-09-24T18:11:31.915Z</time><extensions><course>4.2</course><speed>27.72</speed></extensions></trkpt>
      <trkpt lat="50.964078" lon="5.787054"><time>2026-09-24T18:11:32.915Z</time><extensions><course>4.5</course><speed>27.72</speed></extensions></trkpt>
      <trkpt lat="50.964311" lon="5.787082"><time>2026-09-24T18:11:33.915Z</time><extensions><course>4.5</course><speed>27.78</speed></extensions></trkpt>
      <trkpt lat="50.964585" lon="5.787138"><time>2026-09-24T18:11:34.915Z</time><extensions><course>4.5</course><speed>27.78</speed></extensions></trkpt>
      <trkpt lat="50.964805" lon="5.787159"><time>2026-09-24T18:11:35.915Z</time><extensions><course>4.5</course><speed>27.78</speed></extensions></trkpt>
      <trkpt lat="50.965049" lon="5.787186"><time>2026-09-24T18:11:36.915Z</time><extensions><course>4.5</course><speed>27.78</speed></extensions></trkpt>
      <trkpt lat="50.965292" lon="5.787221"><time>2026-09-24T18:11:37.915Z</time><extensions><course>4.5</course><speed>27.78</speed></extensions></trkpt>
      <trkpt lat="50.965548" lon="5.787239"><time>2026-09-24T18:11:38.915Z</time><extensions><course>4.5</course><speed>27.78</speed></extensions></trkpt>
      <trkpt lat="50.965805" lon="5.787283"><time>2026-09-24T18:11:39.915Z</time><extensions><course>4.5</course><speed>27.78</speed></extensions></trkpt>
      <trkpt lat="50.966042" lon="5.787327"><time>2026-09-24T18:11:40.915Z</time><extensions><course>4.5</course><speed>27.78</speed></extensions></trkpt>
      <trkpt lat="50.966305" lon="5.787331"><time>2026-09-24T18:11:41.915Z</time><extensions><course>4.5</course><speed>27.78</speed></extensions></trkpt>
      <trkpt lat="50.966538" lon="5.787361"><time>2026-09-24T18:11:42.915Z</time><extensions><course>4.5</course><speed>27.75</speed></extensions></trkpt>
      <trkpt lat="50.966812" lon="5.787411"><time>2026-09-24T18:11:43.915Z</time><extensions><course>4.5</course><speed>27.75</speed></extensions></trkpt>
      <trkpt lat="50.967046" lon="5.787446"><time>2026-09-24T18:11:44.915Z</time><extensions><course>4.5</course><speed>27.76</speed></extensions></trkpt>
      <trkpt lat="50.967297" lon="5.787458"><time>2026-09-24T18:11:45.915Z</time><extensions><course>4.7</course><speed>27.76</speed></extensions></trkpt>
      <trkpt lat="50.967555" lon="5.787494"><time>2026-09-24T18:11:46.915Z</time><extensions><course>4.7</course><speed>27.77</speed></extensions></trkpt>
      <trkpt lat="50.967796" lon="5.787509"><time>2026-09-24T18:11:47.915Z</time><extensions><course>4.7</course><speed>27.77</speed></extensions></trkpt>
      <trkpt lat="50.968048" lon="5.787567"><time>2026-09-24T18:11:48.915Z</time><extensions><course>4.7</course><speed>27.77</speed></extensions></trkpt>
      <trkpt lat="50.968291" lon="5.787593"><time>2026-09-24T18:11:49.915Z</time><extensions><course>4.7</course><speed>27.78</speed></extensions></trkpt>
      <trkpt lat="50.968551" lon="5.787618"><time>2026-09-24T18:11:50.915Z</time><extensions><course>4.7</course><speed>27.72</speed></extensions></trkpt>
      <trkpt lat="50.968773" lon="5.787633"><time>2026-09-24T18:11:51.915Z</time><extensions><course>4.7</course><speed>27.72</speed></extensions></trkpt>
      <trkpt lat="50.969038" lon="5.787699"><time>2026-09-24T18:11:52.915Z</time><extensions><course>4.7</course><speed>27.72</speed></extensions></trkpt>
      <trkpt lat="50.969289" lon="5.787740"><time>2026-09-24T18:11:53.915Z</time><extensions><course>4.3</course><speed>27.42</speed></extensions></trkpt>
      <trkpt lat="50.969522" lon="5.787744"><time>2026-09-24T18:11:54.915Z</time><extensions><course>4.3</course><speed>27.48</speed></extensions></trkpt>
      <trkpt lat="50.969782" lon="5.787753"><time>2026-09-24T18:11:55.915Z</time><extensions><course>4.3</course><speed>27.48</speed></extensions></trkpt>
      <trkpt lat="50.970036" lon="5.787814"><time>2026-09-24T18:11:56.915Z</time><extensions><course>2.6</course><speed>27.16</speed></extensions></trkpt>
      <trkpt lat="50.970252" lon="5.787810"><time>2026-09-24T18:11:57.915Z</time><extensions><course>2.6</course><speed>27.18</speed></extensions></trkpt>
      <trkpt lat="50.970516" lon="5.787835"><time>2026-09-24T18:11:58.915Z</time><extensions><course>2.6</course><speed>27.18</speed></extensions></trkpt>
      <trkpt lat="50.970772" lon="5.787845"><time>2026-09-24T18:11:59.915Z</time><extensions><course>0.7</course><speed>26.91</speed></extensions></trkpt>
      <trkpt lat="50.970984" lon="5.787835"><time>2026-09-24T18:12:00.915Z</time><extensions><course>359.2</course><speed>27.18</speed></extensions></trkpt>
      <trkpt lat="50.971240" lon="5.787857"><time>2026-09-24T18:12:01.915Z</time><extensions><course>359.2</course><speed>27.38</speed></extensions></trkpt>
      <trkpt lat="50.971491" lon="5.787824"><time>2026-09-24T18:12:02.915Z</time><extensions><course>357.6</course><speed>27.35</speed></extensions></trkpt>
      <trkpt lat="50.971725" lon="5.787813"><time>2026-09-24T18:12:03.915Z</time><extensions><course>357.3</course><speed>27.35</speed></extensions></trkpt>
      <trkpt lat="50.971976" lon="5.787771"><time>2026-09-24T18:12:04.915Z</time><extensions><course>356.9</course><speed>26.99</speed></extensions></trkpt>
      <trkpt lat="50.972199" lon="5.787770"><time>2026-09-24T18:12:05.915Z</time><extensions><course>356.7</course><speed>26.91</speed></extensions></trkpt>
      <trkpt lat="50.972464" lon="5.787711"><time>2026-09-24T18:12:06.915Z</time><extensions><course>356.7</course><speed>26.93</speed></extensions></trkpt>
      <trkpt lat="50.972723" lon="5.787704"><time>2026-09-24T18:12:07.915Z</time><extensions><course>352.7</course><speed>26.67</speed></extensions></trkpt>
      <trkpt lat="50.972950" lon="5.787643"><time>2026-09-24T18:12:08.915Z</time><extensions><course>351.9</course><speed>26.59</speed></extensions></trkpt>
      <trkpt lat="50.973193" lon="5.787642"><time>2026-09-24T18:12:09.915Z</time><extensions><course>351.9</course><speed>27.13</speed></extensions></trkpt>
      <trkpt lat="50.973415" lon="5.787565"><time>2026-09-24T18:12:10.915Z</time><extensions><course>350.3</course><speed>27.13</speed></extensions></trkpt>
      <trkpt lat="50.973654" lon="5.787509"><time>2026-09-24T18:12:11.915Z</time><extensions><course>349.9</course><speed>27.07</speed></extensions></trkpt>
      <trkpt lat="50.973907" lon="5.787411"><time>2026-09-24T18:12:12.915Z</time><extensions><course>349.0</course><speed>27.21</speed></extensions></trkpt>
      <trkpt lat="50.974134" lon="5.787345"><time>2026-09-24T18:12:13.915Z</time><extensions><course>348.1</course><speed>27.13</speed></extensions></trkpt>
      <trkpt lat="50.974368" lon="5.787247"><time>2026-09-24T18:12:14.915Z</time><extensions><course>347.1</course><speed>27.12</speed></extensions></trkpt>
      <trkpt lat="50.974600" lon="5.787177"><time>2026-09-24T18:12:15.915Z</time><extensions><course>347.1</course><speed>27.12</speed></extensions></trkpt>
      <trkpt lat="50.974848" lon="5.787042"><time>2026-09-24T18:12:16.915Z</time><extensions><course>346.1</course><speed>27.06</speed></extensions></trkpt>
      <trkpt lat="50.975090" lon="5.787019"><time>2026-09-24T18:12:17.915Z</time><extensions><course>344.3</course><speed>26.96</speed></extensions></trkpt>
      <trkpt lat="50.975318" lon="5.786881"><time>2026-09-24T18:12:18.915Z</time><extensions><course>344.3</course><speed>27.18</speed></extensions></trkpt>
      <trkpt lat="50.975544" lon="5.786766"><time>2026-09-24T18:12:19.915Z</time><extensions><course>342.9</course><speed>27.02</speed></extensions></trkpt>
      <trkpt lat="50.975785" lon="5.786652"><time>2026-09-24T18:12:20.915Z</time><extensions><course>341.4</course><speed>27.27</speed></extensions></trkpt>
      <trkpt lat="50.976032" lon="5.786544"><time>2026-09-24T18:12:21.915Z</time><extensions><course>341.4</course><speed>26.87</speed></extensions></trkpt>
      <trkpt lat="50.976256" lon="5.786377"><time>2026-09-24T18:12:22.915Z</time><extensions><course>340.0</course><speed>27.14</speed></extensions></trkpt>
      <trkpt lat="50.976464" lon="5.786264"><time>2026-09-24T18:12:23.915Z</time><extensions><course>340.0</course><speed>27.11</speed></extensions></trkpt>
      <trkpt lat="50.976705" lon="5.786124"><time>2026-09-24T18:12:24.915Z</time><extensions><course>337.7</course><speed>27.11</speed></extensions></trkpt>
      <trkpt lat="50.976925" lon="5.785976"><time>2026-09-24T18:12:25.915Z</time><extensions><course>337.7</course><speed>27.11</speed></extensions></trkpt>
      <trkpt lat="50.977171" lon="5.785813"><time>2026-09-24T18:12:26.915Z</time><extensions><course>336.1</course><speed>27.36</speed></extensions></trkpt>
      <trkpt lat="50.977375" lon="5.785668"><time>2026-09-24T18:12:27.915Z</time><extensions><course>336.1</course><speed>27.36</speed></extensions></trkpt>
      <trkpt lat="50.977592" lon="5.785496"><time>2026-09-24T18:12:28.915Z</time><extensions><course>336.1</course><speed>27.63</speed></extensions></trkpt>
      <trkpt lat="50.977822" lon="5.785361"><time>2026-09-24T18:12:29.915Z</time><extensions><course>335.3</course><speed>27.63</speed></extensions></trkpt>
      <trkpt lat="50.978039" lon="5.785189"><time>2026-09-24T18:12:30.915Z</time><extensions><course>335.3</course><speed>27.77</speed></extensions></trkpt>
      <trkpt lat="50.978283" lon="5.785032"><time>2026-09-24T18:12:31.915Z</time><extensions><course>335.3</course><speed>27.50</speed></extensions></trkpt>
      <trkpt lat="50.978499" lon="5.784866"><time>2026-09-24T18:12:32.915Z</time><extensions><course>335.3</course><speed>27.50</speed></extensions></trkpt>
      <trkpt lat="50.978716" lon="5.784689"><time>2026-09-24T18:12:33.915Z</time><extensions><course>335.3</course><speed>27.26</speed></extensions></trkpt>
      <trkpt lat="50.978970" lon="5.784543"><time>2026-09-24T18:12:34.915Z</time><extensions><course>336.9</course><speed>26.97</speed></extensions></trkpt>
      <trkpt lat="50.979174" lon="5.784384"><time>2026-09-24T18:12:35.915Z</time><extensions><course>338.2</course><speed>27.25</speed></extensions></trkpt>
      <trkpt lat="50.979405" lon="5.784239"><time>2026-09-24T18:12:36.915Z</time><extensions><course>338.2</course><speed>26.97</speed></extensions></trkpt>
      <trkpt lat="50.979619" lon="5.784143"><time>2026-09-24T18:12:37.915Z</time><extensions><course>339.9</course><speed>26.91</speed></extensions></trkpt>
      <trkpt lat="50.979837" lon="5.783962"><time>2026-09-24T18:12:38.915Z</time><extensions><course>339.9</course><speed>27.21</speed></extensions></trkpt>
      <trkpt lat="50.980072" lon="5.783838"><time>2026-09-24T18:12:39.915Z</time><extensions><course>341.6</course><speed>26.93</speed></extensions></trkpt>
      <trkpt lat="50.980342" lon="5.783745"><time>2026-09-24T18:12:40.915Z</time><extensions><course>343.2</course><speed>26.99</speed></extensions></trkpt>
      <trkpt lat="50.980550" lon="5.783639"><time>2026-09-24T18:12:41.915Z</time><extensions><course>343.2</course><speed>27.05</speed></extensions></trkpt>
      <trkpt lat="50.980777" lon="5.783511"><time>2026-09-24T18:12:42.915Z</time><extensions><course>344.8</course><speed>27.05</speed></extensions></trkpt>
      <trkpt lat="50.981028" lon="5.783436"><time>2026-09-24T18:12:43.915Z</time><extensions><course>346.1</course><speed>26.94</speed></extensions></trkpt>
      <trkpt lat="50.981255" lon="5.783319"><time>2026-09-24T18:12:44.915Z</time><extensions><course>347.4</course><speed>26.94</speed></extensions></trkpt>
      <trkpt lat="50.981482" lon="5.783263"><time>2026-09-24T18:12:45.915Z</time><extensions><course>347.4</course><speed>26.98</speed></extensions></trkpt>
      <trkpt lat="50.981727" lon="5.783176"><time>2026-09-24T18:12:46.915Z</time><extensions><course>349.6</course><speed>26.96</speed></extensions></trkpt>
      <trkpt lat="50.981968" lon="5.783084"><time>2026-09-24T18:12:47.915Z</time><extensions><course>349.6</course><speed>27.03</speed></extensions></trkpt>
      <trkpt lat="50.982193" lon="5.783044"><time>2026-09-24T18:12:48.915Z</time><extensions><course>350.7</course><speed>27.03</speed></extensions></trkpt>
      <trkpt lat="50.982438" lon="5.782966"><time>2026-09-24T18:12:49.915Z</time><extensions><course>352.1</course><speed>26.97</speed></extensions></trkpt>
      <trkpt lat="50.982691" lon="5.782937"><time>2026-09-24T18:12:50.915Z</time><extensions><course>353.9</course><speed>27.02</speed></extensions></trkpt>
      <trkpt lat="50.982932" lon="5.782908"><time>2026-09-24T18:12:51.915Z</time><extensions><course>353.9</course><speed>26.79</speed></extensions></trkpt>
      <trkpt lat="50.983163" lon="5.782875"><time>2026-09-24T18:12:52.915Z</time><extensions><course>355.4</course><speed>26.90</speed></extensions></trkpt>
      <trkpt lat="50.983406" lon="5.782854"><time>2026-09-24T18:12:53.915Z</time><extensions><course>356.5</course><speed>27.03</speed></extensions></trkpt>
      <trkpt lat="50.983647" lon="5.782848"><time>2026-09-24T18:12:54.915Z</time><extensions><course>357.8</course><speed>27.03</speed></extensions></trkpt>
      <trkpt lat="50.983879" lon="5.782801"><time>2026-09-24T18:12:55.915Z</time><extensions><course>359.0</course><speed>26.91</speed></extensions></trkpt>
      <trkpt lat="50.984155" lon="5.782783"><time>2026-09-24T18:12:56.915Z</time><extensions><course>359.7</course><speed>26.84</speed></extensions></trkpt>
      <trkpt lat="50.984382" lon="5.782775"><time>2026-09-24T18:12:57.915Z</time><extensions><course>359.7</course><speed>27.18</speed></extensions></trkpt>
      <trkpt lat="50.984617" lon="5.782814"><time>2026-09-24T18:12:58.915Z</time><extensions><course>1.5</course><speed>26.91</speed></extensions></trkpt>
      <trkpt lat="50.984865" lon="5.782807"><time>2026-09-24T18:12:59.915Z</time><extensions><course>3.2</course><speed>27.01</speed></extensions></trkpt>
      <trkpt lat="50.985103" lon="5.782825"><time>2026-09-24T18:13:00.915Z</time><extensions><course>2.5</course><speed>26.89</speed></extensions></trkpt>
      <trkpt lat="50.985343" lon="5.782834"><time>2026-09-24T18:13:01.915Z</time><extensions><course>4.7</course><speed>26.96</speed></extensions></trkpt>
      <trkpt lat="50.985588" lon="5.782894"><time>2026-09-24T18:13:02.915Z</time><extensions><course>5.9</course><speed>27.11</speed></extensions></trkpt>
      <trkpt lat="50.985816" lon="5.782925"><time>2026-09-24T18:13:03.915Z</time><extensions><course>6.6</course><speed>26.93</speed></extensions></trkpt>
      <trkpt lat="50.986074" lon="5.782949"><time>2026-09-24T18:13:04.915Z</time><extensions><course>7.9</course><speed>27.03</speed></extensions></trkpt>
      <trkpt lat="50.986334" lon="5.783020"><time>2026-09-24T18:13:05.915Z</time><extensions><course>8.5</course><speed>26.88</speed></extensions></trkpt>
      <trkpt lat="50.986545" lon="5.783073"><time>2026-09-24T18:13:06.915Z</time><extensions><course>9.6</course><speed>26.83</speed></extensions></trkpt>
      <trkpt lat="50.986769" lon="5.783159"><time>2026-09-24T18:13:07.915Z</time><extensions><course>10.2</course><speed>26.93</speed></extensions></trkpt>
      <trkpt lat="50.986996" lon="5.783221"><time>2026-09-24T18:13:08.915Z</time><extensions><course>11.7</course><speed>27.24</speed></extensions></trkpt>
      <trkpt lat="50.987273" lon="5.783316"><time>2026-09-24T18:13:09.915Z</time><extensions><course>13.4</course><speed>26.82</speed></extensions></trkpt>
      <trkpt lat="50.987471" lon="5.783397"><time>2026-09-24T18:13:10.915Z</time><extensions><course>14.1</course><speed>26.84</speed></extensions></trkpt>
      <trkpt lat="50.987725" lon="5.783517"><time>2026-09-24T18:13:11.915Z</time><extensions><course>14.1</course><speed>27.11</speed></extensions></trkpt>
      <trkpt lat="50.987959" lon="5.783555"><time>2026-09-24T18:13:12.915Z</time><extensions><course>16.3</course><speed>27.24</speed></extensions></trkpt>
      <trkpt lat="50.988206" lon="5.783684"><time>2026-09-24T18:13:13.915Z</time><extensions><course>17.1</course><speed>27.53</speed></extensions></trkpt>
      <trkpt lat="50.988433" lon="5.783818"><time>2026-09-24T18:13:14.915Z</time><extensions><course>17.1</course><speed>27.64</speed></extensions></trkpt>
      <trkpt lat="50.988685" lon="5.783910"><time>2026-09-24T18:13:15.915Z</time><extensions><course>17.1</course><speed>27.78</speed></extensions></trkpt>
      <trkpt lat="50.988927" lon="5.784022"><time>2026-09-24T18:13:16.915Z</time><extensions><course>17.1</course><speed>27.78</speed></extensions></trkpt>
      <trkpt lat="50.989145" lon="5.784141"><time>2026-09-24T18:13:17.915Z</time><extensions><course>17.1</course><speed>27.78</speed></extensions></trkpt>
      <trkpt lat="50.989400" lon="5.784266"><time>2026-09-24T18:13:18.915Z</time><extensions><course>17.1</course><speed>27.78</speed></extensions></trkpt>
      <trkpt lat="50.989623" lon="5.784399"><time>2026-09-24T18:13:19.915Z</time><extensions><course>17.1</course><speed>27.60</speed></extensions></trkpt>
      <trkpt lat="50.989882" lon="5.784495"><time>2026-09-24T18:13:20.915Z</time><extensions><course>17.1</course><speed>27.76</speed></extensions></trkpt>
      <trkpt lat="50.990090" lon="5.784619"><time>2026-09-24T18:13:21.915Z</time><extensions><course>17.1</course><speed>27.77</speed></extensions></trkpt>
      <trkpt lat="50.990333" lon="5.784745"><time>2026-09-24T18:13:22.915Z</time><extensions><course>18.2</course><speed>27.77</speed></extensions></trkpt>
      <trkpt lat="50.990577" lon="5.784859"><time>2026-09-24T18:13:23.915Z</time><extensions><course>17.0</course><speed>27.77</speed></extensions></trkpt>
      <trkpt lat="50.990815" lon="5.784979"><time>2026-09-24T18:13:24.915Z</time><extensions><course>17.1</course><speed>27.76</speed></extensions></trkpt>
      <trkpt lat="50.991047" lon="5.785088"><time>2026-09-24T18:13:25.915Z</time><extensions><course>17.1</course><speed>27.78</speed></extensions></trkpt>
      <trkpt lat="50.991298" lon="5.785255"><time>2026-09-24T18:13:26.915Z</time><extensions><course>17.1</course><speed>27.78</speed></extensions></trkpt>
      <trkpt lat="50.991524" lon="5.785310"><time>2026-09-24T18:13:27.915Z</time><extensions><course>17.1</course><speed>27.78</speed></extensions></trkpt>
      <trkpt lat="50.991762" lon="5.785434"><time>2026-09-24T18:13:28.915Z</time><extensions><course>17.1</course><speed>27.78</speed></extensions></trkpt>
      <trkpt lat="50.991999" lon="5.785545"><time>2026-09-24T18:13:29.915Z</time><extensions><course>17.1</course><speed>27.78</speed></extensions></trkpt>
      <trkpt lat="50.992244" lon="5.785723"><time>2026-09-24T18:13:30.915Z</time><extensions><course>17.1</course><speed>27.78</speed></extensions></trkpt>
      <trkpt lat="50.992478" lon="5.785792"><time>2026-09-24T18:13:31.915Z</time><extensions><course>17.1</course><speed>27.78</speed></extensions></trkpt>
      <trkpt lat="50.992709" lon="5.785908"><time>2026-09-24T18:13:32.915Z</time><extensions><course>17.1</course><speed>27.78</speed></extensions></trkpt>
      <trkpt lat="50.992983" lon="5.786045"><time>2026-09-24T18:13:33.915Z</time><extensions><course>17.1</course><speed>27.74</speed></extensions></trkpt>
      <trkpt lat="50.993195" lon="5.786149"><time>2026-09-24T18:13:34.915Z</time><extensions><course>17.1</course><speed>27.74</speed></extensions></trkpt>
      <trkpt lat="50.993434" lon="5.786285"><time>2026-09-24T18:13:35.915Z</time><extensions><course>17.1</course><speed>27.74</speed></extensions></trkpt>
      <trkpt lat="50.993666" lon="5.786418"><time>2026-09-24T18:13:36.915Z</time><extensions><course>17.3</course><speed>27.74</speed></extensions></trkpt>
      <trkpt lat="50.993929" lon="5.786476"><time>2026-09-24T18:13:37.915Z</time><extensions><course>17.3</course><speed>27.78</speed></extensions></trkpt>
      <trkpt lat="50.994159" lon="5.786632"><time>2026-09-24T18:13:38.915Z</time><extensions><course>17.3</course><speed>27.78</speed></extensions></trkpt>
      <trkpt lat="50.994391" lon="5.786733"><time>2026-09-24T18:13:39.915Z</time><extensions><course>17.3</course><speed>27.78</speed></extensions></trkpt>
      <trkpt lat="50.994636" lon="5.786879"><time>2026-09-24T18:13:40.915Z</time><extensions><course>17.3</course><speed>27.78</speed></extensions></trkpt>
      <trkpt lat="50.994856" lon="5.786958"><time>2026-09-24T18:13:41.915Z</time><extensions><course>17.3</course><speed>27.78</speed></extensions></trkpt>
      <trkpt lat="50.995104" lon="5.787093"><time>2026-09-24T18:13:42.915Z</time><extensions><course>17.3</course><speed>27.78</speed></extensions></trkpt>
      <trkpt lat="50.995336" lon="5.787247"><time>2026-09-24T18:13:43.915Z</time><extensions><course>17.3</course><speed>27.77</speed></extensions></trkpt>
      <trkpt lat="50.995586" lon="5.787332"><time>2026-09-24T18:13:44.915Z</time><extensions><course>17.3</course><speed>27.77</speed></extensions></trkpt>
      <trkpt lat="50.995822" lon="5.787432"><time>2026-09-24T18:13:45.915Z</time><extensions><course>17.3</course><speed>27.77</speed></extensions></trkpt>
      <trkpt lat="50.996061" lon="5.787531"><time>2026-09-24T18:13:46.915Z</time><extensions><course>17.3</course><speed>27.77</speed></extensions></trkpt>
      <trkpt lat="50.996276" lon="5.787705"><time>2026-09-24T18:13:47.915Z</time><extensions><course>17.3</course><speed>27.76</speed></extensions></trkpt>
      <trkpt lat="50.996546" lon="5.787811"><time>2026-09-24T18:13:48.915Z</time><extensions><course>17.3</course><speed>27.76</speed></extensions></trkpt>
      <trkpt lat="50.996779" lon="5.787917"><time>2026-09-24T18:13:49.915Z</time><extensions><course>17.3</course><speed>27.76</speed></extensions></trkpt>
      <trkpt lat="50.997015" lon="5.788073"><time>2026-09-24T18:13:50.915Z</time><extensions><course>17.2</course><speed>27.76</speed></extensions></trkpt>
      <trkpt lat="50.997261" lon="5.788169"><time>2026-09-24T18:13:51.915Z</time><extensions><course>17.2</course><speed>27.78</speed></extensions></trkpt>
      <trkpt lat="50.997498" lon="5.788256"><time>2026-09-24T18:13:52.915Z</time><extensions><course>17.2</course><speed>27.78</speed></extensions></trkpt>
      <trkpt lat="50.997709" lon="5.788383"><time>2026-09-24T18:13:53.915Z</time><extensions><course>17.2</course><speed>27.78</speed></extensions></trkpt>
      <trkpt lat="50.997959" lon="5.788514"><time>2026-09-24T18:13:54.915Z</time><extensions><course>17.2</course><speed>27.78</speed></extensions></trkpt>
      <trkpt lat="50.998197" lon="5.788600"><time>2026-09-24T18:13:55.915Z</time><extensions><course>17.2</course><speed>27.78</speed></extensions></trkpt>
      <trkpt lat="50.998424" lon="5.788716"><time>2026-09-24T18:13:56.915Z</time><extensions><course>17.2</course><speed>27.78</speed></extensions></trkpt>
      <trkpt lat="50.998687" lon="5.788817"><time>2026-09-24T18:13:57.915Z</time><extensions><course>17.2</course><speed>27.78</speed></extensions></trkpt>
      <trkpt lat="50.998918" lon="5.788973"><time>2026-09-24T18:13:58.915Z</time><extensions><course>17.2</course><speed>27.78</speed></extensions></trkpt>
      <trkpt lat="50.999144" lon="5.789066"><time>2026-09-24T18:13:59.915Z</time><extensions><course>17.2</course><speed>27.78</speed></extensions></trkpt>
      <trkpt lat="50.999410" lon="5.789195"><time>2026-09-24T18:14:00.915Z</time><extensions><course>17.2</course><speed>27.78</speed></extensions></trkpt>
      <trkpt lat="50.999636" lon="5.789326"><time>2026-09-24T18:14:01.915Z</time><extensions><course>17.2</course><speed>27.78</speed></extensions></trkpt>
      <trkpt lat="50.999862" lon="5.789438"><time>2026-09-24T18:14:02.915Z</time><extensions><course>17.2</course><speed>27.78</speed></extensions></trkpt>
      <trkpt lat="51.000104" lon="5.789558"><time>2026-09-24T18:14:03.915Z</time><extensions><course>17.2</course><speed>27.78</speed></extensions></trkpt>
      <trkpt lat="51.000354" lon="5.789640"><time>2026-09-24T18:14:04.915Z</time><extensions><course>17.2</course><speed>27.55</speed></extensions></trkpt>
      <trkpt lat="51.000568" lon="5.789809"><time>2026-09-24T18:14:05.915Z</time><extensions><course>17.2</course><speed>27.72</speed></extensions></trkpt>
      <trkpt lat="51.000830" lon="5.789929"><time>2026-09-24T18:14:06.915Z</time><extensions><course>17.2</course><speed>27.66</speed></extensions></trkpt>
      <trkpt lat="51.001054" lon="5.790006"><time>2026-09-24T18:14:07.915Z</time><extensions><course>15.9</course><speed>27.66</speed></extensions></trkpt>
      <trkpt lat="51.001298" lon="5.790144"><time>2026-09-24T18:14:08.915Z</time><extensions><course>17.8</course><speed>27.50</speed></extensions></trkpt>
      <trkpt lat="51.001531" lon="5.790248"><time>2026-09-24T18:14:09.915Z</time><extensions><course>17.8</course><speed>27.29</speed></extensions></trkpt>
      <trkpt lat="51.001776" lon="5.790406"><time>2026-09-24T18:14:10.915Z</time><extensions><course>18.8</course><speed>27.35</speed></extensions></trkpt>
      <trkpt lat="51.001995" lon="5.790500"><time>2026-09-24T18:14:11.915Z</time><extensions><course>18.8</course><speed>27.11</speed></extensions></trkpt>
      <trkpt lat="51.002237" lon="5.790618"><time>2026-09-24T18:14:12.915Z</time><extensions><course>20.3</course><speed>27.28</speed></extensions></trkpt>
      <trkpt lat="51.002443" lon="5.790784"><time>2026-09-24T18:14:13.915Z</time><extensions><course>20.3</course><speed>26.85</speed></extensions></trkpt>
      <trkpt lat="51.002690" lon="5.790874"><time>2026-09-24T18:14:14.915Z</time><extensions><course>21.7</course><speed>27.11</speed></extensions></trkpt>
      <trkpt lat="51.002900" lon="5.791041"><time>2026-09-24T18:14:15.915Z</time><extensions><course>21.7</course><speed>26.93</speed></extensions></trkpt>
      <trkpt lat="51.003134" lon="5.791214"><time>2026-09-24T18:14:16.915Z</time><extensions><course>24.2</course><speed>27.17</speed></extensions></trkpt>
      <trkpt lat="51.003356" lon="5.791344"><time>2026-09-24T18:14:17.915Z</time><extensions><course>24.2</course><speed>27.17</speed></extensions></trkpt>
      <trkpt lat="51.003567" lon="5.791495"><time>2026-09-24T18:14:18.915Z</time><extensions><course>25.2</course><speed>27.17</speed></extensions></trkpt>
      <trkpt lat="51.003800" lon="5.791651"><time>2026-09-24T18:14:19.915Z</time><extensions><course>25.2</course><speed>27.17</speed></extensions></trkpt>
      <trkpt lat="51.004024" lon="5.791830"><time>2026-09-24T18:14:20.915Z</time><extensions><course>25.2</course><speed>27.15</speed></extensions></trkpt>
      <trkpt lat="51.004249" lon="5.792038"><time>2026-09-24T18:14:21.915Z</time><extensions><course>27.7</course><speed>27.15</speed></extensions></trkpt>
      <trkpt lat="51.004466" lon="5.792172"><time>2026-09-24T18:14:22.915Z</time><extensions><course>27.7</course><speed>27.32</speed></extensions></trkpt>
      <trkpt lat="51.004670" lon="5.792384"><time>2026-09-24T18:14:23.915Z</time><extensions><course>28.8</course><speed>27.19</speed></extensions></trkpt>
      <trkpt lat="51.004891" lon="5.792584"><time>2026-09-24T18:14:24.915Z</time><extensions><course>28.8</course><speed>27.38</speed></extensions></trkpt>
      <trkpt lat="51.005078" lon="5.792783"><time>2026-09-24T18:14:25.915Z</time><extensions><course>30.3</course><speed>27.20</speed></extensions></trkpt>
      <trkpt lat="51.005307" lon="5.792942"><time>2026-09-24T18:14:26.915Z</time><extensions><course>31.1</course><speed>27.20</speed></extensions></trkpt>
      <trkpt lat="51.005524" lon="5.793175"><time>2026-09-24T18:14:27.915Z</time><extensions><course>31.1</course><speed>27.05</speed></extensions></trkpt>
      <trkpt lat="51.005723" lon="5.793362"><time>2026-09-24T18:14:28.915Z</time><extensions><course>32.1</course><speed>27.18</speed></extensions></trkpt>
      <trkpt lat="51.005928" lon="5.793566"><time>2026-09-24T18:14:29.915Z</time><extensions><course>32.1</course><speed>27.20</speed></extensions></trkpt>
      <trkpt lat="51.006120" lon="5.793801"><time>2026-09-24T18:14:30.915Z</time><extensions><course>34.5</course><speed>27.09</speed></extensions></trkpt>
      <trkpt lat="51.006328" lon="5.794004"><time>2026-09-24T18:14:31.915Z</time><extensions><course>34.5</course><speed>27.52</speed></extensions></trkpt>
      <trkpt lat="51.006536" lon="5.794225"><time>2026-09-24T18:14:32.915Z</time><extensions><course>35.4</course><speed>27.52</speed></extensions></trkpt>
      <trkpt lat="51.006727" lon="5.794452"><time>2026-09-24T18:14:33.915Z</time><extensions><course>36.0</course><speed>27.63</speed></extensions></trkpt>
      <trkpt lat="51.006944" lon="5.794650"><time>2026-09-24T18:14:34.915Z</time><extensions><course>36.0</course><speed>27.63</speed></extensions></trkpt>
      <trkpt lat="51.007141" lon="5.794901"><time>2026-09-24T18:14:35.915Z</time><extensions><course>36.0</course><speed>27.70</speed></extensions></trkpt>
      <trkpt lat="51.007343" lon="5.795150"><time>2026-09-24T18:14:36.915Z</time><extensions><course>36.2</course><speed>27.70</speed></extensions></trkpt>
      <trkpt lat="51.007545" lon="5.795394"><time>2026-09-24T18:14:37.915Z</time><extensions><course>36.5</course><speed>27.74</speed></extensions></trkpt>
      <trkpt lat="51.007729" lon="5.795612"><time>2026-09-24T18:14:38.915Z</time><extensions><course>36.5</course><speed>27.74</speed></extensions></trkpt>
      <trkpt lat="51.007939" lon="5.795867"><time>2026-09-24T18:14:39.915Z</time><extensions><course>36.5</course><speed>27.78</speed></extensions></trkpt>
      <trkpt lat="51.008143" lon="5.796090"><time>2026-09-24T18:14:40.915Z</time><extensions><course>36.5</course><speed>27.78</speed></extensions></trkpt>
      <trkpt lat="51.008343" lon="5.796348"><time>2026-09-24T18:14:41.915Z</time><extensions><course>36.5</course><speed>27.78</speed></extensions></trkpt>
      <trkpt lat="51.008534" lon="5.796577"><time>2026-09-24T18:14:42.915Z</time><extensions><course>36.5</course><speed>27.71</speed></extensions></trkpt>
      <trkpt lat="51.008734" lon="5.796812"><time>2026-09-24T18:14:43.915Z</time><extensions><course>36.5</course><speed>27.71</speed></extensions></trkpt>
      <trkpt lat="51.008920" lon="5.797044"><time>2026-09-24T18:14:44.915Z</time><extensions><course>36.5</course><speed>27.71</speed></extensions></trkpt>
      <trkpt lat="51.009132" lon="5.797262"><time>2026-09-24T18:14:45.915Z</time><extensions><course>36.1</course><speed>27.76</speed></extensions></trkpt>
      <trkpt lat="51.009329" lon="5.797514"><time>2026-09-24T18:14:46.915Z</time><extensions><course>36.1</course><speed>27.76</speed></extensions></trkpt>
      <trkpt lat="51.009528" lon="5.797766"><time>2026-09-24T18:14:47.915Z</time><extensions><course>36.1</course><speed>27.70</speed></extensions></trkpt>
      <trkpt lat="51.009731" lon="5.798006"><time>2026-09-24T18:14:48.915Z</time><extensions><course>36.6</course><speed>27.70</speed></extensions></trkpt>
      <trkpt lat="51.009939" lon="5.798191"><time>2026-09-24T18:14:49.915Z</time><extensions><course>36.6</course><speed>27.78</speed></extensions></trkpt>
      <trkpt lat="51.010134" lon="5.798472"><time>2026-09-24T18:14:50.915Z</time><extensions><course>36.6</course><speed>27.78</speed></extensions></trkpt>
      <trkpt lat="51.010342" lon="5.798719"><time>2026-09-24T18:14:51.915Z</time><extensions><course>36.6</course><speed>27.78</speed></extensions></trkpt>
      <trkpt lat="51.010552" lon="5.798901"><time>2026-09-24T18:14:52.915Z</time><extensions><course>36.6</course><speed>27.78</speed></extensions></trkpt>
      <trkpt lat="51.010739" lon="5.799136"><time>2026-09-24T18:14:53.915Z</time><extensions><course>36.6</course><speed>27.78</speed></extensions></trkpt>
      <trkpt lat="51.010950" lon="5.799389"><time>2026-09-24T18:14:54.915Z</time><extensions><course>36.6</course><speed>27.74</speed></extensions></trkpt>
      <trkpt lat="51.011144" lon="5.799645"><time>2026-09-24T18:14:55.915Z</time><extensions><course>36.6</course><speed>27.74</speed></extensions></trkpt>
      <trkpt lat="51.011343" lon="5.799861"><time>2026-09-24T18:14:56.915Z</time><extensions><course>36.6</course><speed>27.74</speed></extensions></trkpt>
      <trkpt lat="51.011564" lon="5.800077"><time>2026-09-24T18:14:57.915Z</time><extensions><course>36.4</course><speed>27.74</speed></extensions></trkpt>
      <trkpt lat="51.011753" lon="5.800315"><time>2026-09-24T18:14:58.915Z</time><extensions><course>36.4</course><speed>27.78</speed></extensions></trkpt>
      <trkpt lat="51.011955" lon="5.800551"><time>2026-09-24T18:14:59.915Z</time><extensions><course>36.4</course><speed>27.78</speed></extensions></trkpt>
      <trkpt lat="51.012155" lon="5.800808"><time>2026-09-24T18:15:00.915Z</time><extensions><course>36.4</course><speed>27.77</speed></extensions></trkpt>
      <trkpt lat="51.012372" lon="5.801031"><time>2026-09-24T18:15:01.915Z</time><extensions><course>36.4</course><speed>27.77</speed></extensions></trkpt>
      <trkpt lat="51.012541" lon="5.801270"><time>2026-09-24T18:15:02.915Z</time><extensions><course>36.4</course><speed>27.77</speed></extensions></trkpt>
      <trkpt lat="51.012776" lon="5.801520"><time>2026-09-24T18:15:03.915Z</time><extensions><course>36.3</course><speed>27.77</speed></extensions></trkpt>
      <trkpt lat="51.012976" lon="5.801770"><time>2026-09-24T18:15:04.915Z</time><extensions><course>36.3</course><speed>27.77</speed></extensions></trkpt>
      <trkpt lat="51.013163" lon="5.801970"><time>2026-09-24T18:15:05.915Z</time><extensions><course>36.3</course><speed>27.77</speed></extensions></trkpt>
      <trkpt lat="51.013342" lon="5.802218"><time>2026-09-24T18:15:06.915Z</time><extensions><course>36.3</course><speed>27.75</speed></extensions></trkpt>
      <trkpt lat="51.013564" lon="5.802443"><time>2026-09-24T18:15:07.915Z</time><extensions><course>36.3</course><speed>27.75</speed></extensions></trkpt>
      <trkpt lat="51.013786" lon="5.802671"><time>2026-09-24T18:15:08.915Z</time><extensions><course>36.3</course><speed>27.75</speed></extensions></trkpt>
      <trkpt lat="51.013957" lon="5.802950"><time>2026-09-24T18:15:09.915Z</time><extensions><course>36.5</course><speed>27.75</speed></extensions></trkpt>
      <trkpt lat="51.014146" lon="5.803135"><time>2026-09-24T18:15:10.915Z</time><extensions><course>36.5</course><speed>27.75</speed></extensions></trkpt>
      <trkpt lat="51.014388" lon="5.803383"><time>2026-09-24T18:15:11.915Z</time><extensions><course>36.5</course><speed>27.78</speed></extensions></trkpt>
      <trkpt lat="51.014563" lon="5.803624"><time>2026-09-24T18:15:12.915Z</time><extensions><course>36.5</course><speed>27.78</speed></extensions></trkpt>
      <trkpt lat="51.014777" lon="5.803890"><time>2026-09-24T18:15:13.915Z</time><extensions><course>36.5</course><speed>27.78</speed></extensions></trkpt>
      <trkpt lat="51.014969" lon="5.804062"><time>2026-09-24T18:15:14.915Z</time><extensions><course>36.5</course><speed>27.78</speed></extensions></trkpt>
      <trkpt lat="51.015165" lon="5.804320"><time>2026-09-24T18:15:15.915Z</time><extensions><course>36.5</course><speed>27.78</speed></extensions></trkpt>
      <trkpt lat="51.015369" lon="5.804532"><time>2026-09-24T18:15:16.915Z</time><extensions><course>36.5</course><speed>27.77</speed></extensions></trkpt>
      <trkpt lat="51.015581" lon="5.804785"><time>2026-09-24T18:15:17.915Z</time><extensions><course>36.5</course><speed>27.77</speed></extensions></trkpt>
      <trkpt lat="51.015756" lon="5.805060"><time>2026-09-24T18:15:18.915Z</time><extensions><course>36.5</course><speed>27.77</speed></extensions></trkpt>
      <trkpt lat="51.015992" lon="5.805264"><time>2026-09-24T18:15:19.915Z</time><extensions><course>36.5</course><speed>27.77</speed></extensions></trkpt>
      <trkpt lat="51.016176" lon="5.805515"><time>2026-09-24T18:15:20.915Z</time><extensions><course>36.5</course><speed>27.75</speed></extensions></trkpt>
      <trkpt lat="51.016356" lon="5.805770"><time>2026-09-24T18:15:21.915Z</time><extensions><course>36.5</course><speed>27.76</speed></extensions></trkpt>
      <trkpt lat="51.016570" lon="5.805960"><time>2026-09-24T18:15:22.915Z</time><extensions><course>36.5</course><speed>27.76</speed></extensions></trkpt>
      <trkpt lat="51.016770" lon="5.806208"><time>2026-09-24T18:15:23.915Z</time><extensions><course>36.6</course><speed>27.76</speed></extensions></trkpt>
      <trkpt lat="51.016967" lon="5.806459"><time>2026-09-24T18:15:24.915Z</time><extensions><course>36.6</course><speed>27.76</speed></extensions></trkpt>
      <trkpt lat="51.017157" lon="5.806692"><time>2026-09-24T18:15:25.915Z</time><extensions><course>36.4</course><speed>27.74</speed></extensions></trkpt>
      <trkpt lat="51.017374" lon="5.806918"><time>2026-09-24T18:15:26.915Z</time><extensions><course>36.4</course><speed>27.74</speed></extensions></trkpt>
      <trkpt lat="51.017560" lon="5.807172"><time>2026-09-24T18:15:27.915Z</time><extensions><course>36.4</course><speed>27.76</speed></extensions></trkpt>
      <trkpt lat="51.017768" lon="5.807381"><time>2026-09-24T18:15:28.915Z</time><extensions><course>36.4</course><speed>27.76</speed></extensions></trkpt>
      <trkpt lat="51.017984" lon="5.807635"><time>2026-09-24T18:15:29.915Z</time><extensions><course>36.4</course><speed>27.76</speed></extensions></trkpt>
      <trkpt lat="51.018160" lon="5.807872"><time>2026-09-24T18:15:30.915Z</time><extensions><course>36.5</course><speed>27.76</speed></extensions></trkpt>
      <trkpt lat="51.018383" lon="5.808116"><time>2026-09-24T18:15:31.915Z</time><extensions><course>36.5</course><speed>27.76</speed></extensions></trkpt>
      <trkpt lat="51.018554" lon="5.808320"><time>2026-09-24T18:15:32.915Z</time><extensions><course>36.5</course><speed>27.78</speed></extensions></trkpt>
      <trkpt lat="51.018769" lon="5.808540"><time>2026-09-24T18:15:33.915Z</time><extensions><course>36.5</course><speed>27.78</speed></extensions></trkpt>
      <trkpt lat="51.018978" lon="5.808804"><time>2026-09-24T18:15:34.915Z</time><extensions><course>36.5</course><speed>27.78</speed></extensions></trkpt>
      <trkpt lat="51.019179" lon="5.809065"><time>2026-09-24T18:15:35.915Z</time><extensions><course>36.5</course><speed>27.77</speed></extensions></trkpt>
      <trkpt lat="51.019377" lon="5.809259"><time>2026-09-24T18:15:36.915Z</time><extensions><course>36.5</course><speed>27.77</speed></extensions></trkpt>
      <trkpt lat="51.019561" lon="5.809540"><time>2026-09-24T18:15:37.915Z</time><extensions><course>36.5</course><speed>27.77</speed></extensions></trkpt>
      <trkpt lat="51.019781" lon="5.809752"><time>2026-09-24T18:15:38.915Z</time><extensions><course>36.5</course><speed>27.77</speed></extensions></trkpt>
      <trkpt lat="51.019989" lon="5.810002"><time>2026-09-24T18:15:39.915Z</time><extensions><course>36.5</course><speed>27.77</speed></extensions></trkpt>
      <trkpt lat="51.020184" lon="5.810212"><time>2026-09-24T18:15:40.915Z</time><extensions><course>36.5</course><speed>27.78</speed></extensions></trkpt>
      <trkpt lat="51.020384" lon="5.810464"><time>2026-09-24T18:15:41.915Z</time><extensions><course>36.5</course><speed>27.78</speed></extensions></trkpt>
      <trkpt lat="51.020583" lon="5.810681"><time>2026-09-24T18:15:42.915Z</time><extensions><course>36.5</course><speed>27.78</speed></extensions></trkpt>
      <trkpt lat="51.020778" lon="5.810945"><time>2026-09-24T18:15:43.915Z</time><extensions><course>36.5</course><speed>27.78</speed></extensions></trkpt>
      <trkpt lat="51.020992" lon="5.811159"><time>2026-09-24T18:15:44.915Z</time><extensions><course>36.5</course><speed>27.78</speed></extensions></trkpt>
      <trkpt lat="51.021178" lon="5.811356"><time>2026-09-24T18:15:45.915Z</time><extensions><course>36.5</course><speed>27.68</speed></extensions></trkpt>
      <trkpt lat="51.021387" lon="5.811635"><time>2026-09-24T18:15:46.915Z</time><extensions><course>36.5</course><speed>27.77</speed></extensions></trkpt>
      <trkpt lat="51.021595" lon="5.811877"><time>2026-09-24T18:15:47.915Z</time><extensions><course>36.5</course><speed>27.77</speed></extensions></trkpt>
      <trkpt lat="51.021785" lon="5.812065"><time>2026-09-24T18:15:48.915Z</time><extensions><course>35.9</course><speed>27.77</speed></extensions></trkpt>
      <trkpt lat="51.022009" lon="5.812315"><time>2026-09-24T18:15:49.915Z</time><extensions><course>36.5</course><speed>27.68</speed></extensions></trkpt>
      <trkpt lat="51.022186" lon="5.812586"><time>2026-09-24T18:15:50.915Z</time><extensions><course>36.5</course><speed>27.78</speed></extensions></trkpt>
      <trkpt lat="51.022388" lon="5.812786"><time>2026-09-24T18:15:51.915Z</time><extensions><course>36.5</course><speed>27.78</speed></extensions></trkpt>
      <trkpt lat="51.022580" lon="5.813072"><time>2026-09-24T18:15:52.915Z</time><extensions><course>36.5</course><speed>27.78</speed></extensions></trkpt>
      <trkpt lat="51.022783" lon="5.813264"><time>2026-09-24T18:15:53.915Z</time><extensions><course>36.5</course><speed>27.78</speed></extensions></trkpt>
      <trkpt lat="51.022990" lon="5.813515"><time>2026-09-24T18:15:54.915Z</time><extensions><course>36.5</course><speed>27.78</speed></extensions></trkpt>
      <trkpt lat="51.023211" lon="5.813728"><time>2026-09-24T18:15:55.915Z</time><extensions><course>36.5</course><speed>27.77</speed></extensions></trkpt>
      <trkpt lat="51.023412" lon="5.814005"><time>2026-09-24T18:15:56.915Z</time><extensions><course>36.5</course><speed>27.77</speed></extensions></trkpt>
      <trkpt lat="51.023593" lon="5.814221"><time>2026-09-24T18:15:57.915Z</time><extensions><course>36.5</course><speed>27.77</speed></extensions></trkpt>
      <trkpt lat="51.023776" lon="5.814428"><time>2026-09-24T18:15:58.915Z</time><extensions><course>36.4</course><speed>27.77</speed></extensions></trkpt>
      <trkpt lat="51.023998" lon="5.814688"><time>2026-09-24T18:15:59.915Z</time><extensions><course>36.4</course><speed>27.78</speed></extensions></trkpt>
      <trkpt lat="51.024178" lon="5.814906"><time>2026-09-24T18:16:00.915Z</time><extensions><course>36.4</course><speed>27.78</speed></extensions></trkpt>
      <trkpt lat="51.024417" lon="5.815149"><time>2026-09-24T18:16:01.915Z</time><extensions><course>36.4</course><speed>27.78</speed></extensions></trkpt>
      <trkpt lat="51.024601" lon="5.815401"><time>2026-09-24T18:16:02.915Z</time><extensions><course>36.4</course><speed>27.78</speed></extensions></trkpt>
      <trkpt lat="51.024794" lon="5.815659"><time>2026-09-24T18:16:03.915Z</time><extensions><course>36.4</course><speed>27.78</speed></extensions></trkpt>
      <trkpt lat="51.024981" lon="5.815869"><time>2026-09-24T18:16:04.915Z</time><extensions><course>36.4</course><speed>27.73</speed></extensions></trkpt>
      <trkpt lat="51.025212" lon="5.816102"><time>2026-09-24T18:16:05.915Z</time><extensions><course>36.4</course><speed>27.73</speed></extensions></trkpt>
      <trkpt lat="51.025417" lon="5.816347"><time>2026-09-24T18:16:06.915Z</time><extensions><course>36.4</course><speed>27.73</speed></extensions></trkpt>
      <trkpt lat="51.025615" lon="5.816588"><time>2026-09-24T18:16:07.915Z</time><extensions><course>36.1</course><speed>27.73</speed></extensions></trkpt>
      <trkpt lat="51.025801" lon="5.816813"><time>2026-09-24T18:16:08.915Z</time><extensions><course>36.1</course><speed>27.75</speed></extensions></trkpt>
      <trkpt lat="51.026017" lon="5.817057"><time>2026-09-24T18:16:09.915Z</time><extensions><course>36.1</course><speed>27.76</speed></extensions></trkpt>
      <trkpt lat="51.026199" lon="5.817267"><time>2026-09-24T18:16:10.915Z</time><extensions><course>36.1</course><speed>27.53</speed></extensions></trkpt>
      <trkpt lat="51.026400" lon="5.817521"><time>2026-09-24T18:16:11.915Z</time><extensions><course>36.3</course><speed>27.53</speed></extensions></trkpt>
      <trkpt lat="51.026590" lon="5.817747"><time>2026-09-24T18:16:12.915Z</time><extensions><course>36.3</course><speed>27.69</speed></extensions></trkpt>
      <trkpt lat="51.026802" lon="5.817941"><time>2026-09-24T18:16:13.915Z</time><extensions><course>37.6</course><speed>27.71</speed></extensions></trkpt>
      <trkpt lat="51.027002" lon="5.818221"><time>2026-09-24T18:16:14.915Z</time><extensions><course>37.6</course><speed>27.71</speed></extensions></trkpt>
      <trkpt lat="51.027205" lon="5.818441"><time>2026-09-24T18:16:15.915Z</time><extensions><course>35.7</course><speed>27.62</speed></extensions></trkpt>
      <trkpt lat="51.027412" lon="5.818674"><time>2026-09-24T18:16:16.915Z</time><extensions><course>36.7</course><speed>27.60</speed></extensions></trkpt>
      <trkpt lat="51.027594" lon="5.818913"><time>2026-09-24T18:16:17.915Z</time><extensions><course>36.7</course><speed>27.72</speed></extensions></trkpt>
      <trkpt lat="51.027790" lon="5.819143"><time>2026-09-24T18:16:18.915Z</time><extensions><course>36.7</course><speed>27.39</speed></extensions></trkpt>
      <trkpt lat="51.027996" lon="5.819390"><time>2026-09-24T18:16:19.915Z</time><extensions><course>35.3</course><speed>27.39</speed></extensions></trkpt>
      <trkpt lat="51.028187" lon="5.819637"><time>2026-09-24T18:16:20.915Z</time><extensions><course>35.3</course><speed>27.05</speed></extensions></trkpt>
      <trkpt lat="51.028415" lon="5.819813"><time>2026-09-24T18:16:21.915Z</time><extensions><course>34.4</course><speed>27.23</speed></extensions></trkpt>
      <trkpt lat="51.028597" lon="5.820057"><time>2026-09-24T18:16:22.915Z</time><extensions><course>34.4</course><speed>27.38</speed></extensions></trkpt>
      <trkpt lat="51.028797" lon="5.820237"><time>2026-09-24T18:16:23.915Z</time><extensions><course>32.1</course><speed>27.38</speed></extensions></trkpt>
      <trkpt lat="51.028996" lon="5.820474"><time>2026-09-24T18:16:24.915Z</time><extensions><course>32.1</course><speed>27.35</speed></extensions></trkpt>
      <trkpt lat="51.029220" lon="5.820689"><time>2026-09-24T18:16:25.915Z</time><extensions><course>32.1</course><speed>27.14</speed></extensions></trkpt>
      <trkpt lat="51.029424" lon="5.820909"><time>2026-09-24T18:16:26.915Z</time><extensions><course>32.1</course><speed>27.14</speed></extensions></trkpt>
      <trkpt lat="51.029625" lon="5.821071"><time>2026-09-24T18:16:27.915Z</time><extensions><course>30.0</course><speed>26.95</speed></extensions></trkpt>
      <trkpt lat="51.029843" lon="5.821280"><time>2026-09-24T18:16:28.915Z</time><extensions><course>28.5</course><speed>27.07</speed></extensions></trkpt>
      <trkpt lat="51.030077" lon="5.821462"><time>2026-09-24T18:16:29.915Z</time><extensions><course>28.5</course><speed>27.07</speed></extensions></trkpt>
      <trkpt lat="51.030298" lon="5.821663"><time>2026-09-24T18:16:30.915Z</time><extensions><course>27.4</course><speed>27.33</speed></extensions></trkpt>
      <trkpt lat="51.030493" lon="5.821821"><time>2026-09-24T18:16:31.915Z</time><extensions><course>25.9</course><speed>27.19</speed></extensions></trkpt>
      <trkpt lat="51.030730" lon="5.821977"><time>2026-09-24T18:16:32.915Z</time><extensions><course>25.9</course><speed>27.64</speed></extensions></trkpt>
      <trkpt lat="51.030916" lon="5.822156"><time>2026-09-24T18:16:33.915Z</time><extensions><course>25.9</course><speed>27.20</speed></extensions></trkpt>
      <trkpt lat="51.031143" lon="5.822340"><time>2026-09-24T18:16:34.915Z</time><extensions><course>25.1</course><speed>27.20</speed></extensions></trkpt>
      <trkpt lat="51.031371" lon="5.822509"><time>2026-09-24T18:16:35.915Z</time><extensions><course>25.1</course><speed>26.99</speed></extensions></trkpt>
      <trkpt lat="51.031591" lon="5.822630"><time>2026-09-24T18:16:36.915Z</time><extensions><course>22.6</course><speed>26.99</speed></extensions></trkpt>
      <trkpt lat="51.031827" lon="5.822792"><time>2026-09-24T18:16:37.915Z</time><extensions><course>22.6</course><speed>27.15</speed></extensions></trkpt>
      <trkpt lat="51.032063" lon="5.822921"><time>2026-09-24T18:16:38.915Z</time><extensions><course>20.5</course><speed>27.15</speed></extensions></trkpt>
      <trkpt lat="51.032279" lon="5.823081"><time>2026-09-24T18:16:39.915Z</time><extensions><course>20.5</course><speed>27.15</speed></extensions></trkpt>
      <trkpt lat="51.032527" lon="5.823213"><time>2026-09-24T18:16:40.915Z</time><extensions><course>19.0</course><speed>27.15</speed></extensions></trkpt>
      <trkpt lat="51.032751" lon="5.823352"><time>2026-09-24T18:16:41.915Z</time><extensions><course>19.0</course><speed>27.42</speed></extensions></trkpt>
      <trkpt lat="51.032964" lon="5.823471"><time>2026-09-24T18:16:42.915Z</time><extensions><course>19.0</course><speed>27.42</speed></extensions></trkpt>
      <trkpt lat="51.033208" lon="5.823583"><time>2026-09-24T18:16:43.915Z</time><extensions><course>16.9</course><speed>27.13</speed></extensions></trkpt>
      <trkpt lat="51.033445" lon="5.823685"><time>2026-09-24T18:16:44.915Z</time><extensions><course>16.9</course><speed>27.13</speed></extensions></trkpt>
      <trkpt lat="51.033677" lon="5.823808"><time>2026-09-24T18:16:45.915Z</time><extensions><course>16.9</course><speed>27.18</speed></extensions></trkpt>
      <trkpt lat="51.033914" lon="5.823937"><time>2026-09-24T18:16:46.915Z</time><extensions><course>15.2</course><speed>27.18</speed></extensions></trkpt>
      <trkpt lat="51.034123" lon="5.824029"><time>2026-09-24T18:16:47.915Z</time><extensions><course>13.5</course><speed>27.38</speed></extensions></trkpt>
      <trkpt lat="51.034372" lon="5.824132"><time>2026-09-24T18:16:48.915Z</time><extensions><course>13.5</course><speed>26.89</speed></extensions></trkpt>
      <trkpt lat="51.034626" lon="5.824207"><time>2026-09-24T18:16:49.915Z</time><extensions><course>13.5</course><speed>27.20</speed></extensions></trkpt>
      <trkpt lat="51.034848" lon="5.824298"><time>2026-09-24T18:16:50.915Z</time><extensions><course>12.9</course><speed>26.93</speed></extensions></trkpt>
      <trkpt lat="51.035101" lon="5.824388"><time>2026-09-24T18:16:51.915Z</time><extensions><course>10.1</course><speed>26.93</speed></extensions></trkpt>
      <trkpt lat="51.035336" lon="5.824436"><time>2026-09-24T18:16:52.915Z</time><extensions><course>10.1</course><speed>27.02</speed></extensions></trkpt>
      <trkpt lat="51.035572" lon="5.824505"><time>2026-09-24T18:16:53.915Z</time><extensions><course>8.6</course><speed>27.51</speed></extensions></trkpt>
      <trkpt lat="51.035808" lon="5.824526"><time>2026-09-24T18:16:54.915Z</time><extensions><course>8.6</course><speed>27.78</speed></extensions></trkpt>
      <trkpt lat="51.036049" lon="5.824583"><time>2026-09-24T18:16:55.915Z</time><extensions><course>8.6</course><speed>27.48</speed></extensions></trkpt>
      <trkpt lat="51.036319" lon="5.824695"><time>2026-09-24T18:16:56.915Z</time><extensions><course>8.6</course><speed>27.50</speed></extensions></trkpt>
      <trkpt lat="51.036565" lon="5.824704"><time>2026-09-24T18:16:57.915Z</time><extensions><course>8.6</course><speed>27.49</speed></extensions></trkpt>
      <trkpt lat="51.036807" lon="5.824780"><time>2026-09-24T18:16:58.915Z</time><extensions><course>6.9</course><speed>27.49</speed></extensions></trkpt>
      <trkpt lat="51.037062" lon="5.824837"><time>2026-09-24T18:16:59.915Z</time><extensions><course>6.9</course><speed>27.76</speed></extensions></trkpt>
      <trkpt lat="51.037298" lon="5.824867"><time>2026-09-24T18:17:00.915Z</time><extensions><course>6.9</course><speed>27.78</speed></extensions></trkpt>
      <trkpt lat="51.037534" lon="5.824907"><time>2026-09-24T18:17:01.915Z</time><extensions><course>6.9</course><speed>27.78</speed></extensions></trkpt>
      <trkpt lat="51.037778" lon="5.824969"><time>2026-09-24T18:17:02.915Z</time><extensions><course>6.9</course><speed>27.78</speed></extensions></trkpt>
      <trkpt lat="51.038037" lon="5.825005"><time>2026-09-24T18:17:03.915Z</time><extensions><course>6.9</course><speed>27.78</speed></extensions></trkpt>
      <trkpt lat="51.038289" lon="5.825090"><time>2026-09-24T18:17:04.915Z</time><extensions><course>6.9</course><speed>27.78</speed></extensions></trkpt>
      <trkpt lat="51.038527" lon="5.825107"><time>2026-09-24T18:17:05.915Z</time><extensions><course>6.9</course><speed>27.78</speed></extensions></trkpt>
      <trkpt lat="51.038759" lon="5.825128"><time>2026-09-24T18:17:06.915Z</time><extensions><course>6.9</course><speed>27.78</speed></extensions></trkpt>
      <trkpt lat="51.039035" lon="5.825197"><time>2026-09-24T18:17:07.915Z</time><extensions><course>6.9</course><speed>27.78</speed></extensions></trkpt>
      <trkpt lat="51.039261" lon="5.825223"><time>2026-09-24T18:17:08.915Z</time><extensions><course>6.9</course><speed>27.77</speed></extensions></trkpt>
      <trkpt lat="51.039525" lon="5.825325"><time>2026-09-24T18:17:09.915Z</time><extensions><course>6.9</course><speed>27.77</speed></extensions></trkpt>
      <trkpt lat="51.039784" lon="5.825346"><time>2026-09-24T18:17:10.915Z</time><extensions><course>6.9</course><speed>27.77</speed></extensions></trkpt>
      <trkpt lat="51.040023" lon="5.825417"><time>2026-09-24T18:17:11.915Z</time><extensions><course>6.9</course><speed>27.77</speed></extensions></trkpt>
      <trkpt lat="51.040258" lon="5.825410"><time>2026-09-24T18:17:12.915Z</time><extensions><course>6.9</course><speed>27.77</speed></extensions></trkpt>
      <trkpt lat="51.040513" lon="5.825499"><time>2026-09-24T18:17:13.915Z</time><extensions><course>6.9</course><speed>27.78</speed></extensions></trkpt>
      <trkpt lat="51.040776" lon="5.825568"><time>2026-09-24T18:17:14.915Z</time><extensions><course>6.9</course><speed>27.78</speed></extensions></trkpt>
      <trkpt lat="51.041001" lon="5.825555"><time>2026-09-24T18:17:15.915Z</time><extensions><course>6.9</course><speed>27.78</speed></extensions></trkpt>
      <trkpt lat="51.041271" lon="5.825657"><time>2026-09-24T18:17:16.915Z</time><extensions><course>6.9</course><speed>27.72</speed></extensions></trkpt>
      <trkpt lat="51.041501" lon="5.825677"><time>2026-09-24T18:17:17.915Z</time><extensions><course>6.9</course><speed>27.72</speed></extensions></trkpt>
      <trkpt lat="51.041770" lon="5.825741"><time>2026-09-24T18:17:18.915Z</time><extensions><course>6.9</course><speed>27.72</speed></extensions></trkpt>
      <trkpt lat="51.041996" lon="5.825772"><time>2026-09-24T18:17:19.915Z</time><extensions><course>7.2</course><speed>27.72</speed></extensions></trkpt>
      <trkpt lat="51.042249" lon="5.825863"><time>2026-09-24T18:17:20.915Z</time><extensions><course>7.2</course><speed>27.78</speed></extensions></trkpt>
      <trkpt lat="51.042468" lon="5.825865"><time>2026-09-24T18:17:21.915Z</time><extensions><course>7.2</course><speed>27.70</speed></extensions></trkpt>
      <trkpt lat="51.042745" lon="5.825915"><time>2026-09-24T18:17:22.915Z</time><extensions><course>7.2</course><speed>27.70</speed></extensions></trkpt>
      <trkpt lat="51.042980" lon="5.825967"><time>2026-09-24T18:17:23.915Z</time><extensions><course>7.2</course><speed>27.70</speed></extensions></trkpt>
      <trkpt lat="51.043203" lon="5.826030"><time>2026-09-24T18:17:24.915Z</time><extensions><course>7.7</course><speed>27.59</speed></extensions></trkpt>
      <trkpt lat="51.043482" lon="5.826087"><time>2026-09-24T18:17:25.915Z</time><extensions><course>7.7</course><speed>27.51</speed></extensions></trkpt>
      <trkpt lat="51.043722" lon="5.826133"><time>2026-09-24T18:17:26.915Z</time><extensions><course>7.7</course><speed>27.51</speed></extensions></trkpt>
      <trkpt lat="51.043954" lon="5.826156"><time>2026-09-24T18:17:27.915Z</time><extensions><course>6.1</course><speed>27.64</speed></extensions></trkpt>
      <trkpt lat="51.044213" lon="5.826218"><time>2026-09-24T18:17:28.915Z</time><extensions><course>6.1</course><speed>27.64</speed></extensions></trkpt>
      <trkpt lat="51.044460" lon="5.826241"><time>2026-09-24T18:17:29.915Z</time><extensions><course>6.1</course><speed>27.64</speed></extensions></trkpt>
      <trkpt lat="51.044729" lon="5.826294"><time>2026-09-24T18:17:30.915Z</time><extensions><course>6.9</course><speed>27.58</speed></extensions></trkpt>
      <trkpt lat="51.044962" lon="5.826344"><time>2026-09-24T18:17:31.915Z</time><extensions><course>6.9</course><speed>27.74</speed></extensions></trkpt>
      <trkpt lat="51.045188" lon="5.826385"><time>2026-09-24T18:17:32.915Z</time><extensions><course>7.2</course><speed>27.74</speed></extensions></trkpt>
      <trkpt lat="51.045444" lon="5.826440"><time>2026-09-24T18:17:33.915Z</time><extensions><course>7.2</course><speed>27.74</speed></extensions></trkpt>
      <trkpt lat="51.045705" lon="5.826516"><time>2026-09-24T18:17:34.915Z</time><extensions><course>7.1</course><speed>27.75</speed></extensions></trkpt>
      <trkpt lat="51.045947" lon="5.826548"><time>2026-09-24T18:17:35.915Z</time><extensions><course>7.1</course><speed>27.67</speed></extensions></trkpt>
      <trkpt lat="51.046212" lon="5.826594"><time>2026-09-24T18:17:36.915Z</time><extensions><course>7.1</course><speed>27.67</speed></extensions></trkpt>
      <trkpt lat="51.046434" lon="5.826643"><time>2026-09-24T18:17:37.915Z</time><extensions><course>7.1</course><speed>27.67</speed></extensions></trkpt>
      <trkpt lat="51.046688" lon="5.826656"><time>2026-09-24T18:17:38.915Z</time><extensions><course>6.5</course><speed>27.67</speed></extensions></trkpt>
      <trkpt lat="51.046913" lon="5.826757"><time>2026-09-24T18:17:39.915Z</time><extensions><course>6.5</course><speed>27.76</speed></extensions></trkpt>
      <trkpt lat="51.047157" lon="5.826768"><time>2026-09-24T18:17:40.915Z</time><extensions><course>6.5</course><speed>27.70</speed></extensions></trkpt>
      <trkpt lat="51.047398" lon="5.826837"><time>2026-09-24T18:17:41.915Z</time><extensions><course>6.5</course><speed>27.70</speed></extensions></trkpt>
      <trkpt lat="51.047671" lon="5.826871"><time>2026-09-24T18:17:42.915Z</time><extensions><course>6.6</course><speed>27.62</speed></extensions></trkpt>
      <trkpt lat="51.047928" lon="5.826886"><time>2026-09-24T18:17:43.915Z</time><extensions><course>6.9</course><speed>27.60</speed></extensions></trkpt>
      <trkpt lat="51.048163" lon="5.826996"><time>2026-09-24T18:17:44.915Z</time><extensions><course>6.9</course><speed>27.40</speed></extensions></trkpt>
      <trkpt lat="51.048394" lon="5.827035"><time>2026-09-24T18:17:45.915Z</time><extensions><course>5.6</course><speed>27.33</speed></extensions></trkpt>
      <trkpt lat="51.048661" lon="5.827074"><time>2026-09-24T18:17:46.915Z</time><extensions><course>5.6</course><speed>27.33</speed></extensions></trkpt>
      <trkpt lat="51.048905" lon="5.827081"><time>2026-09-24T18:17:47.915Z</time><extensions><course>4.4</course><speed>27.37</speed></extensions></trkpt>
      <trkpt lat="51.049123" lon="5.827125"><time>2026-09-24T18:17:48.915Z</time><extensions><course>4.4</course><speed>27.37</speed></extensions></trkpt>
      <trkpt lat="51.049398" lon="5.827109"><time>2026-09-24T18:17:49.915Z</time><extensions><course>4.4</course><speed>27.34</speed></extensions></trkpt>
      <trkpt lat="51.049640" lon="5.827157"><time>2026-09-24T18:17:50.915Z</time><extensions><course>3.2</course><speed>27.44</speed></extensions></trkpt>
      <trkpt lat="51.049885" lon="5.827219"><time>2026-09-24T18:17:51.915Z</time><extensions><course>3.2</course><speed>27.41</speed></extensions></trkpt>
      <trkpt lat="51.050138" lon="5.827238"><time>2026-09-24T18:17:52.915Z</time><extensions><course>1.9</course><speed>27.41</speed></extensions></trkpt>
      <trkpt lat="51.050368" lon="5.827213"><time>2026-09-24T18:17:53.915Z</time><extensions><course>2.4</course><speed>27.25</speed></extensions></trkpt>
      <trkpt lat="51.050626" lon="5.827232"><time>2026-09-24T18:17:54.915Z</time><extensions><course>1.1</course><speed>27.40</speed></extensions></trkpt>
      <trkpt lat="51.050854" lon="5.827257"><time>2026-09-24T18:17:55.915Z</time><extensions><course>1.1</course><speed>27.43</speed></extensions></trkpt>
      <trkpt lat="51.051121" lon="5.827225"><time>2026-09-24T18:17:56.915Z</time><extensions><course>0.2</course><speed>27.43</speed></extensions></trkpt>
      <trkpt lat="51.051360" lon="5.827267"><time>2026-09-24T18:17:57.915Z</time><extensions><course>0.2</course><speed>27.21</speed></extensions></trkpt>
      <trkpt lat="51.051592" lon="5.827255"><time>2026-09-24T18:17:58.915Z</time><extensions><course>359.1</course><speed>27.37</speed></extensions></trkpt>
      <trkpt lat="51.051823" lon="5.827218"><time>2026-09-24T18:17:59.915Z</time><extensions><course>359.1</course><speed>27.17</speed></extensions></trkpt>
      <trkpt lat="51.052069" lon="5.827259"><time>2026-09-24T18:18:00.915Z</time><extensions><course>357.9</course><speed>27.36</speed></extensions></trkpt>
      <trkpt lat="51.052321" lon="5.827203"><time>2026-09-24T18:18:01.915Z</time><extensions><course>357.9</course><speed>27.11</speed></extensions></trkpt>
      <trkpt lat="51.052590" lon="5.827227"><time>2026-09-24T18:18:02.915Z</time><extensions><course>356.7</course><speed>27.32</speed></extensions></trkpt>
      <trkpt lat="51.052809" lon="5.827190"><time>2026-09-24T18:18:03.915Z</time><extensions><course>356.7</course><speed>27.32</speed></extensions></trkpt>
      <trkpt lat="51.053081" lon="5.827132"><time>2026-09-24T18:18:04.915Z</time><extensions><course>355.2</course><speed>27.30</speed></extensions></trkpt>
      <trkpt lat="51.053310" lon="5.827124"><time>2026-09-24T18:18:05.915Z</time><extensions><course>355.2</course><speed>27.55</speed></extensions></trkpt>
      <trkpt lat="51.053547" lon="5.827077"><time>2026-09-24T18:18:06.915Z</time><extensions><course>355.2</course><speed>27.55</speed></extensions></trkpt>
      <trkpt lat="51.053803" lon="5.827061"><time>2026-09-24T18:18:07.915Z</time><extensions><course>353.9</course><speed>27.29</speed></extensions></trkpt>
      <trkpt lat="51.054049" lon="5.826998"><time>2026-09-24T18:18:08.915Z</time><extensions><course>353.9</course><speed>27.52</speed></extensions></trkpt>
      <trkpt lat="51.054284" lon="5.826944"><time>2026-09-24T18:18:09.915Z</time><extensions><course>353.9</course><speed>27.52</speed></extensions></trkpt>
      <trkpt lat="51.054551" lon="5.826913"><time>2026-09-24T18:18:10.915Z</time><extensions><course>352.4</course><speed>27.52</speed></extensions></trkpt>
      <trkpt lat="51.054780" lon="5.826864"><time>2026-09-24T18:18:11.915Z</time><extensions><course>352.4</course><speed>27.78</speed></extensions></trkpt>
      <trkpt lat="51.055026" lon="5.826807"><time>2026-09-24T18:18:12.915Z</time><extensions><course>352.4</course><speed>27.78</speed></extensions></trkpt>
      <trkpt lat="51.055274" lon="5.826765"><time>2026-09-24T18:18:13.915Z</time><extensions><course>352.4</course><speed>27.66</speed></extensions></trkpt>
      <trkpt lat="51.055527" lon="5.826708"><time>2026-09-24T18:18:14.915Z</time><extensions><course>352.4</course><speed>27.66</speed></extensions></trkpt>
      <trkpt lat="51.055778" lon="5.826668"><time>2026-09-24T18:18:15.915Z</time><extensions><course>352.4</course><speed>27.66</speed></extensions></trkpt>
      <trkpt lat="51.056007" lon="5.826582"><time>2026-09-24T18:18:16.915Z</time><extensions><course>351.7</course><speed>27.66</speed></extensions></trkpt>
      <trkpt lat="51.056288" lon="5.826541"><time>2026-09-24T18:18:17.915Z</time><extensions><course>351.7</course><speed>27.66</speed></extensions></trkpt>
      <trkpt lat="51.056499" lon="5.826486"><time>2026-09-24T18:18:18.915Z</time><extensions><course>351.7</course><speed>27.78</speed></extensions></trkpt>
      <trkpt lat="51.056766" lon="5.826404"><time>2026-09-24T18:18:19.915Z</time><extensions><course>351.7</course><speed>27.78</speed></extensions></trkpt>
      <trkpt lat="51.057003" lon="5.826393"><time>2026-09-24T18:18:20.915Z</time><extensions><course>351.7</course><speed>27.77</speed></extensions></trkpt>
      <trkpt lat="51.057249" lon="5.826323"><time>2026-09-24T18:18:21.915Z</time><extensions><course>351.7</course><speed>27.77</speed></extensions></trkpt>
      <trkpt lat="51.057488" lon="5.826235"><time>2026-09-24T18:18:22.915Z</time><extensions><course>351.7</course><speed>27.77</speed></extensions></trkpt>
      <trkpt lat="51.057748" lon="5.826212"><time>2026-09-24T18:18:23.915Z</time><extensions><course>351.7</course><speed>27.77</speed></extensions></trkpt>
      <trkpt lat="51.058009" lon="5.826138"><time>2026-09-24T18:18:24.915Z</time><extensions><course>351.7</course><speed>27.78</speed></extensions></trkpt>
      <trkpt lat="51.058216" lon="5.826105"><time>2026-09-24T18:18:25.915Z</time><extensions><course>351.7</course><speed>27.78</speed></extensions></trkpt>
      <trkpt lat="51.058489" lon="5.826025"><time>2026-09-24T18:18:26.915Z</time><extensions><course>351.7</course><speed>27.78</speed></extensions></trkpt>
      <trkpt lat="51.058726" lon="5.825994"><time>2026-09-24T18:18:27.915Z</time><extensions><course>351.7</course><speed>27.78</speed></extensions></trkpt>
      <trkpt lat="51.058999" lon="5.825901"><time>2026-09-24T18:18:28.915Z</time><extensions><course>351.7</course><speed>27.78</speed></extensions></trkpt>
      <trkpt lat="51.059220" lon="5.825854"><time>2026-09-24T18:18:29.915Z</time><extensions><course>351.7</course><speed>27.78</speed></extensions></trkpt>
      <trkpt lat="51.059470" lon="5.825796"><time>2026-09-24T18:18:30.915Z</time><extensions><course>351.7</course><speed>27.78</speed></extensions></trkpt>
      <trkpt lat="51.059719" lon="5.825748"><time>2026-09-24T18:18:31.915Z</time><extensions><course>351.7</course><speed>27.78</speed></extensions></trkpt>
      <trkpt lat="51.059961" lon="5.825698"><time>2026-09-24T18:18:32.915Z</time><extensions><course>351.7</course><speed>27.78</speed></extensions></trkpt>
      <trkpt lat="51.060217" lon="5.825600"><time>2026-09-24T18:18:33.915Z</time><extensions><course>351.7</course><speed>27.78</speed></extensions></trkpt>
      <trkpt lat="51.060440" lon="5.825581"><time>2026-09-24T18:18:34.915Z</time><extensions><course>351.7</course><speed>27.78</speed></extensions></trkpt>
      <trkpt lat="51.060713" lon="5.825525"><time>2026-09-24T18:18:35.915Z</time><extensions><course>351.7</course><speed>27.78</speed></extensions></trkpt>
      <trkpt lat="51.060951" lon="5.825489"><time>2026-09-24T18:18:36.915Z</time><extensions><course>351.7</course><speed>27.78</speed></extensions></trkpt>
      <trkpt lat="51.061192" lon="5.825386"><time>2026-09-24T18:18:37.915Z</time><extensions><course>351.7</course><speed>27.78</speed></extensions></trkpt>
      <trkpt lat="51.061447" lon="5.825325"><time>2026-09-24T18:18:38.915Z</time><extensions><course>351.7</course><speed>27.78</speed></extensions></trkpt>
      <trkpt lat="51.061697" lon="5.825286"><time>2026-09-24T18:18:39.915Z</time><extensions><course>351.7</course><speed>27.76</speed></extensions></trkpt>
      <trkpt lat="51.061931" lon="5.825210"><time>2026-09-24T18:18:40.915Z</time><extensions><course>351.7</course><speed>27.76</speed></extensions></trkpt>
      <trkpt lat="51.062171" lon="5.825159"><time>2026-09-24T18:18:41.915Z</time><extensions><course>351.7</course><speed>27.76</speed></extensions></trkpt>
      <trkpt lat="51.062425" lon="5.825142"><time>2026-09-24T18:18:42.915Z</time><extensions><course>351.6</course><speed>27.76</speed></extensions></trkpt>
      <trkpt lat="51.062684" lon="5.825064"><time>2026-09-24T18:18:43.915Z</time><extensions><course>351.6</course><speed>27.76</speed></extensions></trkpt>
      <trkpt lat="51.062940" lon="5.825020"><time>2026-09-24T18:18:44.915Z</time><extensions><course>351.6</course><speed>27.78</speed></extensions></trkpt>
      <trkpt lat="51.063173" lon="5.824929"><time>2026-09-24T18:18:45.915Z</time><extensions><course>351.6</course><speed>27.78</speed></extensions></trkpt>
      <trkpt lat="51.063432" lon="5.824905"><time>2026-09-24T18:18:46.915Z</time><extensions><course>351.6</course><speed>27.78</speed></extensions></trkpt>
      <trkpt lat="51.063671" lon="5.824838"><time>2026-09-24T18:18:47.915Z</time><extensions><course>351.6</course><speed>27.78</speed></extensions></trkpt>
      <trkpt lat="51.063908" lon="5.824748"><time>2026-09-24T18:18:48.915Z</time><extensions><course>351.6</course><speed>27.77</speed></extensions></trkpt>
      <trkpt lat="51.064140" lon="5.824703"><time>2026-09-24T18:18:49.915Z</time><extensions><course>351.6</course><speed>27.77</speed></extensions></trkpt>
      <trkpt lat="51.064408" lon="5.824668"><time>2026-09-24T18:18:50.915Z</time><extensions><course>351.6</course><speed>27.77</speed></extensions></trkpt>
      <trkpt lat="51.064631" lon="5.824592"><time>2026-09-24T18:18:51.915Z</time><extensions><course>351.6</course><speed>27.77</speed></extensions></trkpt>
      <trkpt lat="51.064910" lon="5.824519"><time>2026-09-24T18:18:52.915Z</time><extensions><course>351.6</course><speed>27.77</speed></extensions></trkpt>
      <trkpt lat="51.065153" lon="5.824455"><time>2026-09-24T18:18:53.915Z</time><extensions><course>351.6</course><speed>27.72</speed></extensions></trkpt>
      <trkpt lat="51.065389" lon="5.824399"><time>2026-09-24T18:18:54.915Z</time><extensions><course>351.6</course><speed>27.72</speed></extensions></trkpt>
      <trkpt lat="51.065639" lon="5.824349"><time>2026-09-24T18:18:55.915Z</time><extensions><course>351.6</course><speed>27.72</speed></extensions></trkpt>
      <trkpt lat="51.065865" lon="5.824320"><time>2026-09-24T18:18:56.915Z</time><extensions><course>352.0</course><speed>27.72</speed></extensions></trkpt>
      <trkpt lat="51.066135" lon="5.824254"><time>2026-09-24T18:18:57.915Z</time><extensions><course>352.0</course><speed>27.49</speed></extensions></trkpt>
      <trkpt lat="51.066361" lon="5.824207"><time>2026-09-24T18:18:58.915Z</time><extensions><course>352.0</course><speed>27.49</speed></extensions></trkpt>
      <trkpt lat="51.066646" lon="5.824124"><time>2026-09-24T18:18:59.915Z</time><extensions><course>352.0</course><speed>27.32</speed></extensions></trkpt>
      <trkpt lat="51.066861" lon="5.824075"><time>2026-09-24T18:19:00.915Z</time><extensions><course>353.7</course><speed>27.32</speed></extensions></trkpt>
      <trkpt lat="51.067110" lon="5.824032"><time>2026-09-24T18:19:01.915Z</time><extensions><course>353.7</course><speed>27.31</speed></extensions></trkpt>
      <trkpt lat="51.067355" lon="5.824014"><time>2026-09-24T18:19:02.915Z</time><extensions><course>354.6</course><speed>27.31</speed></extensions></trkpt>
      <trkpt lat="51.067604" lon="5.823969"><time>2026-09-24T18:19:03.915Z</time><extensions><course>354.6</course><speed>27.15</speed></extensions></trkpt>
      <trkpt lat="51.067831" lon="5.823952"><time>2026-09-24T18:19:04.915Z</time><extensions><course>356.4</course><speed>27.15</speed></extensions></trkpt>
      <trkpt lat="51.068102" lon="5.823894"><time>2026-09-24T18:19:05.915Z</time><extensions><course>356.4</course><speed>27.09</speed></extensions></trkpt>
      <trkpt lat="51.068320" lon="5.823883"><time>2026-09-24T18:19:06.915Z</time><extensions><course>358.2</course><speed>27.09</speed></extensions></trkpt>
      <trkpt lat="51.068570" lon="5.823877"><time>2026-09-24T18:19:07.915Z</time><extensions><course>358.2</course><speed>26.97</speed></extensions></trkpt>
      <trkpt lat="51.068825" lon="5.823845"><time>2026-09-24T18:19:08.915Z</time><extensions><course>0.3</course><speed>27.30</speed></extensions></trkpt>
      <trkpt lat="51.069057" lon="5.823886"><time>2026-09-24T18:19:09.915Z</time><extensions><course>0.3</course><speed>26.98</speed></extensions></trkpt>
      <trkpt lat="51.069301" lon="5.823887"><time>2026-09-24T18:19:10.915Z</time><extensions><course>1.0</course><speed>27.34</speed></extensions></trkpt>
      <trkpt lat="51.069573" lon="5.823886"><time>2026-09-24T18:19:11.915Z</time><extensions><course>1.0</course><speed>27.33</speed></extensions></trkpt>
      <trkpt lat="51.069800" lon="5.823913"><time>2026-09-24T18:19:12.915Z</time><extensions><course>2.9</course><speed>27.03</speed></extensions></trkpt>
      <trkpt lat="51.070029" lon="5.823942"><time>2026-09-24T18:19:13.915Z</time><extensions><course>2.9</course><speed>27.03</speed></extensions></trkpt>
      <trkpt lat="51.070292" lon="5.823923"><time>2026-09-24T18:19:14.915Z</time><extensions><course>2.9</course><speed>27.25</speed></extensions></trkpt>
      <trkpt lat="51.070528" lon="5.823985"><time>2026-09-24T18:19:15.915Z</time><extensions><course>5.3</course><speed>26.95</speed></extensions></trkpt>
      <trkpt lat="51.070765" lon="5.823985"><time>2026-09-24T18:19:16.915Z</time><extensions><course>5.3</course><speed>27.32</speed></extensions></trkpt>
      <trkpt lat="51.071006" lon="5.824028"><time>2026-09-24T18:19:17.915Z</time><extensions><course>5.9</course><speed>27.32</speed></extensions></trkpt>
      <trkpt lat="51.071262" lon="5.824094"><time>2026-09-24T18:19:18.915Z</time><extensions><course>7.6</course><speed>27.42</speed></extensions></trkpt>
      <trkpt lat="51.071483" lon="5.824151"><time>2026-09-24T18:19:19.915Z</time><extensions><course>7.9</course><speed>27.14</speed></extensions></trkpt>
      <trkpt lat="51.071730" lon="5.824189"><time>2026-09-24T18:19:20.915Z</time><extensions><course>7.9</course><speed>27.44</speed></extensions></trkpt>
      <trkpt lat="51.071978" lon="5.824247"><time>2026-09-24T18:19:21.915Z</time><extensions><course>7.9</course><speed>27.46</speed></extensions></trkpt>
      <trkpt lat="51.072216" lon="5.824326"><time>2026-09-24T18:19:22.915Z</time><extensions><course>9.5</course><speed>27.37</speed></extensions></trkpt>
      <trkpt lat="51.072468" lon="5.824332"><time>2026-09-24T18:19:23.915Z</time><extensions><course>9.5</course><speed>27.37</speed></extensions></trkpt>
      <trkpt lat="51.072709" lon="5.824436"><time>2026-09-24T18:19:24.915Z</time><extensions><course>9.7</course><speed>27.49</speed></extensions></trkpt>
      <trkpt lat="51.072957" lon="5.824464"><time>2026-09-24T18:19:25.915Z</time><extensions><course>10.2</course><speed>27.49</speed></extensions></trkpt>
      <trkpt lat="51.073215" lon="5.824593"><time>2026-09-24T18:19:26.915Z</time><extensions><course>10.2</course><speed>27.61</speed></extensions></trkpt>
      <trkpt lat="51.073457" lon="5.824622"><time>2026-09-24T18:19:27.915Z</time><extensions><course>11.2</course><speed>27.45</speed></extensions></trkpt>
      <trkpt lat="51.073680" lon="5.824721"><time>2026-09-24T18:19:28.915Z</time><extensions><course>11.2</course><speed>27.45</speed></extensions></trkpt>
      <trkpt lat="51.073914" lon="5.824773"><time>2026-09-24T18:19:29.915Z</time><extensions><course>11.2</course><speed>27.62</speed></extensions></trkpt>
      <trkpt lat="51.074173" lon="5.824867"><time>2026-09-24T18:19:30.915Z</time><extensions><course>12.1</course><speed>27.36</speed></extensions></trkpt>
      <trkpt lat="51.074389" lon="5.824932"><time>2026-09-24T18:19:31.915Z</time><extensions><course>12.1</course><speed>27.52</speed></extensions></trkpt>
      <trkpt lat="51.074637" lon="5.825003"><time>2026-09-24T18:19:32.915Z</time><extensions><course>12.1</course><speed>27.50</speed></extensions></trkpt>
      <trkpt lat="51.074907" lon="5.825133"><time>2026-09-24T18:19:33.915Z</time><extensions><course>13.6</course><speed>27.35</speed></extensions></trkpt>
      <trkpt lat="51.075108" lon="5.825208"><time>2026-09-24T18:19:34.915Z</time><extensions><course>13.6</course><speed>27.53</speed></extensions></trkpt>
      <trkpt lat="51.075367" lon="5.825312"><time>2026-09-24T18:19:35.915Z</time><extensions><course>13.7</course><speed>27.53</speed></extensions></trkpt>
      <trkpt lat="51.075618" lon="5.825393"><time>2026-09-24T18:19:36.915Z</time><extensions><course>14.6</course><speed>27.55</speed></extensions></trkpt>
      <trkpt lat="51.075862" lon="5.825509"><time>2026-09-24T18:19:37.915Z</time><extensions><course>15.0</course><speed>27.20</speed></extensions></trkpt>
      <trkpt lat="51.076066" lon="5.825621"><time>2026-09-24T18:19:38.915Z</time><extensions><course>15.0</course><speed>27.45</speed></extensions></trkpt>
      <trkpt lat="51.076337" lon="5.825719"><time>2026-09-24T18:19:39.915Z</time><extensions><course>15.0</course><speed>27.52</speed></extensions></trkpt>
      <trkpt lat="51.076546" lon="5.825821"><time>2026-09-24T18:19:40.915Z</time><extensions><course>17.0</course><speed>27.52</speed></extensions></trkpt>
      <trkpt lat="51.076784" lon="5.825928"><time>2026-09-24T18:19:41.915Z</time><extensions><course>16.5</course><speed>27.57</speed></extensions></trkpt>
      <trkpt lat="51.077019" lon="5.826060"><time>2026-09-24T18:19:42.915Z</time><extensions><course>16.5</course><speed>27.48</speed></extensions></trkpt>
      <trkpt lat="51.077295" lon="5.826160"><time>2026-09-24T18:19:43.915Z</time><extensions><course>16.5</course><speed>27.48</speed></extensions></trkpt>
      <trkpt lat="51.077507" lon="5.826254"><time>2026-09-24T18:19:44.915Z</time><extensions><course>18.2</course><speed>27.31</speed></extensions></trkpt>
      <trkpt lat="51.077740" lon="5.826428"><time>2026-09-24T18:19:45.915Z</time><extensions><course>18.2</course><speed>27.61</speed></extensions></trkpt>
      <trkpt lat="51.077970" lon="5.826494"><time>2026-09-24T18:19:46.915Z</time><extensions><course>18.2</course><speed>27.61</speed></extensions></trkpt>
      <trkpt lat="51.078189" lon="5.826629"><time>2026-09-24T18:19:47.915Z</time><extensions><course>19.2</course><speed>27.51</speed></extensions></trkpt>
      <trkpt lat="51.078437" lon="5.826788"><time>2026-09-24T18:19:48.915Z</time><extensions><course>19.2</course><speed>27.69</speed></extensions></trkpt>
      <trkpt lat="51.078678" lon="5.826907"><time>2026-09-24T18:19:49.915Z</time><extensions><course>19.2</course><speed>27.69</speed></extensions></trkpt>
      <trkpt lat="51.078914" lon="5.827035"><time>2026-09-24T18:19:50.915Z</time><extensions><course>19.7</course><speed>27.41</speed></extensions></trkpt>
      <trkpt lat="51.079129" lon="5.827159"><time>2026-09-24T18:19:51.915Z</time><extensions><course>19.7</course><speed>27.29</speed></extensions></trkpt>
      <trkpt lat="51.079366" lon="5.827261"><time>2026-09-24T18:19:52.915Z</time><extensions><course>19.7</course><speed>27.35</speed></extensions></trkpt>
      <trkpt lat="51.079582" lon="5.827452"><time>2026-09-24T18:19:53.915Z</time><extensions><course>21.3</course><speed>27.35</speed></extensions></trkpt>
      <trkpt lat="51.079830" lon="5.827591"><time>2026-09-24T18:19:54.915Z</time><extensions><course>22.0</course><speed>27.63</speed></extensions></trkpt>
      <trkpt lat="51.080054" lon="5.827739"><time>2026-09-24T18:19:55.915Z</time><extensions><course>22.2</course><speed>27.75</speed></extensions></trkpt>
      <trkpt lat="51.080294" lon="5.827887"><time>2026-09-24T18:19:56.915Z</time><extensions><course>22.2</course><speed>27.57</speed></extensions></trkpt>
      <trkpt lat="51.080525" lon="5.828036"><time>2026-09-24T18:19:57.915Z</time><extensions><course>22.2</course><speed>27.57</speed></extensions></trkpt>
      <trkpt lat="51.080751" lon="5.828189"><time>2026-09-24T18:19:58.915Z</time><extensions><course>22.2</course><speed>27.36</speed></extensions></trkpt>
      <trkpt lat="51.080968" lon="5.828308"><time>2026-09-24T18:19:59.915Z</time><extensions><course>23.3</course><speed>27.36</speed></extensions></trkpt>
      <trkpt lat="51.081205" lon="5.828486"><time>2026-09-24T18:20:00.915Z</time><extensions><course>23.3</course><speed>27.56</speed></extensions></trkpt>
      <trkpt lat="51.081413" lon="5.828626"><time>2026-09-24T18:20:01.915Z</time><extensions><course>24.6</course><speed>27.28</speed></extensions></trkpt>
      <trkpt lat="51.081645" lon="5.828794"><time>2026-09-24T18:20:02.915Z</time><extensions><course>24.6</course><speed>27.28</speed></extensions></trkpt>
      <trkpt lat="51.081871" lon="5.828937"><time>2026-09-24T18:20:03.915Z</time><extensions><course>24.6</course><speed>27.50</speed></extensions></trkpt>
      <trkpt lat="51.082085" lon="5.829107"><time>2026-09-24T18:20:04.915Z</time><extensions><course>26.2</course><speed>27.50</speed></extensions></trkpt>
      <trkpt lat="51.082317" lon="5.829314"><time>2026-09-24T18:20:05.915Z</time><extensions><course>26.2</course><speed>27.35</speed></extensions></trkpt>
      <trkpt lat="51.082540" lon="5.829510"><time>2026-09-24T18:20:06.915Z</time><extensions><course>26.2</course><speed>27.64</speed></extensions></trkpt>
      <trkpt lat="51.082765" lon="5.829631"><time>2026-09-24T18:20:07.915Z</time><extensions><course>27.0</course><speed>27.43</speed></extensions></trkpt>
      <trkpt lat="51.082986" lon="5.829826"><time>2026-09-24T18:20:08.915Z</time><extensions><course>27.0</course><speed>27.43</speed></extensions></trkpt>
      <trkpt lat="51.083204" lon="5.830014"><time>2026-09-24T18:20:09.915Z</time><extensions><course>27.0</course><speed>27.57</speed></extensions></trkpt>
      <trkpt lat="51.083400" lon="5.830183"><time>2026-09-24T18:20:10.915Z</time><extensions><course>28.2</course><speed>27.53</speed></extensions></trkpt>
      <trkpt lat="51.083637" lon="5.830415"><time>2026-09-24T18:20:11.915Z</time><extensions><course>28.2</course><speed>27.53</speed></extensions></trkpt>
      <trkpt lat="51.083878" lon="5.830536"><time>2026-09-24T18:20:12.915Z</time><extensions><course>28.2</course><speed>27.74</speed></extensions></trkpt>
      <trkpt lat="51.084075" lon="5.830754"><time>2026-09-24T18:20:13.915Z</time><extensions><course>28.4</course><speed>27.74</speed></extensions></trkpt>
      <trkpt lat="51.084297" lon="5.830905"><time>2026-09-24T18:20:14.915Z</time><extensions><course>28.4</course><speed>27.71</speed></extensions></trkpt>
      <trkpt lat="51.084506" lon="5.831143"><time>2026-09-24T18:20:15.915Z</time><extensions><course>28.4</course><speed>27.71</speed></extensions></trkpt>
      <trkpt lat="51.084713" lon="5.831319"><time>2026-09-24T18:20:16.915Z</time><extensions><course>28.4</course><speed>27.71</speed></extensions></trkpt>
      <trkpt lat="51.084948" lon="5.831527"><time>2026-09-24T18:20:17.915Z</time><extensions><course>28.8</course><speed>27.71</speed></extensions></trkpt>
      <trkpt lat="51.085171" lon="5.831700"><time>2026-09-24T18:20:18.915Z</time><extensions><course>28.8</course><speed>27.78</speed></extensions></trkpt>
      <trkpt lat="51.085406" lon="5.831920"><time>2026-09-24T18:20:19.915Z</time><extensions><course>28.8</course><speed>27.78</speed></extensions></trkpt>
      <trkpt lat="51.085597" lon="5.832089"><time>2026-09-24T18:20:20.915Z</time><extensions><course>28.8</course><speed>27.78</speed></extensions></trkpt>
      <trkpt lat="51.085843" lon="5.832298"><time>2026-09-24T18:20:21.915Z</time><extensions><course>28.8</course><speed>27.78</speed></extensions></trkpt>
      <trkpt lat="51.086043" lon="5.832469"><time>2026-09-24T18:20:22.915Z</time><extensions><course>28.8</course><speed>27.78</speed></extensions></trkpt>
      <trkpt lat="51.086263" lon="5.832658"><time>2026-09-24T18:20:23.915Z</time><extensions><course>28.8</course><speed>27.78</speed></extensions></trkpt>
      <trkpt lat="51.086484" lon="5.832854"><time>2026-09-24T18:20:24.915Z</time><extensions><course>28.8</course><speed>27.78</speed></extensions></trkpt>
      <trkpt lat="51.086707" lon="5.833028"><time>2026-09-24T18:20:25.915Z</time><extensions><course>28.8</course><speed>27.78</speed></extensions></trkpt>
      <trkpt lat="51.086917" lon="5.833247"><time>2026-09-24T18:20:26.915Z</time><extensions><course>28.8</course><speed>27.78</speed></extensions></trkpt>
      <trkpt lat="51.087139" lon="5.833433"><time>2026-09-24T18:20:27.915Z</time><extensions><course>28.8</course><speed>27.78</speed></extensions></trkpt>
      <trkpt lat="51.087377" lon="5.833635"><time>2026-09-24T18:20:28.915Z</time><extensions><course>28.8</course><speed>27.78</speed></extensions></trkpt>
      <trkpt lat="51.087576" lon="5.833774"><time>2026-09-24T18:20:29.915Z</time><extensions><course>28.8</course><speed>27.78</speed></extensions></trkpt>
      <trkpt lat="51.087776" lon="5.833976"><time>2026-09-24T18:20:30.915Z</time><extensions><course>28.8</course><speed>27.78</speed></extensions></trkpt>
      <trkpt lat="51.088011" lon="5.834185"><time>2026-09-24T18:20:31.915Z</time><extensions><course>28.8</course><speed>27.78</speed></extensions></trkpt>
      <trkpt lat="51.088231" lon="5.834384"><time>2026-09-24T18:20:32.915Z</time><extensions><course>28.8</course><speed>27.78</speed></extensions></trkpt>
      <trkpt lat="51.088453" lon="5.834575"><time>2026-09-24T18:20:33.915Z</time><extensions><course>28.8</course><speed>27.78</speed></extensions></trkpt>
      <trkpt lat="51.088662" lon="5.834777"><time>2026-09-24T18:20:34.915Z</time><extensions><course>28.8</course><speed>27.78</speed></extensions></trkpt>
      <trkpt lat="51.088881" lon="5.834949"><time>2026-09-24T18:20:35.915Z</time><extensions><course>28.8</course><speed>27.78</speed></extensions></trkpt>
      <trkpt lat="51.089100" lon="5.835181"><time>2026-09-24T18:20:36.915Z</time><extensions><course>28.8</course><speed>27.78</speed></extensions></trkpt>
      <trkpt lat="51.089306" lon="5.835354"><time>2026-09-24T18:20:37.915Z</time><extensions><course>28.8</course><speed>27.77</speed></extensions></trkpt>
      <trkpt lat="51.089547" lon="5.835538"><time>2026-09-24T18:20:38.915Z</time><extensions><course>28.8</course><speed>27.77</speed></extensions></trkpt>
      <trkpt lat="51.089773" lon="5.835723"><time>2026-09-24T18:20:39.915Z</time><extensions><course>28.8</course><speed>27.77</speed></extensions></trkpt>
      <trkpt lat="51.089985" lon="5.835929"><time>2026-09-24T18:20:40.915Z</time><extensions><course>28.8</course><speed>27.77</speed></extensions></trkpt>
      <trkpt lat="51.090195" lon="5.836137"><time>2026-09-24T18:20:41.915Z</time><extensions><course>28.8</course><speed>27.78</speed></extensions></trkpt>
      <trkpt lat="51.090426" lon="5.836288"><time>2026-09-24T18:20:42.915Z</time><extensions><course>28.8</course><speed>27.78</speed></extensions></trkpt>
      <trkpt lat="51.090637" lon="5.836495"><time>2026-09-24T18:20:43.915Z</time><extensions><course>28.8</course><speed>27.78</speed></extensions></trkpt>
      <trkpt lat="51.090842" lon="5.836683"><time>2026-09-24T18:20:44.915Z</time><extensions><course>28.8</course><speed>27.78</speed></extensions></trkpt>
      <trkpt lat="51.091089" lon="5.836843"><time>2026-09-24T18:20:45.915Z</time><extensions><course>28.8</course><speed>27.78</speed></extensions></trkpt>
      <trkpt lat="51.091303" lon="5.837068"><time>2026-09-24T18:20:46.915Z</time><extensions><course>28.8</course><speed>27.78</speed></extensions></trkpt>
      <trkpt lat="51.091510" lon="5.837256"><time>2026-09-24T18:20:47.915Z</time><extensions><course>28.8</course><speed>27.78</speed></extensions></trkpt>
      <trkpt lat="51.091731" lon="5.837433"><time>2026-09-24T18:20:48.915Z</time><extensions><course>28.8</course><speed>27.78</speed></extensions></trkpt>
      <trkpt lat="51.091926" lon="5.837625"><time>2026-09-24T18:20:49.915Z</time><extensions><course>28.8</course><speed>27.78</speed></extensions></trkpt>
      <trkpt lat="51.092187" lon="5.837825"><time>2026-09-24T18:20:50.915Z</time><extensions><course>28.8</course><speed>27.78</speed></extensions></trkpt>
      <trkpt lat="51.092390" lon="5.838025"><time>2026-09-24T18:20:51.915Z</time><extensions><course>28.8</course><speed>27.78</speed></extensions></trkpt>
      <trkpt lat="51.092597" lon="5.838187"><time>2026-09-24T18:20:52.915Z</time><extensions><course>28.8</course><speed>27.74</speed></extensions></trkpt>
      <trkpt lat="51.092811" lon="5.838435"><time>2026-09-24T18:20:53.915Z</time><extensions><course>28.8</course><speed>27.77</speed></extensions></trkpt>
      <trkpt lat="51.093033" lon="5.838586"><time>2026-09-24T18:20:54.915Z</time><extensions><course>28.8</course><speed>27.77</speed></extensions></trkpt>
      <trkpt lat="51.093240" lon="5.838783"><time>2026-09-24T18:20:55.915Z</time><extensions><course>28.6</course><speed>27.77</speed></extensions></trkpt>
      <trkpt lat="51.093469" lon="5.838992"><time>2026-09-24T18:20:56.915Z</time><extensions><course>28.8</course><speed>27.73</speed></extensions></trkpt>
      <trkpt lat="51.093720" lon="5.839175"><time>2026-09-24T18:20:57.915Z</time><extensions><course>28.8</course><speed>27.78</speed></extensions></trkpt>
      <trkpt lat="51.093932" lon="5.839338"><time>2026-09-24T18:20:58.915Z</time><extensions><course>28.8</course><speed>27.78</speed></extensions></trkpt>
      <trkpt lat="51.094118" lon="5.839575"><time>2026-09-24T18:20:59.915Z</time><extensions><course>28.8</course><speed>27.78</speed></extensions></trkpt>
      <trkpt lat="51.094368" lon="5.839731"><time>2026-09-24T18:21:00.915Z</time><extensions><course>28.8</course><speed>27.78</speed></extensions></trkpt>
      <trkpt lat="51.094590" lon="5.839953"><time>2026-09-24T18:21:01.915Z</time><extensions><course>28.8</course><speed>27.78</speed></extensions></trkpt>
      <trkpt lat="51.094793" lon="5.840126"><time>2026-09-24T18:21:02.915Z</time><extensions><course>28.8</course><speed>27.75</speed></extensions></trkpt>
      <trkpt lat="51.095029" lon="5.840338"><time>2026-09-24T18:21:03.915Z</time><extensions><course>28.8</course><speed>27.75</speed></extensions></trkpt>
      <trkpt lat="51.095245" lon="5.840489"><time>2026-09-24T18:21:04.915Z</time><extensions><course>28.8</course><speed>27.75</speed></extensions></trkpt>
      <trkpt lat="51.095455" lon="5.840675"><time>2026-09-24T18:21:05.915Z</time><extensions><course>28.7</course><speed>27.75</speed></extensions></trkpt>
      <trkpt lat="51.095666" lon="5.840897"><time>2026-09-24T18:21:06.915Z</time><extensions><course>28.7</course><speed>27.75</speed></extensions></trkpt>
      <trkpt lat="51.095882" lon="5.841073"><time>2026-09-24T18:21:07.915Z</time><extensions><course>28.7</course><speed>27.72</speed></extensions></trkpt>
      <trkpt lat="51.096117" lon="5.841283"><time>2026-09-24T18:21:08.915Z</time><extensions><course>28.7</course><speed>27.72</speed></extensions></trkpt>
      <trkpt lat="51.096322" lon="5.841456"><time>2026-09-24T18:21:09.915Z</time><extensions><course>28.7</course><speed>27.72</speed></extensions></trkpt>
      <trkpt lat="51.096543" lon="5.841650"><time>2026-09-24T18:21:10.915Z</time><extensions><course>29.0</course><speed>27.72</speed></extensions></trkpt>
      <trkpt lat="51.096764" lon="5.841828"><time>2026-09-24T18:21:11.915Z</time><extensions><course>29.0</course><speed>27.65</speed></extensions></trkpt>
      <trkpt lat="51.096973" lon="5.842028"><time>2026-09-24T18:21:12.915Z</time><extensions><course>29.0</course><speed>27.65</speed></extensions></trkpt>
      <trkpt lat="51.097187" lon="5.842215"><time>2026-09-24T18:21:13.915Z</time><extensions><course>29.0</course><speed>27.76</speed></extensions></trkpt>
      <trkpt lat="51.097416" lon="5.842417"><time>2026-09-24T18:21:14.915Z</time><extensions><course>28.3</course><speed>27.76</speed></extensions></trkpt>
      <trkpt lat="51.097631" lon="5.842606"><time>2026-09-24T18:21:15.915Z</time><extensions><course>28.3</course><speed>27.67</speed></extensions></trkpt>
      <trkpt lat="51.097854" lon="5.842792"><time>2026-09-24T18:21:16.915Z</time><extensions><course>28.9</course><speed>27.62</speed></extensions></trkpt>
      <trkpt lat="51.098065" lon="5.842988"><time>2026-09-24T18:21:17.915Z</time><extensions><course>28.9</course><speed>27.73</speed></extensions></trkpt>
      <trkpt lat="51.098292" lon="5.843190"><time>2026-09-24T18:21:18.915Z</time><extensions><course>29.2</course><speed>27.55</speed></extensions></trkpt>
      <trkpt lat="51.098479" lon="5.843363"><time>2026-09-24T18:21:19.915Z</time><extensions><course>29.2</course><speed>27.55</speed></extensions></trkpt>
      <trkpt lat="51.098717" lon="5.843564"><time>2026-09-24T18:21:20.915Z</time><extensions><course>29.2</course><speed>27.59</speed></extensions></trkpt>
      <trkpt lat="51.098932" lon="5.843757"><time>2026-09-24T18:21:21.915Z</time><extensions><course>30.2</course><speed>27.38</speed></extensions></trkpt>
      <trkpt lat="51.099146" lon="5.843956"><time>2026-09-24T18:21:22.915Z</time><extensions><course>30.2</course><speed>27.38</speed></extensions></trkpt>
      <trkpt lat="51.099353" lon="5.844152"><time>2026-09-24T18:21:23.915Z</time><extensions><course>30.2</course><speed>27.56</speed></extensions></trkpt>
      <trkpt lat="51.099559" lon="5.844371"><time>2026-09-24T18:21:24.915Z</time><extensions><course>31.5</course><speed>27.21</speed></extensions></trkpt>
      <trkpt lat="51.099758" lon="5.844581"><time>2026-09-24T18:21:25.915Z</time><extensions><course>31.5</course><speed>27.21</speed></extensions></trkpt>
      <trkpt lat="51.099994" lon="5.844735"><time>2026-09-24T18:21:26.915Z</time><extensions><course>31.5</course><speed>27.06</speed></extensions></trkpt>
      <trkpt lat="51.100186" lon="5.844990"><time>2026-09-24T18:21:27.915Z</time><extensions><course>33.5</course><speed>27.06</speed></extensions></trkpt>
      <trkpt lat="51.100396" lon="5.845186"><time>2026-09-24T18:21:28.915Z</time><extensions><course>33.5</course><speed>27.41</speed></extensions></trkpt>
      <trkpt lat="51.100620" lon="5.845407"><time>2026-09-24T18:21:29.915Z</time><extensions><course>35.6</course><speed>27.12</speed></extensions></trkpt>
      <trkpt lat="51.100790" lon="5.845599"><time>2026-09-24T18:21:30.915Z</time><extensions><course>35.6</course><speed>27.12</speed></extensions></trkpt>
      <trkpt lat="51.101006" lon="5.845829"><time>2026-09-24T18:21:31.915Z</time><extensions><course>35.6</course><speed>27.49</speed></extensions></trkpt>
      <trkpt lat="51.101199" lon="5.846133"><time>2026-09-24T18:21:32.915Z</time><extensions><course>37.3</course><speed>27.09</speed></extensions></trkpt>
      <trkpt lat="51.101383" lon="5.846291"><time>2026-09-24T18:21:33.915Z</time><extensions><course>37.3</course><speed>27.38</speed></extensions></trkpt>
      <trkpt lat="51.101575" lon="5.846565"><time>2026-09-24T18:21:34.915Z</time><extensions><course>39.6</course><speed>27.07</speed></extensions></trkpt>
      <trkpt lat="51.101753" lon="5.846802"><time>2026-09-24T18:21:35.915Z</time><extensions><course>39.6</course><speed>26.76</speed></extensions></trkpt>
      <trkpt lat="51.101947" lon="5.847052"><time>2026-09-24T18:21:36.915Z</time><extensions><course>39.6</course><speed>27.16</speed></extensions></trkpt>
      <trkpt lat="51.102123" lon="5.847303"><time>2026-09-24T18:21:37.915Z</time><extensions><course>41.4</course><speed>27.10</speed></extensions></trkpt>
      <trkpt lat="51.102311" lon="5.847581"><time>2026-09-24T18:21:38.915Z</time><extensions><course>43.1</course><speed>27.10</speed></extensions></trkpt>
      <trkpt lat="51.102498" lon="5.847826"><time>2026-09-24T18:21:39.915Z</time><extensions><course>43.1</course><speed>27.18</speed></extensions></trkpt>
      <trkpt lat="51.102682" lon="5.848069"><time>2026-09-24T18:21:40.915Z</time><extensions><course>43.5</course><speed>27.49</speed></extensions></trkpt>
      <trkpt lat="51.102851" lon="5.848369"><time>2026-09-24T18:21:41.915Z</time><extensions><course>43.5</course><speed>27.09</speed></extensions></trkpt>
      <trkpt lat="51.103048" lon="5.848624"><time>2026-09-24T18:21:42.915Z</time><extensions><course>44.8</course><speed>27.09</speed></extensions></trkpt>
      <trkpt lat="51.103189" lon="5.848901"><time>2026-09-24T18:21:43.915Z</time><extensions><course>44.8</course><speed>27.32</speed></extensions></trkpt>
      <trkpt lat="51.103390" lon="5.849206"><time>2026-09-24T18:21:44.915Z</time><extensions><course>47.4</course><speed>27.10</speed></extensions></trkpt>
      <trkpt lat="51.103531" lon="5.849487"><time>2026-09-24T18:21:45.915Z</time><extensions><course>47.4</course><speed>27.56</speed></extensions></trkpt>
      <trkpt lat="51.103712" lon="5.849742"><time>2026-09-24T18:21:46.915Z</time><extensions><course>47.4</course><speed>27.56</speed></extensions></trkpt>
      <trkpt lat="51.103887" lon="5.850070"><time>2026-09-24T18:21:47.915Z</time><extensions><course>48.7</course><speed>27.62</speed></extensions></trkpt>
      <trkpt lat="51.104026" lon="5.850407"><time>2026-09-24T18:21:48.915Z</time><extensions><course>48.7</course><speed>27.73</speed></extensions></trkpt>
      <trkpt lat="51.104195" lon="5.850639"><time>2026-09-24T18:21:49.915Z</time><extensions><course>48.7</course><speed>27.73</speed></extensions></trkpt>
      <trkpt lat="51.104345" lon="5.850926"><time>2026-09-24T18:21:50.915Z</time><extensions><course>48.3</course><speed>27.66</speed></extensions></trkpt>
      <trkpt lat="51.104510" lon="5.851281"><time>2026-09-24T18:21:51.915Z</time><extensions><course>48.9</course><speed>27.59</speed></extensions></trkpt>
      <trkpt lat="51.104685" lon="5.851554"><time>2026-09-24T18:21:52.915Z</time><extensions><course>48.9</course><speed>27.70</speed></extensions></trkpt>
      <trkpt lat="51.104849" lon="5.851850"><time>2026-09-24T18:21:53.915Z</time><extensions><course>49.4</course><speed>27.70</speed></extensions></trkpt>
      <trkpt lat="51.105011" lon="5.852147"><time>2026-09-24T18:21:54.915Z</time><extensions><course>49.4</course><speed>27.70</speed></extensions></trkpt>
      <trkpt lat="51.105153" lon="5.852470"><time>2026-09-24T18:21:55.915Z</time><extensions><course>49.4</course><speed>27.78</speed></extensions></trkpt>
      <trkpt lat="51.105332" lon="5.852785"><time>2026-09-24T18:21:56.915Z</time><extensions><course>49.4</course><speed>27.71</speed></extensions></trkpt>
      <trkpt lat="51.105499" lon="5.853020"><time>2026-09-24T18:21:57.915Z</time><extensions><course>49.4</course><speed>27.67</speed></extensions></trkpt>
      <trkpt lat="51.105646" lon="5.853369"><time>2026-09-24T18:21:58.915Z</time><extensions><course>49.4</course><speed>27.67</speed></extensions></trkpt>
      <trkpt lat="51.105823" lon="5.853661"><time>2026-09-24T18:21:59.915Z</time><extensions><course>49.0</course><speed>27.67</speed></extensions></trkpt>
      <trkpt lat="51.105964" lon="5.853939"><time>2026-09-24T18:22:00.915Z</time><extensions><course>50.0</course><speed>27.60</speed></extensions></trkpt>
      <trkpt lat="51.106133" lon="5.854232"><time>2026-09-24T18:22:01.915Z</time><extensions><course>50.0</course><speed>27.68</speed></extensions></trkpt>
      <trkpt lat="51.106299" lon="5.854568"><time>2026-09-24T18:22:02.915Z</time><extensions><course>50.0</course><speed>27.68</speed></extensions></trkpt>
      <trkpt lat="51.106474" lon="5.854867"><time>2026-09-24T18:22:03.915Z</time><extensions><course>50.0</course><speed>27.68</speed></extensions></trkpt>
      <trkpt lat="51.106632" lon="5.855200"><time>2026-09-24T18:22:04.915Z</time><extensions><course>49.5</course><speed>27.68</speed></extensions></trkpt>
      <trkpt lat="51.106801" lon="5.855477"><time>2026-09-24T18:22:05.915Z</time><extensions><course>49.5</course><speed>27.78</speed></extensions></trkpt>
      <trkpt lat="51.106929" lon="5.855784"><time>2026-09-24T18:22:06.915Z</time><extensions><course>49.5</course><speed>27.78</speed></extensions></trkpt>
      <trkpt lat="51.107084" lon="5.856077"><time>2026-09-24T18:22:07.915Z</time><extensions><course>49.5</course><speed>27.56</speed></extensions></trkpt>
      <trkpt lat="51.107262" lon="5.856411"><time>2026-09-24T18:22:08.915Z</time><extensions><course>49.5</course><speed>27.56</speed></extensions></trkpt>
      <trkpt lat="51.107425" lon="5.856663"><time>2026-09-24T18:22:09.915Z</time><extensions><course>48.2</course><speed>27.56</speed></extensions></trkpt>
      <trkpt lat="51.107600" lon="5.856955"><time>2026-09-24T18:22:10.915Z</time><extensions><course>48.2</course><speed>27.44</speed></extensions></trkpt>
      <trkpt lat="51.107763" lon="5.857267"><time>2026-09-24T18:22:11.915Z</time><extensions><course>48.2</course><speed>27.66</speed></extensions></trkpt>
      <trkpt lat="51.107949" lon="5.857569"><time>2026-09-24T18:22:12.915Z</time><extensions><course>48.2</course><speed>27.66</speed></extensions></trkpt>
      <trkpt lat="51.108080" lon="5.857863"><time>2026-09-24T18:22:13.915Z</time><extensions><course>47.5</course><speed>27.50</speed></extensions></trkpt>
      <trkpt lat="51.108257" lon="5.858130"><time>2026-09-24T18:22:14.915Z</time><extensions><course>47.5</course><speed>27.61</speed></extensions></trkpt>
      <trkpt lat="51.108428" lon="5.858427"><time>2026-09-24T18:22:15.915Z</time><extensions><course>47.5</course><speed>27.61</speed></extensions></trkpt>
      <trkpt lat="51.108595" lon="5.858720"><time>2026-09-24T18:22:16.915Z</time><extensions><course>46.6</course><speed>27.61</speed></extensions></trkpt>
      <trkpt lat="51.108761" lon="5.859028"><time>2026-09-24T18:22:17.915Z</time><extensions><course>46.6</course><speed>27.53</speed></extensions></trkpt>
      <trkpt lat="51.108941" lon="5.859289"><time>2026-09-24T18:22:18.915Z</time><extensions><course>46.6</course><speed>27.53</speed></extensions></trkpt>
      <trkpt lat="51.109115" lon="5.859569"><time>2026-09-24T18:22:19.915Z</time><extensions><course>46.6</course><speed>27.53</speed></extensions></trkpt>
      <trkpt lat="51.109275" lon="5.859865"><time>2026-09-24T18:22:20.915Z</time><extensions><course>45.2</course><speed>27.53</speed></extensions></trkpt>
      <trkpt lat="51.109440" lon="5.860166"><time>2026-09-24T18:22:21.915Z</time><extensions><course>45.2</course><speed>27.78</speed></extensions></trkpt>
      <trkpt lat="51.109634" lon="5.860426"><time>2026-09-24T18:22:22.915Z</time><extensions><course>45.2</course><speed>27.50</speed></extensions></trkpt>
      <trkpt lat="51.109803" lon="5.860677"><time>2026-09-24T18:22:23.915Z</time><extensions><course>45.2</course><speed>27.50</speed></extensions></trkpt>
      <trkpt lat="51.109995" lon="5.860989"><time>2026-09-24T18:22:24.915Z</time><extensions><course>43.6</course><speed>27.50</speed></extensions></trkpt>
      <trkpt lat="51.110160" lon="5.861289"><time>2026-09-24T18:22:25.915Z</time><extensions><course>43.6</course><speed>27.50</speed></extensions></trkpt>
      <trkpt lat="51.110350" lon="5.861501"><time>2026-09-24T18:22:26.915Z</time><extensions><course>43.6</course><speed>27.58</speed></extensions></trkpt>
      <trkpt lat="51.110538" lon="5.861770"><time>2026-09-24T18:22:27.915Z</time><extensions><course>43.6</course><speed>27.58</speed></extensions></trkpt>
      <trkpt lat="51.110713" lon="5.862087"><time>2026-09-24T18:22:28.915Z</time><extensions><course>43.6</course><speed>27.58</speed></extensions></trkpt>
      <trkpt lat="51.110856" lon="5.862322"><time>2026-09-24T18:22:29.915Z</time><extensions><course>42.4</course><speed>27.58</speed></extensions></trkpt>
      <trkpt lat="51.111059" lon="5.862580"><time>2026-09-24T18:22:30.915Z</time><extensions><course>42.4</course><speed>27.58</speed></extensions></trkpt>
      <trkpt lat="51.111237" lon="5.862870"><time>2026-09-24T18:22:31.915Z</time><extensions><course>42.4</course><speed>27.78</speed></extensions></trkpt>
      <trkpt lat="51.111413" lon="5.863138"><time>2026-09-24T18:22:32.915Z</time><extensions><course>42.4</course><speed>27.78</speed></extensions></trkpt>
      <trkpt lat="51.111587" lon="5.863406"><time>2026-09-24T18:22:33.915Z</time><extensions><course>42.4</course><speed>27.66</speed></extensions></trkpt>
      <trkpt lat="51.111786" lon="5.863639"><time>2026-09-24T18:22:34.915Z</time><extensions><course>42.4</course><speed>27.66</speed></extensions></trkpt>
      <trkpt lat="51.111964" lon="5.863970"><time>2026-09-24T18:22:35.915Z</time><extensions><course>41.7</course><speed>27.66</speed></extensions></trkpt>
      <trkpt lat="51.112166" lon="5.864214"><time>2026-09-24T18:22:36.915Z</time><extensions><course>41.7</course><speed>27.66</speed></extensions></trkpt>
      <trkpt lat="51.112354" lon="5.864432"><time>2026-09-24T18:22:37.915Z</time><extensions><course>41.7</course><speed>27.78</speed></extensions></trkpt>
      <trkpt lat="51.112560" lon="5.864735"><time>2026-09-24T18:22:38.915Z</time><extensions><course>41.7</course><speed>27.63</speed></extensions></trkpt>
      <trkpt lat="51.112738" lon="5.865001"><time>2026-09-24T18:22:39.915Z</time><extensions><course>41.7</course><speed>27.63</speed></extensions></trkpt>
      <trkpt lat="51.112910" lon="5.865258"><time>2026-09-24T18:22:40.915Z</time><extensions><course>41.7</course><speed>27.63</speed></extensions></trkpt>
      <trkpt lat="51.113079" lon="5.865549"><time>2026-09-24T18:22:41.915Z</time><extensions><course>42.6</course><speed>27.63</speed></extensions></trkpt>
      <trkpt lat="51.113275" lon="5.865745"><time>2026-09-24T18:22:42.915Z</time><extensions><course>42.6</course><speed>27.63</speed></extensions></trkpt>
      <trkpt lat="51.113452" lon="5.866063"><time>2026-09-24T18:22:43.915Z</time><extensions><course>42.6</course><speed>27.43</speed></extensions></trkpt>
      <trkpt lat="51.113622" lon="5.866296"><time>2026-09-24T18:22:44.915Z</time><extensions><course>42.6</course><speed>27.43</speed></extensions></trkpt>
      <trkpt lat="51.113830" lon="5.866590"><time>2026-09-24T18:22:45.915Z</time><extensions><course>42.6</course><speed>27.43</speed></extensions></trkpt>
      <trkpt lat="51.113994" lon="5.866849"><time>2026-09-24T18:22:46.915Z</time><extensions><course>44.6</course><speed>27.43</speed></extensions></trkpt>
      <trkpt lat="51.114184" lon="5.867104"><time>2026-09-24T18:22:47.915Z</time><extensions><course>44.6</course><speed>27.43</speed></extensions></trkpt>
      <trkpt lat="51.114350" lon="5.867427"><time>2026-09-24T18:22:48.915Z</time><extensions><course>44.6</course><speed>27.78</speed></extensions></trkpt>
      <trkpt lat="51.114537" lon="5.867688"><time>2026-09-24T18:22:49.915Z</time><extensions><course>44.6</course><speed>27.49</speed></extensions></trkpt>
      <trkpt lat="51.114698" lon="5.867951"><time>2026-09-24T18:22:50.915Z</time><extensions><course>44.6</course><speed>27.54</speed></extensions></trkpt>
      <trkpt lat="51.114865" lon="5.868221"><time>2026-09-24T18:22:51.915Z</time><extensions><course>44.6</course><speed>27.46</speed></extensions></trkpt>
      <trkpt lat="51.115045" lon="5.868542"><time>2026-09-24T18:22:52.915Z</time><extensions><course>46.2</course><speed>27.36</speed></extensions></trkpt>
      <trkpt lat="51.115229" lon="5.868835"><time>2026-09-24T18:22:53.915Z</time><extensions><course>45.9</course><speed>27.64</speed></extensions></trkpt>
      <trkpt lat="51.115368" lon="5.869104"><time>2026-09-24T18:22:54.915Z</time><extensions><course>46.4</course><speed>27.56</speed></extensions></trkpt>
      <trkpt lat="51.115540" lon="5.869371"><time>2026-09-24T18:22:55.915Z</time><extensions><course>47.0</course><speed>27.40</speed></extensions></trkpt>
      <trkpt lat="51.115714" lon="5.869642"><time>2026-09-24T18:22:56.915Z</time><extensions><course>47.0</course><speed>27.48</speed></extensions></trkpt>
      <trkpt lat="51.115900" lon="5.869950"><time>2026-09-24T18:22:57.915Z</time><extensions><course>47.5</course><speed>27.58</speed></extensions></trkpt>
      <trkpt lat="51.116064" lon="5.870276"><time>2026-09-24T18:22:58.915Z</time><extensions><course>48.1</course><speed>27.52</speed></extensions></trkpt>
      <trkpt lat="51.116220" lon="5.870516"><time>2026-09-24T18:22:59.915Z</time><extensions><course>48.1</course><speed>27.52</speed></extensions></trkpt>
      <trkpt lat="51.116397" lon="5.870823"><time>2026-09-24T18:23:00.915Z</time><extensions><course>48.1</course><speed>27.48</speed></extensions></trkpt>
      <trkpt lat="51.116558" lon="5.871122"><time>2026-09-24T18:23:01.915Z</time><extensions><course>48.9</course><speed>27.48</speed></extensions></trkpt>
      <trkpt lat="51.116725" lon="5.871432"><time>2026-09-24T18:23:02.915Z</time><extensions><course>48.9</course><speed>27.61</speed></extensions></trkpt>
      <trkpt lat="51.116884" lon="5.871738"><time>2026-09-24T18:23:03.915Z</time><extensions><course>49.9</course><speed>27.49</speed></extensions></trkpt>
      <trkpt lat="51.117023" lon="5.871991"><time>2026-09-24T18:23:04.915Z</time><extensions><course>49.9</course><speed>27.49</speed></extensions></trkpt>
      <trkpt lat="51.117176" lon="5.872319"><time>2026-09-24T18:23:05.915Z</time><extensions><course>49.9</course><speed>27.56</speed></extensions></trkpt>
      <trkpt lat="51.117350" lon="5.872633"><time>2026-09-24T18:23:06.915Z</time><extensions><course>50.6</course><speed>27.56</speed></extensions></trkpt>
      <trkpt lat="51.117518" lon="5.872914"><time>2026-09-24T18:23:07.915Z</time><extensions><course>50.6</course><speed>27.56</speed></extensions></trkpt>
      <trkpt lat="51.117674" lon="5.873236"><time>2026-09-24T18:23:08.915Z</time><extensions><course>51.1</course><speed>27.68</speed></extensions></trkpt>
      <trkpt lat="51.117834" lon="5.873530"><time>2026-09-24T18:23:09.915Z</time><extensions><course>51.1</course><speed>27.68</speed></extensions></trkpt>
      <trkpt lat="51.117986" lon="5.873881"><time>2026-09-24T18:23:10.915Z</time><extensions><course>51.1</course><speed>27.78</speed></extensions></trkpt>
      <trkpt lat="51.118139" lon="5.874198"><time>2026-09-24T18:23:11.915Z</time><extensions><course>51.1</course><speed>27.78</speed></extensions></trkpt>
      <trkpt lat="51.118292" lon="5.874481"><time>2026-09-24T18:23:12.915Z</time><extensions><course>51.1</course><speed>27.78</speed></extensions></trkpt>
      <trkpt lat="51.118445" lon="5.874763"><time>2026-09-24T18:23:13.915Z</time><extensions><course>51.1</course><speed>27.66</speed></extensions></trkpt>
      <trkpt lat="51.118608" lon="5.875047"><time>2026-09-24T18:23:14.915Z</time><extensions><course>51.1</course><speed>27.66</speed></extensions></trkpt>
      <trkpt lat="51.118766" lon="5.875395"><time>2026-09-24T18:23:15.915Z</time><extensions><course>51.1</course><speed>27.66</speed></extensions></trkpt>
      <trkpt lat="51.118927" lon="5.875695"><time>2026-09-24T18:23:16.915Z</time><extensions><course>51.8</course><speed>27.66</speed></extensions></trkpt>
      <trkpt lat="51.119051" lon="5.876043"><time>2026-09-24T18:23:17.915Z</time><extensions><course>51.8</course><speed>27.78</speed></extensions></trkpt>
      <trkpt lat="51.119231" lon="5.876306"><time>2026-09-24T18:23:18.915Z</time><extensions><course>51.8</course><speed>27.78</speed></extensions></trkpt>
      <trkpt lat="51.119374" lon="5.876647"><time>2026-09-24T18:23:19.915Z</time><extensions><course>51.8</course><speed>27.78</speed></extensions></trkpt>
      <trkpt lat="51.119537" lon="5.876945"><time>2026-09-24T18:23:20.915Z</time><extensions><course>51.8</course><speed>27.78</speed></extensions></trkpt>
      <trkpt lat="51.119703" lon="5.877247"><time>2026-09-24T18:23:21.915Z</time><extensions><course>51.8</course><speed>27.78</speed></extensions></trkpt>
      <trkpt lat="51.119843" lon="5.877611"><time>2026-09-24T18:23:22.915Z</time><extensions><course>51.8</course><speed>27.78</speed></extensions></trkpt>
      <trkpt lat="51.120000" lon="5.877896"><time>2026-09-24T18:23:23.915Z</time><extensions><course>51.8</course><speed>27.78</speed></extensions></trkpt>
      <trkpt lat="51.120162" lon="5.878213"><time>2026-09-24T18:23:24.915Z</time><extensions><course>51.8</course><speed>27.78</speed></extensions></trkpt>
      <trkpt lat="51.120311" lon="5.878497"><time>2026-09-24T18:23:25.915Z</time><extensions><course>51.8</course><speed>27.78</speed></extensions></trkpt>
      <trkpt lat="51.120460" lon="5.878863"><time>2026-09-24T18:23:26.915Z</time><extensions><course>51.8</course><speed>27.78</speed></extensions></trkpt>
      <trkpt lat="51.120632" lon="5.879132"><time>2026-09-24T18:23:27.915Z</time><extensions><course>51.8</course><speed>27.78</speed></extensions></trkpt>
      <trkpt lat="51.120761" lon="5.879487"><time>2026-09-24T18:23:28.915Z</time><extensions><course>51.8</course><speed>27.78</speed></extensions></trkpt>
      <trkpt lat="51.120924" lon="5.879745"><time>2026-09-24T18:23:29.915Z</time><extensions><course>51.8</course><speed>27.78</speed></extensions></trkpt>
      <trkpt lat="51.121064" lon="5.880103"><time>2026-09-24T18:23:30.915Z</time><extensions><course>51.8</course><speed>27.78</speed></extensions></trkpt>
      <trkpt lat="51.121232" lon="5.880381"><time>2026-09-24T18:23:31.915Z</time><extensions><course>51.8</course><speed>27.78</speed></extensions></trkpt>
      <trkpt lat="51.121365" lon="5.880696"><time>2026-09-24T18:23:32.915Z</time><extensions><course>51.8</course><speed>27.78</speed></extensions></trkpt>
      <trkpt lat="51.121541" lon="5.881022"><time>2026-09-24T18:23:33.915Z</time><extensions><course>51.8</course><speed>27.78</speed></extensions></trkpt>
      <trkpt lat="51.121696" lon="5.881331"><time>2026-09-24T18:23:34.915Z</time><extensions><course>51.8</course><speed>27.78</speed></extensions></trkpt>
      <trkpt lat="51.121841" lon="5.881625"><time>2026-09-24T18:23:35.915Z</time><extensions><course>51.8</course><speed>27.78</speed></extensions></trkpt>
      <trkpt lat="51.121992" lon="5.881950"><time>2026-09-24T18:23:36.915Z</time><extensions><course>51.8</course><speed>27.78</speed></extensions></trkpt>
      <trkpt lat="51.122148" lon="5.882286"><time>2026-09-24T18:23:37.915Z</time><extensions><course>51.8</course><speed>27.57</speed></extensions></trkpt>
      <trkpt lat="51.122315" lon="5.882566"><time>2026-09-24T18:23:38.915Z</time><extensions><course>51.8</course><speed>27.57</speed></extensions></trkpt>
      <trkpt lat="51.122443" lon="5.882867"><time>2026-09-24T18:23:39.915Z</time><extensions><course>51.8</course><speed>27.57</speed></extensions></trkpt>
      <trkpt lat="51.122621" lon="5.883214"><time>2026-09-24T18:23:40.915Z</time><extensions><course>50.6</course><speed>27.70</speed></extensions></trkpt>
      <trkpt lat="51.122776" lon="5.883523"><time>2026-09-24T18:23:41.915Z</time><extensions><course>50.6</course><speed>27.70</speed></extensions></trkpt>
      <trkpt lat="51.122947" lon="5.883800"><time>2026-09-24T18:23:42.915Z</time><extensions><course>50.6</course><speed>27.61</speed></extensions></trkpt>
      <trkpt lat="51.123094" lon="5.884101"><time>2026-09-24T18:23:43.915Z</time><extensions><course>52.3</course><speed>27.61</speed></extensions></trkpt>
      <trkpt lat="51.123241" lon="5.884431"><time>2026-09-24T18:23:44.915Z</time><extensions><course>52.3</course><speed>27.65</speed></extensions></trkpt>
      <trkpt lat="51.123406" lon="5.884755"><time>2026-09-24T18:23:45.915Z</time><extensions><course>51.5</course><speed>27.65</speed></extensions></trkpt>
      <trkpt lat="51.123549" lon="5.885056"><time>2026-09-24T18:23:46.915Z</time><extensions><course>51.5</course><speed>27.65</speed></extensions></trkpt>
      <trkpt lat="51.123715" lon="5.885358"><time>2026-09-24T18:23:47.915Z</time><extensions><course>51.5</course><speed>27.53</speed></extensions></trkpt>
      <trkpt lat="51.123855" lon="5.885676"><time>2026-09-24T18:23:48.915Z</time><extensions><course>51.5</course><speed>27.68</speed></extensions></trkpt>
      <trkpt lat="51.124002" lon="5.885955"><time>2026-09-24T18:23:49.915Z</time><extensions><course>51.5</course><speed>27.44</speed></extensions></trkpt>
      <trkpt lat="51.124170" lon="5.886317"><time>2026-09-24T18:23:50.915Z</time><extensions><course>50.1</course><speed>27.44</speed></extensions></trkpt>
      <trkpt lat="51.124322" lon="5.886574"><time>2026-09-24T18:23:51.915Z</time><extensions><course>50.9</course><speed>27.54</speed></extensions></trkpt>
      <trkpt lat="51.124487" lon="5.886881"><time>2026-09-24T18:23:52.915Z</time><extensions><course>49.6</course><speed>27.39</speed></extensions></trkpt>
      <trkpt lat="51.124621" lon="5.887185"><time>2026-09-24T18:23:53.915Z</time><extensions><course>49.6</course><speed>27.51</speed></extensions></trkpt>
      <trkpt lat="51.124796" lon="5.887508"><time>2026-09-24T18:23:54.915Z</time><extensions><course>48.7</course><speed>27.28</speed></extensions></trkpt>
      <trkpt lat="51.124971" lon="5.887769"><time>2026-09-24T18:23:55.915Z</time><extensions><course>48.0</course><speed>27.42</speed></extensions></trkpt>
      <trkpt lat="51.125132" lon="5.888070"><time>2026-09-24T18:23:56.915Z</time><extensions><course>48.0</course><speed>27.08</speed></extensions></trkpt>
      <trkpt lat="51.125297" lon="5.888370"><time>2026-09-24T18:23:57.915Z</time><extensions><course>46.7</course><speed>27.20</speed></extensions></trkpt>
      <trkpt lat="51.125460" lon="5.888647"><time>2026-09-24T18:23:58.915Z</time><extensions><course>46.7</course><speed>27.20</speed></extensions></trkpt>
      <trkpt lat="51.125630" lon="5.888921"><time>2026-09-24T18:23:59.915Z</time><extensions><course>44.7</course><speed>27.01</speed></extensions></trkpt>
      <trkpt lat="51.125817" lon="5.889207"><time>2026-09-24T18:24:00.915Z</time><extensions><course>44.7</course><speed>27.36</speed></extensions></trkpt>
      <trkpt lat="51.125986" lon="5.889459"><time>2026-09-24T18:24:01.915Z</time><extensions><course>44.7</course><speed>27.15</speed></extensions></trkpt>
      <trkpt lat="51.126169" lon="5.889747"><time>2026-09-24T18:24:02.915Z</time><extensions><course>42.3</course><speed>27.06</speed></extensions></trkpt>
      <trkpt lat="51.126326" lon="5.890017"><time>2026-09-24T18:24:03.915Z</time><extensions><course>42.3</course><speed>27.31</speed></extensions></trkpt>
      <trkpt lat="51.126522" lon="5.890255"><time>2026-09-24T18:24:04.915Z</time><extensions><course>41.1</course><speed>27.23</speed></extensions></trkpt>
      <trkpt lat="51.126708" lon="5.890522"><time>2026-09-24T18:24:05.915Z</time><extensions><course>40.6</course><speed>27.09</speed></extensions></trkpt>
      <trkpt lat="51.126892" lon="5.890705"><time>2026-09-24T18:24:06.915Z</time><extensions><course>39.6</course><speed>27.18</speed></extensions></trkpt>
      <trkpt lat="51.127084" lon="5.890985"><time>2026-09-24T18:24:07.915Z</time><extensions><course>39.1</course><speed>27.35</speed></extensions></trkpt>
      <trkpt lat="51.127281" lon="5.891237"><time>2026-09-24T18:24:08.915Z</time><extensions><course>37.1</course><speed>27.01</speed></extensions></trkpt>
      <trkpt lat="51.127481" lon="5.891500"><time>2026-09-24T18:24:09.915Z</time><extensions><course>37.1</course><speed>27.01</speed></extensions></trkpt>
      <trkpt lat="51.127670" lon="5.891704"><time>2026-09-24T18:24:10.915Z</time><extensions><course>37.1</course><speed>27.36</speed></extensions></trkpt>
      <trkpt lat="51.127873" lon="5.891963"><time>2026-09-24T18:24:11.915Z</time><extensions><course>34.7</course><speed>26.94</speed></extensions></trkpt>
      <trkpt lat="51.128057" lon="5.892133"><time>2026-09-24T18:24:12.915Z</time><extensions><course>34.7</course><speed>26.94</speed></extensions></trkpt>
      <trkpt lat="51.128263" lon="5.892382"><time>2026-09-24T18:24:13.915Z</time><extensions><course>34.7</course><speed>27.36</speed></extensions></trkpt>
      <trkpt lat="51.128469" lon="5.892589"><time>2026-09-24T18:24:14.915Z</time><extensions><course>32.3</course><speed>27.13</speed></extensions></trkpt>
      <trkpt lat="51.128699" lon="5.892793"><time>2026-09-24T18:24:15.915Z</time><extensions><course>32.3</course><speed>27.37</speed></extensions></trkpt>
      <trkpt lat="51.128882" lon="5.893007"><time>2026-09-24T18:24:16.915Z</time><extensions><course>32.3</course><speed>27.37</speed></extensions></trkpt>
      <trkpt lat="51.129088" lon="5.893214"><time>2026-09-24T18:24:17.915Z</time><extensions><course>31.0</course><speed>27.37</speed></extensions></trkpt>
      <trkpt lat="51.129305" lon="5.893389"><time>2026-09-24T18:24:18.915Z</time><extensions><course>29.9</course><speed>27.20</speed></extensions></trkpt>
      <trkpt lat="51.129520" lon="5.893600"><time>2026-09-24T18:24:19.915Z</time><extensions><course>29.9</course><speed>27.20</speed></extensions></trkpt>
      <trkpt lat="51.129719" lon="5.893815"><time>2026-09-24T18:24:20.915Z</time><extensions><course>29.9</course><speed>27.38</speed></extensions></trkpt>
      <trkpt lat="51.129956" lon="5.893999"><time>2026-09-24T18:24:21.915Z</time><extensions><course>27.7</course><speed>26.80</speed></extensions></trkpt>
      <trkpt lat="51.130153" lon="5.894184"><time>2026-09-24T18:24:22.915Z</time><extensions><course>27.7</course><speed>27.20</speed></extensions></trkpt>
      <trkpt lat="51.130361" lon="5.894350"><time>2026-09-24T18:24:23.915Z</time><extensions><course>27.7</course><speed>27.20</speed></extensions></trkpt>
      <trkpt lat="51.130581" lon="5.894536"><time>2026-09-24T18:24:24.915Z</time><extensions><course>24.3</course><speed>27.02</speed></extensions></trkpt>
      <trkpt lat="51.130799" lon="5.894653"><time>2026-09-24T18:24:25.915Z</time><extensions><course>24.3</course><speed>27.60</speed></extensions></trkpt>
      <trkpt lat="51.131042" lon="5.894827"><time>2026-09-24T18:24:26.915Z</time><extensions><course>23.3</course><speed>27.44</speed></extensions></trkpt>
      <trkpt lat="51.131263" lon="5.894999"><time>2026-09-24T18:24:27.915Z</time><extensions><course>23.3</course><speed>27.44</speed></extensions></trkpt>
      <trkpt lat="51.131489" lon="5.895123"><time>2026-09-24T18:24:28.915Z</time><extensions><course>22.4</course><speed>27.24</speed></extensions></trkpt>
      <trkpt lat="51.131735" lon="5.895278"><time>2026-09-24T18:24:29.915Z</time><extensions><course>22.4</course><speed>27.24</speed></extensions></trkpt>
      <trkpt lat="51.131945" lon="5.895443"><time>2026-09-24T18:24:30.915Z</time><extensions><course>20.5</course><speed>26.92</speed></extensions></trkpt>
      <trkpt lat="51.132174" lon="5.895602"><time>2026-09-24T18:24:31.915Z</time><extensions><course>20.2</course><speed>26.92</speed></extensions></trkpt>
      <trkpt lat="51.132408" lon="5.895699"><time>2026-09-24T18:24:32.915Z</time><extensions><course>20.2</course><speed>27.10</speed></extensions></trkpt>
      <trkpt lat="51.132621" lon="5.895796"><time>2026-09-24T18:24:33.915Z</time><extensions><course>17.5</course><speed>27.16</speed></extensions></trkpt>
      <trkpt lat="51.132862" lon="5.895955"><time>2026-09-24T18:24:34.915Z</time><extensions><course>17.5</course><speed>26.92</speed></extensions></trkpt>
      <trkpt lat="51.133098" lon="5.896067"><time>2026-09-24T18:24:35.915Z</time><extensions><course>16.6</course><speed>27.39</speed></extensions></trkpt>
      <trkpt lat="51.133319" lon="5.896138"><time>2026-09-24T18:24:36.915Z</time><extensions><course>16.6</course><speed>27.39</speed></extensions></trkpt>
      <trkpt lat="51.133580" lon="5.896265"><time>2026-09-24T18:24:37.915Z</time><extensions><course>15.3</course><speed>27.15</speed></extensions></trkpt>
      <trkpt lat="51.133805" lon="5.896378"><time>2026-09-24T18:24:38.915Z</time><extensions><course>15.3</course><speed>27.39</speed></extensions></trkpt>
      <trkpt lat="51.134027" lon="5.896460"><time>2026-09-24T18:24:39.915Z</time><extensions><course>15.3</course><speed>27.04</speed></extensions></trkpt>
      <trkpt lat="51.134285" lon="5.896582"><time>2026-09-24T18:24:40.915Z</time><extensions><course>13.0</course><speed>27.04</speed></extensions></trkpt>
      <trkpt lat="51.134517" lon="5.896674"><time>2026-09-24T18:24:41.915Z</time><extensions><course>13.0</course><speed>27.42</speed></extensions></trkpt>
      <trkpt lat="51.134757" lon="5.896741"><time>2026-09-24T18:24:42.915Z</time><extensions><course>11.0</course><speed>27.12</speed></extensions></trkpt>
      <trkpt lat="51.134994" lon="5.896831"><time>2026-09-24T18:24:43.915Z</time><extensions><course>11.0</course><speed>27.10</speed></extensions></trkpt>
      <trkpt lat="51.135243" lon="5.896890"><time>2026-09-24T18:24:44.915Z</time><extensions><course>11.0</course><speed>27.10</speed></extensions></trkpt>
      <trkpt lat="51.135488" lon="5.896973"><time>2026-09-24T18:24:45.915Z</time><extensions><course>9.2</course><speed>27.19</speed></extensions></trkpt>
      <trkpt lat="51.135705" lon="5.896998"><time>2026-09-24T18:24:46.915Z</time><extensions><course>7.1</course><speed>27.49</speed></extensions></trkpt>
      <trkpt lat="51.135960" lon="5.897068"><time>2026-09-24T18:24:47.915Z</time><extensions><course>7.1</course><speed>27.05</speed></extensions></trkpt>
      <trkpt lat="51.136177" lon="5.897096"><time>2026-09-24T18:24:48.915Z</time><extensions><course>7.6</course><speed>27.56</speed></extensions></trkpt>
      <trkpt lat="51.136438" lon="5.897161"><time>2026-09-24T18:24:49.915Z</time><extensions><course>7.6</course><speed>27.20</speed></extensions></trkpt>
      <trkpt lat="51.136686" lon="5.897208"><time>2026-09-24T18:24:50.915Z</time><extensions><course>5.1</course><speed>27.20</speed></extensions></trkpt>
      <trkpt lat="51.136936" lon="5.897251"><time>2026-09-24T18:24:51.915Z</time><extensions><course>5.8</course><speed>27.64</speed></extensions></trkpt>
      <trkpt lat="51.137165" lon="5.897316"><time>2026-09-24T18:24:52.915Z</time><extensions><course>4.3</course><speed>27.64</speed></extensions></trkpt>
      <trkpt lat="51.137431" lon="5.897309"><time>2026-09-24T18:24:53.915Z</time><extensions><course>4.3</course><speed>27.39</speed></extensions></trkpt>
      <trkpt lat="51.137661" lon="5.897354"><time>2026-09-24T18:24:54.915Z</time><extensions><course>4.3</course><speed>27.67</speed></extensions></trkpt>
      <trkpt lat="51.137906" lon="5.897366"><time>2026-09-24T18:24:55.915Z</time><extensions><course>4.3</course><speed>27.47</speed></extensions></trkpt>
      <trkpt lat="51.138165" lon="5.897365"><time>2026-09-24T18:24:56.915Z</time><extensions><course>3.6</course><speed>27.47</speed></extensions></trkpt>
      <trkpt lat="51.138427" lon="5.897415"><time>2026-09-24T18:24:57.915Z</time><extensions><course>3.6</course><speed>27.58</speed></extensions></trkpt>
      <trkpt lat="51.138652" lon="5.897437"><time>2026-09-24T18:24:58.915Z</time><extensions><course>2.5</course><speed>27.39</speed></extensions></trkpt>
      <trkpt lat="51.138899" lon="5.897440"><time>2026-09-24T18:24:59.915Z</time><extensions><course>2.5</course><speed>27.59</speed></extensions></trkpt>
      <trkpt lat="51.139142" lon="5.897507"><time>2026-09-24T18:25:00.915Z</time><extensions><course>1.4</course><speed>27.59</speed></extensions></trkpt>
      <trkpt lat="51.139398" lon="5.897475"><time>2026-09-24T18:25:01.915Z</time><extensions><course>1.4</course><speed>27.59</speed></extensions></trkpt>
      <trkpt lat="51.139644" lon="5.897519"><time>2026-09-24T18:25:02.915Z</time><extensions><course>1.4</course><speed>27.78</speed></extensions></trkpt>
      <trkpt lat="51.139884" lon="5.897523"><time>2026-09-24T18:25:03.915Z</time><extensions><course>1.4</course><speed>27.78</speed></extensions></trkpt>
      <trkpt lat="51.140148" lon="5.897510"><time>2026-09-24T18:25:04.915Z</time><extensions><course>1.4</course><speed>27.78</speed></extensions></trkpt>
      <trkpt lat="51.140408" lon="5.897525"><time>2026-09-24T18:25:05.915Z</time><extensions><course>1.4</course><speed>27.78</speed></extensions></trkpt>
      <trkpt lat="51.140649" lon="5.897519"><time>2026-09-24T18:25:06.915Z</time><extensions><course>1.4</course><speed>27.78</speed></extensions></trkpt>
      <trkpt lat="51.140884" lon="5.897527"><time>2026-09-24T18:25:07.915Z</time><extensions><course>1.4</course><speed>27.75</speed></extensions></trkpt>
      <trkpt lat="51.141164" lon="5.897547"><time>2026-09-24T18:25:08.915Z</time><extensions><course>1.4</course><speed>27.75</speed></extensions></trkpt>
      <trkpt lat="51.141390" lon="5.897560"><time>2026-09-24T18:25:09.915Z</time><extensions><course>1.4</course><speed>27.75</speed></extensions></trkpt>
      <trkpt lat="51.141649" lon="5.897566"><time>2026-09-24T18:25:10.915Z</time><extensions><course>1.6</course><speed>27.75</speed></extensions></trkpt>
      <trkpt lat="51.141873" lon="5.897589"><time>2026-09-24T18:25:11.915Z</time><extensions><course>1.6</course><speed>27.69</speed></extensions></trkpt>
      <trkpt lat="51.142149" lon="5.897557"><time>2026-09-24T18:25:12.915Z</time><extensions><course>1.6</course><speed>27.72</speed></extensions></trkpt>
      <trkpt lat="51.142375" lon="5.897576"><time>2026-09-24T18:25:13.915Z</time><extensions><course>1.6</course><speed>27.72</speed></extensions></trkpt>
      <trkpt lat="51.142663" lon="5.897598"><time>2026-09-24T18:25:14.915Z</time><extensions><course>1.6</course><speed>27.72</speed></extensions></trkpt>
      <trkpt lat="51.142892" lon="5.897601"><time>2026-09-24T18:25:15.915Z</time><extensions><course>1.2</course><speed>27.72</speed></extensions></trkpt>
      <trkpt lat="51.143128" lon="5.897661"><time>2026-09-24T18:25:16.915Z</time><extensions><course>1.2</course><speed>27.72</speed></extensions></trkpt>
      <trkpt lat="51.143391" lon="5.897635"><time>2026-09-24T18:25:17.915Z</time><extensions><course>1.2</course><speed>27.78</speed></extensions></trkpt>
      <trkpt lat="51.143640" lon="5.897649"><time>2026-09-24T18:25:18.915Z</time><extensions><course>1.2</course><speed>27.78</speed></extensions></trkpt>
      <trkpt lat="51.143877" lon="5.897690"><time>2026-09-24T18:25:19.915Z</time><extensions><course>1.2</course><speed>27.78</speed></extensions></trkpt>
      <trkpt lat="51.144109" lon="5.897669"><time>2026-09-24T18:25:20.915Z</time><extensions><course>1.2</course><speed>27.65</speed></extensions></trkpt>
      <trkpt lat="51.144397" lon="5.897682"><time>2026-09-24T18:25:21.915Z</time><extensions><course>1.2</course><speed>27.77</speed></extensions></trkpt>
      <trkpt lat="51.144613" lon="5.897654"><time>2026-09-24T18:25:22.915Z</time><extensions><course>1.2</course><speed>27.77</speed></extensions></trkpt>
      <trkpt lat="51.144881" lon="5.897700"><time>2026-09-24T18:25:23.915Z</time><extensions><course>2.0</course><speed>27.77</speed></extensions></trkpt>
      <trkpt lat="51.145137" lon="5.897709"><time>2026-09-24T18:25:24.915Z</time><extensions><course>1.2</course><speed>27.77</speed></extensions></trkpt>
      <trkpt lat="51.145388" lon="5.897740"><time>2026-09-24T18:25:25.915Z</time><extensions><course>1.2</course><speed>27.64</speed></extensions></trkpt>
      <trkpt lat="51.145625" lon="5.897688"><time>2026-09-24T18:25:26.915Z</time><extensions><course>1.2</course><speed>27.78</speed></extensions></trkpt>
      <trkpt lat="51.145880" lon="5.897754"><time>2026-09-24T18:25:27.915Z</time><extensions><course>1.2</course><speed>27.71</speed></extensions></trkpt>
      <trkpt lat="51.146123" lon="5.897752"><time>2026-09-24T18:25:28.915Z</time><extensions><course>1.2</course><speed>27.71</speed></extensions></trkpt>
      <trkpt lat="51.146375" lon="5.897724"><time>2026-09-24T18:25:29.915Z</time><extensions><course>1.6</course><speed>27.71</speed></extensions></trkpt>
      <trkpt lat="51.146637" lon="5.897737"><time>2026-09-24T18:25:30.915Z</time><extensions><course>1.6</course><speed>27.71</speed></extensions></trkpt>
      <trkpt lat="51.146876" lon="5.897764"><time>2026-09-24T18:25:31.915Z</time><extensions><course>1.6</course><speed>27.78</speed></extensions></trkpt>
      <trkpt lat="51.147123" lon="5.897777"><time>2026-09-24T18:25:32.915Z</time><extensions><course>1.6</course><speed>27.50</speed></extensions></trkpt>
      <trkpt lat="51.147390" lon="5.897775"><time>2026-09-24T18:25:33.915Z</time><extensions><course>1.6</course><speed>27.67</speed></extensions></trkpt>
      <trkpt lat="51.147629" lon="5.897791"><time>2026-09-24T18:25:34.915Z</time><extensions><course>1.6</course><speed>27.67</speed></extensions></trkpt>
      <trkpt lat="51.147873" lon="5.897807"><time>2026-09-24T18:25:35.915Z</time><extensions><course>0.0</course><speed>27.67</speed></extensions></trkpt>
      <trkpt lat="51.148109" lon="5.897776"><time>2026-09-24T18:25:36.915Z</time><extensions><course>1.0</course><speed>27.61</speed></extensions></trkpt>
      <trkpt lat="51.148342" lon="5.897806"><time>2026-09-24T18:25:37.915Z</time><extensions><course>1.0</course><speed>27.78</speed></extensions></trkpt>
      <trkpt lat="51.148599" lon="5.897799"><time>2026-09-24T18:25:38.915Z</time><extensions><course>1.0</course><speed>27.78</speed></extensions></trkpt>
      <trkpt lat="51.148855" lon="5.897824"><time>2026-09-24T18:25:39.915Z</time><extensions><course>1.0</course><speed>27.78</speed></extensions></trkpt>
      <trkpt lat="51.149131" lon="5.897839"><time>2026-09-24T18:25:40.915Z</time><extensions><course>1.0</course><speed>27.78</speed></extensions></trkpt>
      <trkpt lat="51.149369" lon="5.897818"><time>2026-09-24T18:25:41.915Z</time><extensions><course>1.0</course><speed>27.78</speed></extensions></trkpt>
      <trkpt lat="51.149612" lon="5.897841"><time>2026-09-24T18:25:42.915Z</time><extensions><course>1.0</course><speed>27.66</speed></extensions></trkpt>
      <trkpt lat="51.149884" lon="5.897842"><time>2026-09-24T18:25:43.915Z</time><extensions><course>1.0</course><speed>27.31</speed></extensions></trkpt>
      <trkpt lat="51.150098" lon="5.897887"><time>2026-09-24T18:25:44.915Z</time><extensions><course>1.0</course><speed>27.31</speed></extensions></trkpt>
      <trkpt lat="51.150362" lon="5.897883"><time>2026-09-24T18:25:45.915Z</time><extensions><course>0.3</course><speed>27.29</speed></extensions></trkpt>
      <trkpt lat="51.150583" lon="5.897847"><time>2026-09-24T18:25:46.915Z</time><extensions><course>358.3</course><speed>27.29</speed></extensions></trkpt>
      <trkpt lat="51.150849" lon="5.897894"><time>2026-09-24T18:25:47.915Z</time><extensions><course>358.3</course><speed>26.78</speed></extensions></trkpt>
      <trkpt lat="51.151097" lon="5.897858"><time>2026-09-24T18:25:48.915Z</time><extensions><course>358.2</course><speed>26.95</speed></extensions></trkpt>
      <trkpt lat="51.151328" lon="5.897823"><time>2026-09-24T18:25:49.915Z</time><extensions><course>358.2</course><speed>26.98</speed></extensions></trkpt>
      <trkpt lat="51.151588" lon="5.897791"><time>2026-09-24T18:25:50.915Z</time><extensions><course>354.6</course><speed>26.51</speed></extensions></trkpt>
      <trkpt lat="51.151790" lon="5.897733"><time>2026-09-24T18:25:51.915Z</time><extensions><course>353.5</course><speed>26.88</speed></extensions></trkpt>
      <trkpt lat="51.152039" lon="5.897700"><time>2026-09-24T18:25:52.915Z</time><extensions><course>353.5</course><speed>26.76</speed></extensions></trkpt>
      <trkpt lat="51.152258" lon="5.897697"><time>2026-09-24T18:25:53.915Z</time><extensions><course>350.8</course><speed>26.71</speed></extensions></trkpt>
      <trkpt lat="51.152520" lon="5.897594"><time>2026-09-24T18:25:54.915Z</time><extensions><course>350.8</course><speed>27.02</speed></extensions></trkpt>
      <trkpt lat="51.152771" lon="5.897556"><time>2026-09-24T18:25:55.915Z</time><extensions><course>348.7</course><speed>27.05</speed></extensions></trkpt>
      <trkpt lat="51.153006" lon="5.897437"><time>2026-09-24T18:25:56.915Z</time><extensions><course>347.4</course><speed>26.70</speed></extensions></trkpt>
      <trkpt lat="51.153246" lon="5.897395"><time>2026-09-24T18:25:57.915Z</time><extensions><course>346.5</course><speed>26.66</speed></extensions></trkpt>
      <trkpt lat="51.153440" lon="5.897282"><time>2026-09-24T18:25:58.915Z</time><extensions><course>346.7</course><speed>26.89</speed></extensions></trkpt>
      <trkpt lat="51.153698" lon="5.897198"><time>2026-09-24T18:25:59.915Z</time><extensions><course>342.5</course><speed>26.54</speed></extensions></trkpt>
      <trkpt lat="51.153932" lon="5.897105"><time>2026-09-24T18:26:00.915Z</time><extensions><course>342.3</course><speed>26.54</speed></extensions></trkpt>
      <trkpt lat="51.154158" lon="5.896991"><time>2026-09-24T18:26:01.915Z</time><extensions><course>342.3</course><speed>26.76</speed></extensions></trkpt>
      <trkpt lat="51.154357" lon="5.896863"><time>2026-09-24T18:26:02.915Z</time><extensions><course>339.6</course><speed>26.79</speed></extensions></trkpt>
      <trkpt lat="51.154619" lon="5.896692"><time>2026-09-24T18:26:03.915Z</time><extensions><course>339.6</course><speed>27.26</speed></extensions></trkpt>
      <trkpt lat="51.154845" lon="5.896563"><time>2026-09-24T18:26:04.915Z</time><extensions><course>336.6</course><speed>26.46</speed></extensions></trkpt>
      <trkpt lat="51.155051" lon="5.896413"><time>2026-09-24T18:26:05.915Z</time><extensions><course>336.6</course><speed>26.97</speed></extensions></trkpt>
      <trkpt lat="51.155291" lon="5.896239"><time>2026-09-24T18:26:06.915Z</time><extensions><course>336.6</course><speed>26.81</speed></extensions></trkpt>
      <trkpt lat="51.155485" lon="5.896087"><time>2026-09-24T18:26:07.915Z</time><extensions><course>331.9</course><speed>26.81</speed></extensions></trkpt>
      <trkpt lat="51.155695" lon="5.895876"><time>2026-09-24T18:26:08.915Z</time><extensions><course>331.9</course><speed>26.27</speed></extensions></trkpt>
      <trkpt lat="51.155893" lon="5.895719"><time>2026-09-24T18:26:09.915Z</time><extensions><course>331.0</course><speed>27.14</speed></extensions></trkpt>
      <trkpt lat="51.156123" lon="5.895503"><time>2026-09-24T18:26:10.915Z</time><extensions><course>331.0</course><speed>26.97</speed></extensions></trkpt>
      <trkpt lat="51.156327" lon="5.895341"><time>2026-09-24T18:26:11.915Z</time><extensions><course>327.9</course><speed>26.51</speed></extensions></trkpt>
      <trkpt lat="51.156549" lon="5.895113"><time>2026-09-24T18:26:12.915Z</time><extensions><course>328.3</course><speed>27.05</speed></extensions></trkpt>
      <trkpt lat="51.156729" lon="5.894894"><time>2026-09-24T18:26:13.915Z</time><extensions><course>326.3</course><speed>32.45</speed></extensions></trkpt>
      <trkpt lat="51.156976" lon="5.894655"><time>2026-09-24T18:26:14.915Z</time><extensions><course>323.7</course><speed>32.41</speed></extensions></trkpt>
      <trkpt lat="51.157186" lon="5.894393"><time>2026-09-24T18:26:15.915Z</time><extensions><course>323.7</course><speed>32.69</speed></extensions></trkpt>
      <trkpt lat="51.157439" lon="5.894102"><time>2026-09-24T18:26:16.915Z</time><extensions><course>321.9</course><speed>32.69</speed></extensions></trkpt>
      <trkpt lat="51.157662" lon="5.893809"><time>2026-09-24T18:26:17.915Z</time><extensions><course>320.6</course><speed>33.06</speed></extensions></trkpt>
      <trkpt lat="51.157897" lon="5.893495"><time>2026-09-24T18:26:18.915Z</time><extensions><course>320.6</course><speed>33.33</speed></extensions></trkpt>
      <trkpt lat="51.158125" lon="5.893166"><time>2026-09-24T18:26:19.915Z</time><extensions><course>320.6</course><speed>33.33</speed></extensions></trkpt>
      <trkpt lat="51.158345" lon="5.892895"><time>2026-09-24T18:26:20.915Z</time><extensions><course>320.6</course><speed>33.33</speed></extensions></trkpt>
      <trkpt lat="51.158588" lon="5.892591"><time>2026-09-24T18:26:21.915Z</time><extensions><course>320.6</course><speed>33.30</speed></extensions></trkpt>
      <trkpt lat="51.158807" lon="5.892304"><time>2026-09-24T18:26:22.915Z</time><extensions><course>320.6</course><speed>33.30</speed></extensions></trkpt>
      <trkpt lat="51.159042" lon="5.892003"><time>2026-09-24T18:26:23.915Z</time><extensions><course>320.6</course><speed>33.30</speed></extensions></trkpt>
      <trkpt lat="51.159286" lon="5.891693"><time>2026-09-24T18:26:24.915Z</time><extensions><course>320.5</course><speed>33.30</speed></extensions></trkpt>
      <trkpt lat="51.159495" lon="5.891386"><time>2026-09-24T18:26:25.915Z</time><extensions><course>320.5</course><speed>33.33</speed></extensions></trkpt>
      <trkpt lat="51.159739" lon="5.891046"><time>2026-09-24T18:26:26.915Z</time><extensions><course>320.5</course><speed>33.33</speed></extensions></trkpt>
      <trkpt lat="51.159964" lon="5.890754"><time>2026-09-24T18:26:27.915Z</time><extensions><course>320.5</course><speed>33.33</speed></extensions></trkpt>
      <trkpt lat="51.160204" lon="5.890497"><time>2026-09-24T18:26:28.915Z</time><extensions><course>320.5</course><speed>33.33</speed></extensions></trkpt>
      <trkpt lat="51.160441" lon="5.890169"><time>2026-09-24T18:26:29.915Z</time><extensions><course>320.5</course><speed>33.33</speed></extensions></trkpt>
      <trkpt lat="51.160665" lon="5.889865"><time>2026-09-24T18:26:30.915Z</time><extensions><course>320.5</course><speed>33.33</speed></extensions></trkpt>
      <trkpt lat="51.160913" lon="5.889559"><time>2026-09-24T18:26:31.915Z</time><extensions><course>320.5</course><speed>33.33</speed></extensions></trkpt>
      <trkpt lat="51.161121" lon="5.889248"><time>2026-09-24T18:26:32.915Z</time><extensions><course>320.5</course><speed>33.33</speed></extensions></trkpt>
      <trkpt lat="51.161345" lon="5.888985"><time>2026-09-24T18:26:33.915Z</time><extensions><course>320.5</course><speed>33.33</speed></extensions></trkpt>
      <trkpt lat="51.161599" lon="5.888689"><time>2026-09-24T18:26:34.915Z</time><extensions><course>320.5</course><speed>33.33</speed></extensions></trkpt>
      <trkpt lat="51.161842" lon="5.888370"><time>2026-09-24T18:26:35.915Z</time><extensions><course>320.5</course><speed>33.33</speed></extensions></trkpt>
      <trkpt lat="51.162070" lon="5.888038"><time>2026-09-24T18:26:36.915Z</time><extensions><course>320.5</course><speed>33.28</speed></extensions></trkpt>
      <trkpt lat="51.162297" lon="5.887725"><time>2026-09-24T18:26:37.915Z</time><extensions><course>320.5</course><speed>33.28</speed></extensions></trkpt>
      <trkpt lat="51.162513" lon="5.887431"><time>2026-09-24T18:26:38.915Z</time><extensions><course>320.5</course><speed>33.28</speed></extensions></trkpt>
      <trkpt lat="51.162754" lon="5.887114"><time>2026-09-24T18:26:39.915Z</time><extensions><course>320.7</course><speed>32.95</speed></extensions></trkpt>
      <trkpt lat="51.162957" lon="5.886840"><time>2026-09-24T18:26:40.915Z</time><extensions><course>320.7</course><speed>32.90</speed></extensions></trkpt>
      <trkpt lat="51.163218" lon="5.886553"><time>2026-09-24T18:26:41.915Z</time><extensions><course>318.6</course><speed>32.38</speed></extensions></trkpt>
      <trkpt lat="51.163423" lon="5.886230"><time>2026-09-24T18:26:42.915Z</time><extensions><course>318.6</course><speed>32.82</speed></extensions></trkpt>
      <trkpt lat="51.163658" lon="5.885932"><time>2026-09-24T18:26:43.915Z</time><extensions><course>316.2</course><speed>32.82</speed></extensions></trkpt>
      <trkpt lat="51.163856" lon="5.885591"><time>2026-09-24T18:26:44.915Z</time><extensions><course>316.2</course><speed>32.39</speed></extensions></trkpt>
      <trkpt lat="51.164055" lon="5.885264"><time>2026-09-24T18:26:45.915Z</time><extensions><course>316.2</course><speed>32.37</speed></extensions></trkpt>
      <trkpt lat="51.164272" lon="5.884973"><time>2026-09-24T18:26:46.915Z</time><extensions><course>316.2</course><speed>32.37</speed></extensions></trkpt>
      <trkpt lat="51.164461" lon="5.884638"><time>2026-09-24T18:26:47.915Z</time><extensions><course>314.1</course><speed>32.37</speed></extensions></trkpt>
      <trkpt lat="51.164675" lon="5.884265"><time>2026-09-24T18:26:48.915Z</time><extensions><course>311.6</course><speed>32.43</speed></extensions></trkpt>
      <trkpt lat="51.164862" lon="5.883924"><time>2026-09-24T18:26:49.915Z</time><extensions><course>311.6</course><speed>32.58</speed></extensions></trkpt>
      <trkpt lat="51.165073" lon="5.883568"><time>2026-09-24T18:26:50.915Z</time><extensions><course>309.8</course><speed>32.58</speed></extensions></trkpt>
      <trkpt lat="51.165261" lon="5.883190"><time>2026-09-24T18:26:51.915Z</time><extensions><course>307.9</course><speed>32.35</speed></extensions></trkpt>
      <trkpt lat="51.165436" lon="5.882846"><time>2026-09-24T18:26:52.915Z</time><extensions><course>307.9</course><speed>32.73</speed></extensions></trkpt>
      <trkpt lat="51.165622" lon="5.882448"><time>2026-09-24T18:26:53.915Z</time><extensions><course>305.1</course><speed>32.47</speed></extensions></trkpt>
      <trkpt lat="51.165775" lon="5.882086"><time>2026-09-24T18:26:54.915Z</time><extensions><course>305.1</course><speed>32.35</speed></extensions></trkpt>
      <trkpt lat="51.165928" lon="5.881700"><time>2026-09-24T18:26:55.915Z</time><extensions><course>303.8</course><speed>32.44</speed></extensions></trkpt>
      <trkpt lat="51.166089" lon="5.881329"><time>2026-09-24T18:26:56.915Z</time><extensions><course>303.2</course><speed>32.45</speed></extensions></trkpt>
      <trkpt lat="51.166250" lon="5.880913"><time>2026-09-24T18:26:57.915Z</time><extensions><course>300.8</course><speed>32.57</speed></extensions></trkpt>
      <trkpt lat="51.166394" lon="5.880495"><time>2026-09-24T18:26:58.915Z</time><extensions><course>300.8</course><speed>32.53</speed></extensions></trkpt>
      <trkpt lat="51.166553" lon="5.880125"><time>2026-09-24T18:26:59.915Z</time><extensions><course>299.6</course><speed>32.53</speed></extensions></trkpt>
      <trkpt lat="51.166687" lon="5.879723"><time>2026-09-24T18:27:00.915Z</time><extensions><course>299.6</course><speed>32.78</speed></extensions></trkpt>
      <trkpt lat="51.166826" lon="5.879313"><time>2026-09-24T18:27:01.915Z</time><extensions><course>296.9</course><speed>32.53</speed></extensions></trkpt>
      <trkpt lat="51.166941" lon="5.878909"><time>2026-09-24T18:27:02.915Z</time><extensions><course>296.9</course><speed>33.08</speed></extensions></trkpt>
      <trkpt lat="51.167083" lon="5.878482"><time>2026-09-24T18:27:03.915Z</time><extensions><course>295.7</course><speed>32.85</speed></extensions></trkpt>
      <trkpt lat="51.167220" lon="5.878043"><time>2026-09-24T18:27:04.915Z</time><extensions><course>295.7</course><speed>33.10</speed></extensions></trkpt>
      <trkpt lat="51.167347" lon="5.877632"><time>2026-09-24T18:27:05.915Z</time><extensions><course>294.6</course><speed>33.10</speed></extensions></trkpt>
      <trkpt lat="51.167469" lon="5.877189"><time>2026-09-24T18:27:06.915Z</time><extensions><course>294.6</course><speed>33.33</speed></extensions></trkpt>
      <trkpt lat="51.167581" lon="5.876723"><time>2026-09-24T18:27:07.915Z</time><extensions><course>294.6</course><speed>33.12</speed></extensions></trkpt>
      <trkpt lat="51.167714" lon="5.876347"><time>2026-09-24T18:27:08.915Z</time><extensions><course>294.6</course><speed>33.12</speed></extensions></trkpt>
      <trkpt lat="51.167861" lon="5.875877"><time>2026-09-24T18:27:09.915Z</time><extensions><course>293.6</course><speed>33.12</speed></extensions></trkpt>
      <trkpt lat="51.167973" lon="5.875432"><time>2026-09-24T18:27:10.915Z</time><extensions><course>293.6</course><speed>33.33</speed></extensions></trkpt>
      <trkpt lat="51.168084" lon="5.875002"><time>2026-09-24T18:27:11.915Z</time><extensions><course>293.6</course><speed>33.33</speed></extensions></trkpt>
      <trkpt lat="51.168195" lon="5.874563"><time>2026-09-24T18:27:12.915Z</time><extensions><course>293.6</course><speed>33.33</speed></extensions></trkpt>
      <trkpt lat="51.168316" lon="5.874123"><time>2026-09-24T18:27:13.915Z</time><extensions><course>293.6</course><speed>33.33</speed></extensions></trkpt>
      <trkpt lat="51.168441" lon="5.873704"><time>2026-09-24T18:27:14.915Z</time><extensions><course>293.6</course><speed>33.30</speed></extensions></trkpt>
      <trkpt lat="51.168553" lon="5.873267"><time>2026-09-24T18:27:15.915Z</time><extensions><course>293.6</course><speed>33.30</speed></extensions></trkpt>
      <trkpt lat="51.168702" lon="5.872825"><time>2026-09-24T18:27:16.915Z</time><extensions><course>293.6</course><speed>33.30</speed></extensions></trkpt>
      <trkpt lat="51.168805" lon="5.872381"><time>2026-09-24T18:27:17.915Z</time><extensions><course>293.4</course><speed>33.30</speed></extensions></trkpt>
      <trkpt lat="51.168896" lon="5.871948"><time>2026-09-24T18:27:18.915Z</time><extensions><course>293.4</course><speed>33.33</speed></extensions></trkpt>
      <trkpt lat="51.169045" lon="5.871518"><time>2026-09-24T18:27:19.915Z</time><extensions><course>293.4</course><speed>33.30</speed></extensions></trkpt>
      <trkpt lat="51.169138" lon="5.871083"><time>2026-09-24T18:27:20.915Z</time><extensions><course>293.4</course><speed>33.30</speed></extensions></trkpt>
      <trkpt lat="51.169274" lon="5.870636"><time>2026-09-24T18:27:21.915Z</time><extensions><course>294.1</course><speed>33.30</speed></extensions></trkpt>
      <trkpt lat="51.169382" lon="5.870166"><time>2026-09-24T18:27:22.915Z</time><extensions><course>293.3</course><speed>33.16</speed></extensions></trkpt>
      <trkpt lat="51.169510" lon="5.869760"><time>2026-09-24T18:27:23.915Z</time><extensions><course>293.3</course><speed>33.33</speed></extensions></trkpt>
      <trkpt lat="51.169638" lon="5.869316"><time>2026-09-24T18:27:24.915Z</time><extensions><course>293.3</course><speed>33.33</speed></extensions></trkpt>
      <trkpt lat="51.169728" lon="5.868857"><time>2026-09-24T18:27:25.915Z</time><extensions><course>293.3</course><speed>33.33</speed></extensions></trkpt>
      <trkpt lat="51.169878" lon="5.868469"><time>2026-09-24T18:27:26.915Z</time><extensions><course>293.3</course><speed>33.33</speed></extensions></trkpt>
      <trkpt lat="51.169987" lon="5.868047"><time>2026-09-24T18:27:27.915Z</time><extensions><course>293.3</course><speed>33.33</speed></extensions></trkpt>
      <trkpt lat="51.170105" lon="5.867568"><time>2026-09-24T18:27:28.915Z</time><extensions><course>293.3</course><speed>33.33</speed></extensions></trkpt>
      <trkpt lat="51.170208" lon="5.867154"><time>2026-09-24T18:27:29.915Z</time><extensions><course>293.3</course><speed>33.33</speed></extensions></trkpt>
      <trkpt lat="51.170346" lon="5.866659"><time>2026-09-24T18:27:30.915Z</time><extensions><course>293.3</course><speed>33.33</speed></extensions></trkpt>
      <trkpt lat="51.170476" lon="5.866256"><time>2026-09-24T18:27:31.915Z</time><extensions><course>293.3</course><speed>33.30</speed></extensions></trkpt>
      <trkpt lat="51.170574" lon="5.865811"><time>2026-09-24T18:27:32.915Z</time><extensions><course>293.3</course><speed>33.30</speed></extensions></trkpt>
      <trkpt lat="51.170709" lon="5.865342"><time>2026-09-24T18:27:33.915Z</time><extensions><course>293.3</course><speed>33.30</speed></extensions></trkpt>
      <trkpt lat="51.170813" lon="5.864921"><time>2026-09-24T18:27:34.915Z</time><extensions><course>293.1</course><speed>33.19</speed></extensions></trkpt>
      <trkpt lat="51.170938" lon="5.864509"><time>2026-09-24T18:27:35.915Z</time><extensions><course>293.1</course><speed>33.16</speed></extensions></trkpt>
      <trkpt lat="51.171036" lon="5.864057"><time>2026-09-24T18:27:36.915Z</time><extensions><course>293.1</course><speed>33.16</speed></extensions></trkpt>
      <trkpt lat="51.171163" lon="5.863626"><time>2026-09-24T18:27:37.915Z</time><extensions><course>293.9</course><speed>33.16</speed></extensions></trkpt>
      <trkpt lat="51.171291" lon="5.863218"><time>2026-09-24T18:27:38.915Z</time><extensions><course>293.9</course><speed>33.25</speed></extensions></trkpt>
      <trkpt lat="51.171413" lon="5.862739"><time>2026-09-24T18:27:39.915Z</time><extensions><course>293.9</course><speed>33.25</speed></extensions></trkpt>
      <trkpt lat="51.171528" lon="5.862325"><time>2026-09-24T18:27:40.915Z</time><extensions><course>293.5</course><speed>33.25</speed></extensions></trkpt>
      <trkpt lat="51.171670" lon="5.861870"><time>2026-09-24T18:27:41.915Z</time><extensions><course>293.5</course><speed>33.33</speed></extensions></trkpt>
      <trkpt lat="51.171757" lon="5.861441"><time>2026-09-24T18:27:42.915Z</time><extensions><course>293.5</course><speed>33.16</speed></extensions></trkpt>
      <trkpt lat="51.171894" lon="5.860982"><time>2026-09-24T18:27:43.915Z</time><extensions><course>293.5</course><speed>33.16</speed></extensions></trkpt>
      <trkpt lat="51.172017" lon="5.860541"><time>2026-09-24T18:27:44.915Z</time><extensions><course>293.5</course><speed>32.93</speed></extensions></trkpt>
      <trkpt lat="51.172122" lon="5.860145"><time>2026-09-24T18:27:45.915Z</time><extensions><course>294.4</course><speed>32.93</speed></extensions></trkpt>
      <trkpt lat="51.172246" lon="5.859727"><time>2026-09-24T18:27:46.915Z</time><extensions><course>294.4</course><speed>33.11</speed></extensions></trkpt>
      <trkpt lat="51.172371" lon="5.859285"><time>2026-09-24T18:27:47.915Z</time><extensions><course>295.5</course><speed>32.76</speed></extensions></trkpt>
      <trkpt lat="51.172497" lon="5.858859"><time>2026-09-24T18:27:48.915Z</time><extensions><course>295.5</course><speed>32.99</speed></extensions></trkpt>
      <trkpt lat="51.172642" lon="5.858409"><time>2026-09-24T18:27:49.915Z</time><extensions><course>295.5</course><speed>32.99</speed></extensions></trkpt>
      <trkpt lat="51.172773" lon="5.857991"><time>2026-09-24T18:27:50.915Z</time><extensions><course>297.1</course><speed>32.57</speed></extensions></trkpt>
      <trkpt lat="51.172899" lon="5.857610"><time>2026-09-24T18:27:51.915Z</time><extensions><course>297.1</course><speed>32.91</speed></extensions></trkpt>
      <trkpt lat="51.173035" lon="5.857214"><time>2026-09-24T18:27:52.915Z</time><extensions><course>297.1</course><speed>32.91</speed></extensions></trkpt>
      <trkpt lat="51.173157" lon="5.856733"><time>2026-09-24T18:27:53.915Z</time><extensions><course>299.2</course><speed>32.56</speed></extensions></trkpt>
      <trkpt lat="51.173297" lon="5.856388"><time>2026-09-24T18:27:54.915Z</time><extensions><course>299.2</course><speed>32.99</speed></extensions></trkpt>
      <trkpt lat="51.173468" lon="5.855953"><time>2026-09-24T18:27:55.915Z</time><extensions><course>299.2</course><speed>32.85</speed></extensions></trkpt>
      <trkpt lat="51.173584" lon="5.855538"><time>2026-09-24T18:27:56.915Z</time><extensions><course>300.8</course><speed>32.85</speed></extensions></trkpt>
      <trkpt lat="51.173762" lon="5.855108"><time>2026-09-24T18:27:57.915Z</time><extensions><course>300.8</course><speed>32.47</speed></extensions></trkpt>
      <trkpt lat="51.173898" lon="5.854756"><time>2026-09-24T18:27:58.915Z</time><extensions><course>301.5</course><speed>32.31</speed></extensions></trkpt>
      <trkpt lat="51.174062" lon="5.854343"><time>2026-09-24T18:27:59.915Z</time><extensions><course>305.0</course><speed>32.44</speed></extensions></trkpt>
      <trkpt lat="51.174229" lon="5.853962"><time>2026-09-24T18:28:00.915Z</time><extensions><course>305.8</course><speed>32.76</speed></extensions></trkpt>
      <trkpt lat="51.174403" lon="5.853581"><time>2026-09-24T18:28:01.915Z</time><extensions><course>305.8</course><speed>32.92</speed></extensions></trkpt>
      <trkpt lat="51.174585" lon="5.853227"><time>2026-09-24T18:28:02.915Z</time><extensions><course>307.7</course><speed>32.36</speed></extensions></trkpt>
      <trkpt lat="51.174739" lon="5.852831"><time>2026-09-24T18:28:03.915Z</time><extensions><course>307.7</course><speed>32.36</speed></extensions></trkpt>
      <trkpt lat="51.174932" lon="5.852467"><time>2026-09-24T18:28:04.915Z</time><extensions><course>307.7</course><speed>32.20</speed></extensions></trkpt>
      <trkpt lat="51.175115" lon="5.852144"><time>2026-09-24T18:28:05.915Z</time><extensions><course>310.5</course><speed>32.20</speed></extensions></trkpt>
      <trkpt lat="51.175307" lon="5.851766"><time>2026-09-24T18:28:06.915Z</time><extensions><course>310.5</course><speed>32.74</speed></extensions></trkpt>
      <trkpt lat="51.175503" lon="5.851428"><time>2026-09-24T18:28:07.915Z</time><extensions><course>313.2</course><speed>32.09</speed></extensions></trkpt>
      <trkpt lat="51.175700" lon="5.851090"><time>2026-09-24T18:28:08.915Z</time><extensions><course>313.3</course><speed>32.65</speed></extensions></trkpt>
      <trkpt lat="51.175912" lon="5.850769"><time>2026-09-24T18:28:09.915Z</time><extensions><course>313.3</course><speed>32.68</speed></extensions></trkpt>
      <trkpt lat="51.176128" lon="5.850415"><time>2026-09-24T18:28:10.915Z</time><extensions><course>316.4</course><speed>32.09</speed></extensions></trkpt>
      <trkpt lat="51.176313" lon="5.850068"><time>2026-09-24T18:28:11.915Z</time><extensions><course>316.4</course><speed>32.75</speed></extensions></trkpt>
      <trkpt lat="51.176525" lon="5.849771"><time>2026-09-24T18:28:12.915Z</time><extensions><course>319.3</course><speed>32.37</speed></extensions></trkpt>
      <trkpt lat="51.176760" lon="5.849505"><time>2026-09-24T18:28:13.915Z</time><extensions><course>319.3</course><speed>32.96</speed></extensions></trkpt>
      <trkpt lat="51.176987" lon="5.849178"><time>2026-09-24T18:28:14.915Z</time><extensions><course>321.1</course><speed>32.28</speed></extensions></trkpt>
      <trkpt lat="51.177223" lon="5.848921"><time>2026-09-24T18:28:15.915Z</time><extensions><course>321.1</course><speed>32.68</speed></extensions></trkpt>
      <trkpt lat="51.177429" lon="5.848593"><time>2026-09-24T18:28:16.915Z</time><extensions><course>324.3</course><speed>32.35</speed></extensions></trkpt>
      <trkpt lat="51.177693" lon="5.848354"><time>2026-09-24T18:28:17.915Z</time><extensions><course>324.3</course><speed>32.35</speed></extensions></trkpt>
      <trkpt lat="51.177906" lon="5.848058"><time>2026-09-24T18:28:18.915Z</time><extensions><course>324.2</course><speed>32.72</speed></extensions></trkpt>
      <trkpt lat="51.178152" lon="5.847769"><time>2026-09-24T18:28:19.915Z</time><extensions><course>325.8</course><speed>32.69</speed></extensions></trkpt>
      <trkpt lat="51.178396" lon="5.847556"><time>2026-09-24T18:28:20.915Z</time><extensions><course>327.3</course><speed>32.45</speed></extensions></trkpt>
      <trkpt lat="51.178630" lon="5.847260"><time>2026-09-24T18:28:21.915Z</time><extensions><course>327.3</course><speed>32.76</speed></extensions></trkpt>
      <trkpt lat="51.178890" lon="5.847016"><time>2026-09-24T18:28:22.915Z</time><extensions><course>327.3</course><speed>31.98</speed></extensions></trkpt>
      <trkpt lat="51.179136" lon="5.846796"><time>2026-09-24T18:28:23.915Z</time><extensions><course>330.0</course><speed>31.98</speed></extensions></trkpt>
      <trkpt lat="51.179401" lon="5.846537"><time>2026-09-24T18:28:24.915Z</time><extensions><course>330.0</course><speed>32.55</speed></extensions></trkpt>
      <trkpt lat="51.179650" lon="5.846339"><time>2026-09-24T18:28:25.915Z</time><extensions><course>333.8</course><speed>32.55</speed></extensions></trkpt>
      <trkpt lat="51.179892" lon="5.846140"><time>2026-09-24T18:28:26.915Z</time><extensions><course>333.8</course><speed>32.95</speed></extensions></trkpt>
      <trkpt lat="51.180191" lon="5.845971"><time>2026-09-24T18:28:27.915Z</time><extensions><course>333.8</course><speed>32.45</speed></extensions></trkpt>
      <trkpt lat="51.180444" lon="5.845757"><time>2026-09-24T18:28:28.915Z</time><extensions><course>335.7</course><speed>32.45</speed></extensions></trkpt>
      <trkpt lat="51.180681" lon="5.845547"><time>2026-09-24T18:28:29.915Z</time><extensions><course>335.7</course><speed>32.45</speed></extensions></trkpt>
      <trkpt lat="51.180970" lon="5.845340"><time>2026-09-24T18:28:30.915Z</time><extensions><course>338.0</course><speed>32.84</speed></extensions></trkpt>
      <trkpt lat="51.181232" lon="5.845191"><time>2026-09-24T18:28:31.915Z</time><extensions><course>338.0</course><speed>32.87</speed></extensions></trkpt>
      <trkpt lat="51.181497" lon="5.844991"><time>2026-09-24T18:28:32.915Z</time><extensions><course>338.0</course><speed>32.87</speed></extensions></trkpt>
      <trkpt lat="51.181797" lon="5.844877"><time>2026-09-24T18:28:33.915Z</time><extensions><course>340.3</course><speed>32.87</speed></extensions></trkpt>
      <trkpt lat="51.182075" lon="5.844694"><time>2026-09-24T18:28:34.915Z</time><extensions><course>340.3</course><speed>33.33</speed></extensions></trkpt>
      <trkpt lat="51.182368" lon="5.844503"><time>2026-09-24T18:28:35.915Z</time><extensions><course>340.3</course><speed>33.11</speed></extensions></trkpt>
      <trkpt lat="51.182632" lon="5.844373"><time>2026-09-24T18:28:36.915Z</time><extensions><course>340.3</course><speed>33.11</speed></extensions></trkpt>
      <trkpt lat="51.182917" lon="5.844195"><time>2026-09-24T18:28:37.915Z</time><extensions><course>339.2</course><speed>33.11</speed></extensions></trkpt>
      <trkpt lat="51.183201" lon="5.844067"><time>2026-09-24T18:28:38.915Z</time><extensions><course>339.2</course><speed>33.11</speed></extensions></trkpt>
      <trkpt lat="51.183461" lon="5.843839"><time>2026-09-24T18:28:39.915Z</time><extensions><course>339.2</course><speed>33.06</speed></extensions></trkpt>
      <trkpt lat="51.183751" lon="5.843680"><time>2026-09-24T18:28:40.915Z</time><extensions><course>339.2</course><speed>33.06</speed></extensions></trkpt>
      <trkpt lat="51.184030" lon="5.843542"><time>2026-09-24T18:28:41.915Z</time><extensions><course>337.9</course><speed>33.06</speed></extensions></trkpt>
      <trkpt lat="51.184302" lon="5.843343"><time>2026-09-24T18:28:42.915Z</time><extensions><course>337.9</course><speed>33.33</speed></extensions></trkpt>
      <trkpt lat="51.184582" lon="5.843158"><time>2026-09-24T18:28:43.915Z</time><extensions><course>337.9</course><speed>32.80</speed></extensions></trkpt>
      <trkpt lat="51.184843" lon="5.843024"><time>2026-09-24T18:28:44.915Z</time><extensions><course>337.9</course><speed>32.80</speed></extensions></trkpt>
      <trkpt lat="51.185138" lon="5.842827"><time>2026-09-24T18:28:45.915Z</time><extensions><course>337.9</course><speed>32.80</speed></extensions></trkpt>
      <trkpt lat="51.185389" lon="5.842616"><time>2026-09-24T18:28:46.915Z</time><extensions><course>335.3</course><speed>32.80</speed></extensions></trkpt>
      <trkpt lat="51.185674" lon="5.842411"><time>2026-09-24T18:28:47.915Z</time><extensions><course>335.3</course><speed>33.26</speed></extensions></trkpt>
      <trkpt lat="51.185940" lon="5.842231"><time>2026-09-24T18:28:48.915Z</time><extensions><course>335.3</course><speed>33.26</speed></extensions></trkpt>
      <trkpt lat="51.186202" lon="5.842049"><time>2026-09-24T18:28:49.915Z</time><extensions><course>334.9</course><speed>33.26</speed></extensions></trkpt>
      <trkpt lat="51.186473" lon="5.841815"><time>2026-09-24T18:28:50.915Z</time><extensions><course>334.9</course><speed>32.97</speed></extensions></trkpt>
      <trkpt lat="51.186746" lon="5.841631"><time>2026-09-24T18:28:51.915Z</time><extensions><course>334.9</course><speed>32.97</speed></extensions></trkpt>
      <trkpt lat="51.187022" lon="5.841417"><time>2026-09-24T18:28:52.915Z</time><extensions><course>333.2</course><speed>32.97</speed></extensions></trkpt>
      <trkpt lat="51.187279" lon="5.841207"><time>2026-09-24T18:28:53.915Z</time><extensions><course>333.2</course><speed>32.62</speed></extensions></trkpt>
      <trkpt lat="51.187520" lon="5.841007"><time>2026-09-24T18:28:54.915Z</time><extensions><course>333.2</course><speed>32.98</speed></extensions></trkpt>
      <trkpt lat="51.187801" lon="5.840780"><time>2026-09-24T18:28:55.915Z</time><extensions><course>333.2</course><speed>32.98</speed></extensions></trkpt>
      <trkpt lat="51.188062" lon="5.840554"><time>2026-09-24T18:28:56.915Z</time><extensions><course>331.5</course><speed>32.98</speed></extensions></trkpt>
      <trkpt lat="51.188330" lon="5.840315"><time>2026-09-24T18:28:57.915Z</time><extensions><course>331.5</course><speed>32.98</speed></extensions></trkpt>
      <trkpt lat="51.188570" lon="5.840085"><time>2026-09-24T18:28:58.915Z</time><extensions><course>331.5</course><speed>32.98</speed></extensions></trkpt>
      <trkpt lat="51.188842" lon="5.839880"><time>2026-09-24T18:28:59.915Z</time><extensions><course>329.8</course><speed>32.98</speed></extensions></trkpt>
      <trkpt lat="51.189100" lon="5.839653"><time>2026-09-24T18:29:00.915Z</time><extensions><course>329.8</course><speed>33.33</speed></extensions></trkpt>
      <trkpt lat="51.189348" lon="5.839374"><time>2026-09-24T18:29:01.915Z</time><extensions><course>329.8</course><speed>33.33</speed></extensions></trkpt>
      <trkpt lat="51.189614" lon="5.839147"><time>2026-09-24T18:29:02.915Z</time><extensions><course>329.8</course><speed>33.29</speed></extensions></trkpt>
      <trkpt lat="51.189875" lon="5.838924"><time>2026-09-24T18:29:03.915Z</time><extensions><course>329.8</course><speed>33.29</speed></extensions></trkpt>
      <trkpt lat="51.190130" lon="5.838652"><time>2026-09-24T18:29:04.915Z</time><extensions><course>330.0</course><speed>33.29</speed></extensions></trkpt>
      <trkpt lat="51.190389" lon="5.838444"><time>2026-09-24T18:29:05.915Z</time><extensions><course>330.0</course><speed>33.33</speed></extensions></trkpt>
      <trkpt lat="51.190658" lon="5.838165"><time>2026-09-24T18:29:06.915Z</time><extensions><course>330.0</course><speed>33.33</speed></extensions></trkpt>
      <trkpt lat="51.190922" lon="5.837970"><time>2026-09-24T18:29:07.915Z</time><extensions><course>330.0</course><speed>33.33</speed></extensions></trkpt>
      <trkpt lat="51.191164" lon="5.837723"><time>2026-09-24T18:29:08.915Z</time><extensions><course>330.0</course><speed>33.33</speed></extensions></trkpt>
      <trkpt lat="51.191443" lon="5.837508"><time>2026-09-24T18:29:09.915Z</time><extensions><course>330.0</course><speed>33.33</speed></extensions></trkpt>
      <trkpt lat="51.191693" lon="5.837269"><time>2026-09-24T18:29:10.915Z</time><extensions><course>330.0</course><speed>33.33</speed></extensions></trkpt>
      <trkpt lat="51.191960" lon="5.837046"><time>2026-09-24T18:29:11.915Z</time><extensions><course>330.0</course><speed>33.33</speed></extensions></trkpt>
      <trkpt lat="51.192230" lon="5.836762"><time>2026-09-24T18:29:12.915Z</time><extensions><course>330.0</course><speed>33.33</speed></extensions></trkpt>
      <trkpt lat="51.192475" lon="5.836520"><time>2026-09-24T18:29:13.915Z</time><extensions><course>330.0</course><speed>33.33</speed></extensions></trkpt>
      <trkpt lat="51.192730" lon="5.836302"><time>2026-09-24T18:29:14.915Z</time><extensions><course>330.0</course><speed>33.33</speed></extensions></trkpt>
      <trkpt lat="51.192983" lon="5.836059"><time>2026-09-24T18:29:15.915Z</time><extensions><course>330.0</course><speed>33.33</speed></extensions></trkpt>
      <trkpt lat="51.193255" lon="5.835829"><time>2026-09-24T18:29:16.915Z</time><extensions><course>330.0</course><speed>33.33</speed></extensions></trkpt>
      <trkpt lat="51.193498" lon="5.835591"><time>2026-09-24T18:29:17.915Z</time><extensions><course>330.0</course><speed>33.33</speed></extensions></trkpt>
      <trkpt lat="51.193773" lon="5.835369"><time>2026-09-24T18:29:18.915Z</time><extensions><course>330.0</course><speed>33.33</speed></extensions></trkpt>
      <trkpt lat="51.194020" lon="5.835115"><time>2026-09-24T18:29:19.915Z</time><extensions><course>330.0</course><speed>33.22</speed></extensions></trkpt>
      <trkpt lat="51.194279" lon="5.834860"><time>2026-09-24T18:29:20.915Z</time><extensions><course>330.0</course><speed>33.22</speed></extensions></trkpt>
      <trkpt lat="51.194559" lon="5.834606"><time>2026-09-24T18:29:21.915Z</time><extensions><course>330.0</course><speed>33.22</speed></extensions></trkpt>
      <trkpt lat="51.194807" lon="5.834392"><time>2026-09-24T18:29:22.915Z</time><extensions><course>329.5</course><speed>33.22</speed></extensions></trkpt>
      <trkpt lat="51.195053" lon="5.834145"><time>2026-09-24T18:29:23.915Z</time><extensions><course>329.5</course><speed>33.33</speed></extensions></trkpt>
      <trkpt lat="51.195305" lon="5.833906"><time>2026-09-24T18:29:24.915Z</time><extensions><course>329.5</course><speed>33.33</speed></extensions></trkpt>
      <trkpt lat="51.195571" lon="5.833627"><time>2026-09-24T18:29:25.915Z</time><extensions><course>329.5</course><speed>33.33</speed></extensions></trkpt>
      <trkpt lat="51.195810" lon="5.833442"><time>2026-09-24T18:29:26.915Z</time><extensions><course>329.5</course><speed>33.33</speed></extensions></trkpt>
      <trkpt lat="51.196094" lon="5.833136"><time>2026-09-24T18:29:27.915Z</time><extensions><course>329.5</course><speed>33.33</speed></extensions></trkpt>
      <trkpt lat="51.196333" lon="5.832910"><time>2026-09-24T18:29:28.915Z</time><extensions><course>329.5</course><speed>33.33</speed></extensions></trkpt>
      <trkpt lat="51.196605" lon="5.832711"><time>2026-09-24T18:29:29.915Z</time><extensions><course>329.5</course><speed>33.33</speed></extensions></trkpt>
      <trkpt lat="51.196862" lon="5.832436"><time>2026-09-24T18:29:30.915Z</time><extensions><course>329.5</course><speed>33.33</speed></extensions></trkpt>
      <trkpt lat="51.197096" lon="5.832189"><time>2026-09-24T18:29:31.915Z</time><extensions><course>329.5</course><speed>33.33</speed></extensions></trkpt>
      <trkpt lat="51.197374" lon="5.831951"><time>2026-09-24T18:29:32.915Z</time><extensions><course>329.5</course><speed>33.33</speed></extensions></trkpt>
      <trkpt lat="51.197621" lon="5.831683"><time>2026-09-24T18:29:33.915Z</time><extensions><course>329.5</course><speed>33.33</speed></extensions></trkpt>
      <trkpt lat="51.197893" lon="5.831507"><time>2026-09-24T18:29:34.915Z</time><extensions><course>329.5</course><speed>33.33</speed></extensions></trkpt>
      <trkpt lat="51.198150" lon="5.831266"><time>2026-09-24T18:29:35.915Z</time><extensions><course>329.5</course><speed>33.33</speed></extensions></trkpt>
      <trkpt lat="51.198411" lon="5.831014"><time>2026-09-24T18:29:36.915Z</time><extensions><course>329.5</course><speed>33.29</speed></extensions></trkpt>
      <trkpt lat="51.198672" lon="5.830730"><time>2026-09-24T18:29:37.915Z</time><extensions><course>329.5</course><speed>33.29</speed></extensions></trkpt>
      <trkpt lat="51.198924" lon="5.830513"><time>2026-09-24T18:29:38.915Z</time><extensions><course>329.5</course><speed>33.29</speed></extensions></trkpt>
      <trkpt lat="51.199192" lon="5.830226"><time>2026-09-24T18:29:39.915Z</time><extensions><course>329.6</course><speed>33.29</speed></extensions></trkpt>
      <trkpt lat="51.199454" lon="5.829982"><time>2026-09-24T18:29:40.915Z</time><extensions><course>329.6</course><speed>33.33</speed></extensions></trkpt>
      <trkpt lat="51.199691" lon="5.829784"><time>2026-09-24T18:29:41.915Z</time><extensions><course>329.6</course><speed>33.33</speed></extensions></trkpt>
      <trkpt lat="51.199959" lon="5.829555"><time>2026-09-24T18:29:42.915Z</time><extensions><course>329.6</course><speed>33.33</speed></extensions></trkpt>
      <trkpt lat="51.200230" lon="5.829302"><time>2026-09-24T18:29:43.915Z</time><extensions><course>329.6</course><speed>33.33</speed></extensions></trkpt>
      <trkpt lat="51.200468" lon="5.829034"><time>2026-09-24T18:29:44.915Z</time><extensions><course>329.6</course><speed>33.33</speed></extensions></trkpt>
      <trkpt lat="51.200745" lon="5.828832"><time>2026-09-24T18:29:45.915Z</time><extensions><course>329.6</course><speed>33.33</speed></extensions></trkpt>
      <trkpt lat="51.200993" lon="5.828600"><time>2026-09-24T18:29:46.915Z</time><extensions><course>329.6</course><speed>33.33</speed></extensions></trkpt>
      <trkpt lat="51.201244" lon="5.828295"><time>2026-09-24T18:29:47.915Z</time><extensions><course>329.6</course><speed>33.33</speed></extensions></trkpt>
      <trkpt lat="51.201516" lon="5.828106"><time>2026-09-24T18:29:48.915Z</time><extensions><course>329.6</course><speed>33.33</speed></extensions></trkpt>
      <trkpt lat="51.201748" lon="5.827872"><time>2026-09-24T18:29:49.915Z</time><extensions><course>329.6</course><speed>33.33</speed></extensions></trkpt>
      <trkpt lat="51.202018" lon="5.827580"><time>2026-09-24T18:29:50.915Z</time><extensions><course>329.6</course><speed>33.33</speed></extensions></trkpt>
      <trkpt lat="51.202268" lon="5.827394"><time>2026-09-24T18:29:51.915Z</time><extensions><course>329.6</course><speed>33.33</speed></extensions></trkpt>
      <trkpt lat="51.202532" lon="5.827134"><time>2026-09-24T18:29:52.915Z</time><extensions><course>329.6</course><speed>33.33</speed></extensions></trkpt>
      <trkpt lat="51.202795" lon="5.826913"><time>2026-09-24T18:29:53.915Z</time><extensions><course>329.6</course><speed>33.33</speed></extensions></trkpt>
      <trkpt lat="51.203063" lon="5.826655"><time>2026-09-24T18:29:54.915Z</time><extensions><course>329.6</course><speed>33.33</speed></extensions></trkpt>
      <trkpt lat="51.203317" lon="5.826426"><time>2026-09-24T18:29:55.915Z</time><extensions><course>329.6</course><speed>33.32</speed></extensions></trkpt>
      <trkpt lat="51.203574" lon="5.826153"><time>2026-09-24T18:29:56.915Z</time><extensions><course>329.6</course><speed>33.32</speed></extensions></trkpt>
      <trkpt lat="51.203835" lon="5.825928"><time>2026-09-24T18:29:57.915Z</time><extensions><course>329.7</course><speed>33.32</speed></extensions></trkpt>
      <trkpt lat="51.204114" lon="5.825691"><time>2026-09-24T18:29:58.915Z</time><extensions><course>329.7</course><speed>33.33</speed></extensions></trkpt>
      <trkpt lat="51.204344" lon="5.825422"><time>2026-09-24T18:29:59.915Z</time><extensions><course>329.7</course><speed>33.33</speed></extensions></trkpt>
      <trkpt lat="51.204608" lon="5.825190"><time>2026-09-24T18:30:00.915Z</time><extensions><course>329.7</course><speed>33.33</speed></extensions></trkpt>
      <trkpt lat="51.204864" lon="5.824961"><time>2026-09-24T18:30:01.915Z</time><extensions><course>329.7</course><speed>33.33</speed></extensions></trkpt>
      <trkpt lat="51.205111" lon="5.824713"><time>2026-09-24T18:30:02.915Z</time><extensions><course>329.7</course><speed>33.33</speed></extensions></trkpt>
      <trkpt lat="51.205390" lon="5.824454"><time>2026-09-24T18:30:03.915Z</time><extensions><course>329.7</course><speed>33.33</speed></extensions></trkpt>
      <trkpt lat="51.205637" lon="5.824239"><time>2026-09-24T18:30:04.915Z</time><extensions><course>329.7</course><speed>33.33</speed></extensions></trkpt>
      <trkpt lat="51.205920" lon="5.823982"><time>2026-09-24T18:30:05.915Z</time><extensions><course>329.7</course><speed>33.33</speed></extensions></trkpt>
      <trkpt lat="51.206168" lon="5.823716"><time>2026-09-24T18:30:06.915Z</time><extensions><course>329.7</course><speed>33.33</speed></extensions></trkpt>
      <trkpt lat="51.206418" lon="5.823502"><time>2026-09-24T18:30:07.915Z</time><extensions><course>329.7</course><speed>33.33</speed></extensions></trkpt>
      <trkpt lat="51.206673" lon="5.823258"><time>2026-09-24T18:30:08.915Z</time><extensions><course>329.7</course><speed>33.33</speed></extensions></trkpt>
      <trkpt lat="51.206942" lon="5.823015"><time>2026-09-24T18:30:09.915Z</time><extensions><course>329.7</course><speed>33.33</speed></extensions></trkpt>
      <trkpt lat="51.207201" lon="5.822765"><time>2026-09-24T18:30:10.915Z</time><extensions><course>329.7</course><speed>33.33</speed></extensions></trkpt>
      <trkpt lat="51.207461" lon="5.822522"><time>2026-09-24T18:30:11.915Z</time><extensions><course>329.7</course><speed>33.33</speed></extensions></trkpt>
      <trkpt lat="51.207713" lon="5.822311"><time>2026-09-24T18:30:12.915Z</time><extensions><course>329.7</course><speed>33.33</speed></extensions></trkpt>
      <trkpt lat="51.207975" lon="5.822051"><time>2026-09-24T18:30:13.915Z</time><extensions><course>329.7</course><speed>33.33</speed></extensions></trkpt>
      <trkpt lat="51.208216" lon="5.821787"><time>2026-09-24T18:30:14.915Z</time><extensions><course>329.7</course><speed>33.33</speed></extensions></trkpt>
      <trkpt lat="51.208487" lon="5.821575"><time>2026-09-24T18:30:15.915Z</time><extensions><course>329.7</course><speed>33.33</speed></extensions></trkpt>
      <trkpt lat="51.208734" lon="5.821352"><time>2026-09-24T18:30:16.915Z</time><extensions><course>329.7</course><speed>33.33</speed></extensions></trkpt>
      <trkpt lat="51.208999" lon="5.821049"><time>2026-09-24T18:30:17.915Z</time><extensions><course>329.7</course><speed>33.33</speed></extensions></trkpt>
      <trkpt lat="51.209253" lon="5.820850"><time>2026-09-24T18:30:18.915Z</time><extensions><course>329.7</course><speed>33.33</speed></extensions></trkpt>
      <trkpt lat="51.209515" lon="5.820590"><time>2026-09-24T18:30:19.915Z</time><extensions><course>329.7</course><speed>33.33</speed></extensions></trkpt>
      <trkpt lat="51.209776" lon="5.820327"><time>2026-09-24T18:30:20.915Z</time><extensions><course>329.7</course><speed>33.33</speed></extensions></trkpt>
      <trkpt lat="51.210060" lon="5.820122"><time>2026-09-24T18:30:21.915Z</time><extensions><course>329.7</course><speed>33.30</speed></extensions></trkpt>
      <trkpt lat="51.210315" lon="5.819890"><time>2026-09-24T18:30:22.915Z</time><extensions><course>329.7</course><speed>33.30</speed></extensions></trkpt>
      <trkpt lat="51.210555" lon="5.819649"><time>2026-09-24T18:30:23.915Z</time><extensions><course>329.7</course><speed>33.30</speed></extensions></trkpt>
      <trkpt lat="51.210812" lon="5.819403"><time>2026-09-24T18:30:24.915Z</time><extensions><course>329.5</course><speed>33.30</speed></extensions></trkpt>
      <trkpt lat="51.211072" lon="5.819168"><time>2026-09-24T18:30:25.915Z</time><extensions><course>329.5</course><speed>33.33</speed></extensions></trkpt>
      <trkpt lat="51.211309" lon="5.818940"><time>2026-09-24T18:30:26.915Z</time><extensions><course>329.5</course><speed>33.33</speed></extensions></trkpt>
      <trkpt lat="51.211595" lon="5.818657"><time>2026-09-24T18:30:27.915Z</time><extensions><course>329.5</course><speed>33.33</speed></extensions></trkpt>
      <trkpt lat="51.211849" lon="5.818419"><time>2026-09-24T18:30:28.915Z</time><extensions><course>329.5</course><speed>33.33</speed></extensions></trkpt>
      <trkpt lat="51.212117" lon="5.818181"><time>2026-09-24T18:30:29.915Z</time><extensions><course>329.5</course><speed>33.33</speed></extensions></trkpt>
      <trkpt lat="51.212375" lon="5.817962"><time>2026-09-24T18:30:30.915Z</time><extensions><course>329.5</course><speed>33.33</speed></extensions></trkpt>
      <trkpt lat="51.212614" lon="5.817699"><time>2026-09-24T18:30:31.915Z</time><extensions><course>329.5</course><speed>33.33</speed></extensions></trkpt>
      <trkpt lat="51.212896" lon="5.817439"><time>2026-09-24T18:30:32.915Z</time><extensions><course>329.5</course><speed>33.33</speed></extensions></trkpt>
      <trkpt lat="51.213133" lon="5.817205"><time>2026-09-24T18:30:33.915Z</time><extensions><course>329.5</course><speed>33.33</speed></extensions></trkpt>
      <trkpt lat="51.213396" lon="5.816969"><time>2026-09-24T18:30:34.915Z</time><extensions><course>329.5</course><speed>33.33</speed></extensions></trkpt>
      <trkpt lat="51.213659" lon="5.816752"><time>2026-09-24T18:30:35.915Z</time><extensions><course>329.5</course><speed>33.33</speed></extensions></trkpt>
      <trkpt lat="51.213910" lon="5.816503"><time>2026-09-24T18:30:36.915Z</time><extensions><course>329.5</course><speed>33.33</speed></extensions></trkpt>
      <trkpt lat="51.214161" lon="5.816228"><time>2026-09-24T18:30:37.915Z</time><extensions><course>329.5</course><speed>33.33</speed></extensions></trkpt>
      <trkpt lat="51.214432" lon="5.816005"><time>2026-09-24T18:30:38.915Z</time><extensions><course>329.5</course><speed>33.33</speed></extensions></trkpt>
      <trkpt lat="51.214683" lon="5.815768"><time>2026-09-24T18:30:39.915Z</time><extensions><course>329.5</course><speed>33.33</speed></extensions></trkpt>
      <trkpt lat="51.214940" lon="5.815527"><time>2026-09-24T18:30:40.915Z</time><extensions><course>329.5</course><speed>33.33</speed></extensions></trkpt>
      <trkpt lat="51.215223" lon="5.815271"><time>2026-09-24T18:30:41.915Z</time><extensions><course>329.5</course><speed>33.33</speed></extensions></trkpt>
      <trkpt lat="51.215453" lon="5.815040"><time>2026-09-24T18:30:42.915Z</time><extensions><course>329.5</course><speed>33.33</speed></extensions></trkpt>
      <trkpt lat="51.215715" lon="5.814798"><time>2026-09-24T18:30:43.915Z</time><extensions><course>329.5</course><speed>33.26</speed></extensions></trkpt>
      <trkpt lat="51.215957" lon="5.814565"><time>2026-09-24T18:30:44.915Z</time><extensions><course>329.5</course><speed>33.26</speed></extensions></trkpt>
      <trkpt lat="51.216248" lon="5.814338"><time>2026-09-24T18:30:45.915Z</time><extensions><course>329.5</course><speed>33.26</speed></extensions></trkpt>
      <trkpt lat="51.216492" lon="5.814097"><time>2026-09-24T18:30:46.915Z</time><extensions><course>329.9</course><speed>33.26</speed></extensions></trkpt>
      <trkpt lat="51.216733" lon="5.813870"><time>2026-09-24T18:30:47.915Z</time><extensions><course>329.9</course><speed>33.33</speed></extensions></trkpt>
      <trkpt lat="51.217024" lon="5.813607"><time>2026-09-24T18:30:48.915Z</time><extensions><course>329.9</course><speed>33.33</speed></extensions></trkpt>
      <trkpt lat="51.217266" lon="5.813357"><time>2026-09-24T18:30:49.915Z</time><extensions><course>329.9</course><speed>33.33</speed></extensions></trkpt>
      <trkpt lat="51.217530" lon="5.813153"><time>2026-09-24T18:30:50.915Z</time><extensions><course>329.9</course><speed>33.33</speed></extensions></trkpt>
      <trkpt lat="51.217784" lon="5.812890"><time>2026-09-24T18:30:51.915Z</time><extensions><course>329.9</course><speed>33.33</speed></extensions></trkpt>
      <trkpt lat="51.218043" lon="5.812637"><time>2026-09-24T18:30:52.915Z</time><extensions><course>329.9</course><speed>33.33</speed></extensions></trkpt>
      <trkpt lat="51.218288" lon="5.812398"><time>2026-09-24T18:30:53.915Z</time><extensions><course>329.9</course><speed>33.29</speed></extensions></trkpt>
      <trkpt lat="51.218549" lon="5.812178"><time>2026-09-24T18:30:54.915Z</time><extensions><course>329.9</course><speed>33.29</speed></extensions></trkpt>
      <trkpt lat="51.218808" lon="5.811913"><time>2026-09-24T18:30:55.915Z</time><extensions><course>329.9</course><speed>33.29</speed></extensions></trkpt>
      <trkpt lat="51.219074" lon="5.811658"><time>2026-09-24T18:30:56.915Z</time><extensions><course>329.7</course><speed>33.29</speed></extensions></trkpt>
      <trkpt lat="51.219327" lon="5.811407"><time>2026-09-24T18:30:57.915Z</time><extensions><course>329.7</course><speed>33.33</speed></extensions></trkpt>
      <trkpt lat="51.219605" lon="5.811211"><time>2026-09-24T18:30:58.915Z</time><extensions><course>329.7</course><speed>33.33</speed></extensions></trkpt>
      <trkpt lat="51.219863" lon="5.810964"><time>2026-09-24T18:30:59.915Z</time><extensions><course>329.7</course><speed>33.33</speed></extensions></trkpt>
      <trkpt lat="51.220093" lon="5.810728"><time>2026-09-24T18:31:00.915Z</time><extensions><course>329.7</course><speed>33.33</speed></extensions></trkpt>
      <trkpt lat="51.220352" lon="5.810485"><time>2026-09-24T18:31:01.915Z</time><extensions><course>329.7</course><speed>33.33</speed></extensions></trkpt>
      <trkpt lat="51.220609" lon="5.810208"><time>2026-09-24T18:31:02.915Z</time><extensions><course>329.7</course><speed>33.33</speed></extensions></trkpt>
      <trkpt lat="51.220882" lon="5.809967"><time>2026-09-24T18:31:03.915Z</time><extensions><course>329.7</course><speed>33.33</speed></extensions></trkpt>
      <trkpt lat="51.221155" lon="5.809710"><time>2026-09-24T18:31:04.915Z</time><extensions><course>329.7</course><speed>33.33</speed></extensions></trkpt>
      <trkpt lat="51.221408" lon="5.809511"><time>2026-09-24T18:31:05.915Z</time><extensions><course>329.7</course><speed>33.23</speed></extensions></trkpt>
      <trkpt lat="51.221678" lon="5.809237"><time>2026-09-24T18:31:06.915Z</time><extensions><course>329.7</course><speed>33.23</speed></extensions></trkpt>
      <trkpt lat="51.221897" lon="5.809003"><time>2026-09-24T18:31:07.915Z</time><extensions><course>329.7</course><speed>33.23</speed></extensions></trkpt>
      <trkpt lat="51.222175" lon="5.808808"><time>2026-09-24T18:31:08.915Z</time><extensions><course>329.2</course><speed>33.23</speed></extensions></trkpt>
      <trkpt lat="51.222430" lon="5.808540"><time>2026-09-24T18:31:09.915Z</time><extensions><course>329.2</course><speed>33.33</speed></extensions></trkpt>
      <trkpt lat="51.222689" lon="5.808297"><time>2026-09-24T18:31:10.915Z</time><extensions><course>329.2</course><speed>33.33</speed></extensions></trkpt>
      <trkpt lat="51.222952" lon="5.808051"><time>2026-09-24T18:31:11.915Z</time><extensions><course>329.2</course><speed>33.33</speed></extensions></trkpt>
      <trkpt lat="51.223204" lon="5.807817"><time>2026-09-24T18:31:12.915Z</time><extensions><course>329.2</course><speed>33.33</speed></extensions></trkpt>
      <trkpt lat="51.223457" lon="5.807546"><time>2026-09-24T18:31:13.915Z</time><extensions><course>329.2</course><speed>33.33</speed></extensions></trkpt>
      <trkpt lat="51.223720" lon="5.807319"><time>2026-09-24T18:31:14.915Z</time><extensions><course>329.2</course><speed>33.33</speed></extensions></trkpt>
      <trkpt lat="51.223969" lon="5.807072"><time>2026-09-24T18:31:15.915Z</time><extensions><course>329.2</course><speed>33.33</speed></extensions></trkpt>
      <trkpt lat="51.224228" lon="5.806856"><time>2026-09-24T18:31:16.915Z</time><extensions><course>329.2</course><speed>33.33</speed></extensions></trkpt>
      <trkpt lat="51.224488" lon="5.806538"><time>2026-09-24T18:31:17.915Z</time><extensions><course>329.2</course><speed>33.33</speed></extensions></trkpt>
      <trkpt lat="51.224751" lon="5.806362"><time>2026-09-24T18:31:18.915Z</time><extensions><course>329.2</course><speed>33.33</speed></extensions></trkpt>
      <trkpt lat="51.224997" lon="5.806123"><time>2026-09-24T18:31:19.915Z</time><extensions><course>329.2</course><speed>33.33</speed></extensions></trkpt>
      <trkpt lat="51.225266" lon="5.805863"><time>2026-09-24T18:31:20.915Z</time><extensions><course>329.2</course><speed>33.33</speed></extensions></trkpt>
      <trkpt lat="51.225514" lon="5.805633"><time>2026-09-24T18:31:21.915Z</time><extensions><course>329.2</course><speed>33.33</speed></extensions></trkpt>
      <trkpt lat="51.225779" lon="5.805334"><time>2026-09-24T18:31:22.915Z</time><extensions><course>329.2</course><speed>33.33</speed></extensions></trkpt>
      <trkpt lat="51.226026" lon="5.805113"><time>2026-09-24T18:31:23.915Z</time><extensions><course>329.2</course><speed>32.78</speed></extensions></trkpt>
      <trkpt lat="51.226294" lon="5.804874"><time>2026-09-24T18:31:24.915Z</time><extensions><course>329.2</course><speed>32.78</speed></extensions></trkpt>
      <trkpt lat="51.226539" lon="5.804666"><time>2026-09-24T18:31:25.915Z</time><extensions><course>329.2</course><speed>32.78</speed></extensions></trkpt>
      <trkpt lat="51.226779" lon="5.804364"><time>2026-09-24T18:31:26.915Z</time><extensions><course>326.5</course><speed>32.48</speed></extensions></trkpt>
      <trkpt lat="51.227048" lon="5.804115"><time>2026-09-24T18:31:27.915Z</time><extensions><course>326.5</course><speed>33.03</speed></extensions></trkpt>
      <trkpt lat="51.227276" lon="5.803850"><time>2026-09-24T18:31:28.915Z</time><extensions><course>326.5</course><speed>33.03</speed></extensions></trkpt>
      <trkpt lat="51.227496" lon="5.803582"><time>2026-09-24T18:31:29.915Z</time><extensions><course>325.1</course><speed>33.03</speed></extensions></trkpt>
      <trkpt lat="51.227762" lon="5.803308"><time>2026-09-24T18:31:30.915Z</time><extensions><course>325.1</course><speed>33.33</speed></extensions></trkpt>
      <trkpt lat="51.228023" lon="5.803058"><time>2026-09-24T18:31:31.915Z</time><extensions><course>325.1</course><speed>32.92</speed></extensions></trkpt>
      <trkpt lat="51.228256" lon="5.802766"><time>2026-09-24T18:31:32.915Z</time><extensions><course>325.1</course><speed>32.92</speed></extensions></trkpt>
      <trkpt lat="51.228482" lon="5.802530"><time>2026-09-24T18:31:33.915Z</time><extensions><course>323.1</course><speed>32.92</speed></extensions></trkpt>
      <trkpt lat="51.228729" lon="5.802209"><time>2026-09-24T18:31:34.915Z</time><extensions><course>323.1</course><speed>33.33</speed></extensions></trkpt>
      <trkpt lat="51.228967" lon="5.801915"><time>2026-09-24T18:31:35.915Z</time><extensions><course>323.1</course><speed>33.33</speed></extensions></trkpt>
      <trkpt lat="51.229207" lon="5.801637"><time>2026-09-24T18:31:36.915Z</time><extensions><course>323.1</course><speed>33.33</speed></extensions></trkpt>
      <trkpt lat="51.229430" lon="5.801338"><time>2026-09-24T18:31:37.915Z</time><extensions><course>323.1</course><speed>32.88</speed></extensions></trkpt>
      <trkpt lat="51.229705" lon="5.801076"><time>2026-09-24T18:31:38.915Z</time><extensions><course>323.1</course><speed>32.88</speed></extensions></trkpt>
      <trkpt lat="51.229919" lon="5.800783"><time>2026-09-24T18:31:39.915Z</time><extensions><course>323.1</course><speed>32.88</speed></extensions></trkpt>
      <trkpt lat="51.230149" lon="5.800496"><time>2026-09-24T18:31:40.915Z</time><extensions><course>320.9</course><speed>32.88</speed></extensions></trkpt>
      <trkpt lat="51.230385" lon="5.800209"><time>2026-09-24T18:31:41.915Z</time><extensions><course>320.9</course><speed>33.19</speed></extensions></trkpt>
      <trkpt lat="51.230638" lon="5.799892"><time>2026-09-24T18:31:42.915Z</time><extensions><course>320.9</course><speed>33.19</speed></extensions></trkpt>
      <trkpt lat="51.230848" lon="5.799551"><time>2026-09-24T18:31:43.915Z</time><extensions><course>321.7</course><speed>33.19</speed></extensions></trkpt>
      <trkpt lat="51.231078" lon="5.799296"><time>2026-09-24T18:31:44.915Z</time><extensions><course>321.7</course><speed>33.27</speed></extensions></trkpt>
      <trkpt lat="51.231308" lon="5.799002"><time>2026-09-24T18:31:45.915Z</time><extensions><course>321.7</course><speed>33.27</speed></extensions></trkpt>
      <trkpt lat="51.231541" lon="5.798668"><time>2026-09-24T18:31:46.915Z</time><extensions><course>321.7</course><speed>33.27</speed></extensions></trkpt>
      <trkpt lat="51.231775" lon="5.798370"><time>2026-09-24T18:31:47.915Z</time><extensions><course>321.3</course><speed>33.27</speed></extensions></trkpt>
      <trkpt lat="51.232007" lon="5.798115"><time>2026-09-24T18:31:48.915Z</time><extensions><course>321.3</course><speed>33.26</speed></extensions></trkpt>
      <trkpt lat="51.232264" lon="5.797820"><time>2026-09-24T18:31:49.915Z</time><extensions><course>321.3</course><speed>33.26</speed></extensions></trkpt>
      <trkpt lat="51.232478" lon="5.797529"><time>2026-09-24T18:31:50.915Z</time><extensions><course>321.7</course><speed>33.26</speed></extensions></trkpt>
      <trkpt lat="51.232726" lon="5.797225"><time>2026-09-24T18:31:51.915Z</time><extensions><course>321.7</course><speed>33.33</speed></extensions></trkpt>
      <trkpt lat="51.232943" lon="5.796952"><time>2026-09-24T18:31:52.915Z</time><extensions><course>321.7</course><speed>33.33</speed></extensions></trkpt>
      <trkpt lat="51.233173" lon="5.796600"><time>2026-09-24T18:31:53.915Z</time><extensions><course>321.7</course><speed>33.33</speed></extensions></trkpt>
      <trkpt lat="51.233436" lon="5.796316"><time>2026-09-24T18:31:54.915Z</time><extensions><course>321.7</course><speed>33.33</speed></extensions></trkpt>
      <trkpt lat="51.233638" lon="5.796048"><time>2026-09-24T18:31:55.915Z</time><extensions><course>321.7</course><speed>33.33</speed></extensions></trkpt>
      <trkpt lat="51.233895" lon="5.795731"><time>2026-09-24T18:31:56.915Z</time><extensions><course>321.7</course><speed>33.33</speed></extensions></trkpt>
      <trkpt lat="51.234112" lon="5.795424"><time>2026-09-24T18:31:57.915Z</time><extensions><course>321.7</course><speed>33.33</speed></extensions></trkpt>
      <trkpt lat="51.234373" lon="5.795115"><time>2026-09-24T18:31:58.915Z</time><extensions><course>321.7</course><speed>33.33</speed></extensions></trkpt>
      <trkpt lat="51.234592" lon="5.794854"><time>2026-09-24T18:31:59.915Z</time><extensions><course>321.7</course><speed>33.33</speed></extensions></trkpt>
      <trkpt lat="51.234828" lon="5.794527"><time>2026-09-24T18:32:00.915Z</time><extensions><course>321.7</course><speed>33.33</speed></extensions></trkpt>
      <trkpt lat="51.235065" lon="5.794272"><time>2026-09-24T18:32:01.915Z</time><extensions><course>321.7</course><speed>33.33</speed></extensions></trkpt>
      <trkpt lat="51.235310" lon="5.793971"><time>2026-09-24T18:32:02.915Z</time><extensions><course>321.7</course><speed>33.33</speed></extensions></trkpt>
      <trkpt lat="51.235533" lon="5.793651"><time>2026-09-24T18:32:03.915Z</time><extensions><course>321.7</course><speed>33.25</speed></extensions></trkpt>
      <trkpt lat="51.235765" lon="5.793359"><time>2026-09-24T18:32:04.915Z</time><extensions><course>321.7</course><speed>33.25</speed></extensions></trkpt>
      <trkpt lat="51.236022" lon="5.793078"><time>2026-09-24T18:32:05.915Z</time><extensions><course>321.7</course><speed>33.25</speed></extensions></trkpt>
      <trkpt lat="51.236257" lon="5.792773"><time>2026-09-24T18:32:06.915Z</time><extensions><course>322.1</course><speed>33.25</speed></extensions></trkpt>
      <trkpt lat="51.236455" lon="5.792486"><time>2026-09-24T18:32:07.915Z</time><extensions><course>322.1</course><speed>33.33</speed></extensions></trkpt>
      <trkpt lat="51.236702" lon="5.792223"><time>2026-09-24T18:32:08.915Z</time><extensions><course>322.1</course><speed>32.91</speed></extensions></trkpt>
      <trkpt lat="51.236952" lon="5.791918"><time>2026-09-24T18:32:09.915Z</time><extensions><course>322.1</course><speed>32.51</speed></extensions></trkpt>
      <trkpt lat="51.237168" lon="5.791591"><time>2026-09-24T18:32:10.915Z</time><extensions><course>322.1</course><speed>32.68</speed></extensions></trkpt>
      <trkpt lat="51.237399" lon="5.791356"><time>2026-09-24T18:32:11.915Z</time><extensions><course>326.0</course><speed>32.65</speed></extensions></trkpt>
      <trkpt lat="51.237646" lon="5.791029"><time>2026-09-24T18:32:12.915Z</time><extensions><course>324.6</course><speed>33.07</speed></extensions></trkpt>
      <trkpt lat="51.237916" lon="5.790799"><time>2026-09-24T18:32:13.915Z</time><extensions><course>325.2</course><speed>32.97</speed></extensions></trkpt>
      <trkpt lat="51.238124" lon="5.790490"><time>2026-09-24T18:32:14.915Z</time><extensions><course>325.3</course><speed>33.11</speed></extensions></trkpt>
      <trkpt lat="51.238374" lon="5.790223"><time>2026-09-24T18:32:15.915Z</time><extensions><course>325.3</course><speed>33.04</speed></extensions></trkpt>
      <trkpt lat="51.238611" lon="5.789994"><time>2026-09-24T18:32:16.915Z</time><extensions><course>326.3</course><speed>33.04</speed></extensions></trkpt>
      <trkpt lat="51.238879" lon="5.789736"><time>2026-09-24T18:32:17.915Z</time><extensions><course>326.7</course><speed>33.08</speed></extensions></trkpt>
      <trkpt lat="51.239119" lon="5.789472"><time>2026-09-24T18:32:18.915Z</time><extensions><course>326.7</course><speed>33.08</speed></extensions></trkpt>
      <trkpt lat="51.239386" lon="5.789217"><time>2026-09-24T18:32:19.915Z</time><extensions><course>327.5</course><speed>32.98</speed></extensions></trkpt>
      <trkpt lat="51.239622" lon="5.788942"><time>2026-09-24T18:32:20.915Z</time><extensions><course>327.5</course><speed>33.13</speed></extensions></trkpt>
      <trkpt lat="51.239872" lon="5.788709"><time>2026-09-24T18:32:21.915Z</time><extensions><course>327.5</course><speed>33.08</speed></extensions></trkpt>
      <trkpt lat="51.240131" lon="5.788450"><time>2026-09-24T18:32:22.915Z</time><extensions><course>328.4</course><speed>33.08</speed></extensions></trkpt>
      <trkpt lat="51.240393" lon="5.788223"><time>2026-09-24T18:32:23.915Z</time><extensions><course>328.7</course><speed>32.81</speed></extensions></trkpt>
      <trkpt lat="51.240648" lon="5.787990"><time>2026-09-24T18:32:24.915Z</time><extensions><course>328.7</course><speed>32.81</speed></extensions></trkpt>
      <trkpt lat="51.240896" lon="5.787740"><time>2026-09-24T18:32:25.915Z</time><extensions><course>330.9</course><speed>32.87</speed></extensions></trkpt>
      <trkpt lat="51.241153" lon="5.787511"><time>2026-09-24T18:32:26.915Z</time><extensions><course>330.9</course><speed>32.87</speed></extensions></trkpt>
      <trkpt lat="51.241397" lon="5.787224"><time>2026-09-24T18:32:27.915Z</time><extensions><course>330.9</course><speed>33.33</speed></extensions></trkpt>
      <trkpt lat="51.241657" lon="5.787023"><time>2026-09-24T18:32:28.915Z</time><extensions><course>330.9</course><speed>33.09</speed></extensions></trkpt>
      <trkpt lat="51.241935" lon="5.786795"><time>2026-09-24T18:32:29.915Z</time><extensions><course>330.9</course><speed>33.09</speed></extensions></trkpt>
      <trkpt lat="51.242184" lon="5.786526"><time>2026-09-24T18:32:30.915Z</time><extensions><course>332.1</course><speed>33.09</speed></extensions></trkpt>
      <trkpt lat="51.242428" lon="5.786368"><time>2026-09-24T18:32:31.915Z</time><extensions><course>332.1</course><speed>33.33</speed></extensions></trkpt>
      <trkpt lat="51.242689" lon="5.786145"><time>2026-09-24T18:32:32.915Z</time><extensions><course>332.1</course><speed>33.33</speed></extensions></trkpt>
      <trkpt lat="51.242973" lon="5.785897"><time>2026-09-24T18:32:33.915Z</time><extensions><course>332.1</course><speed>33.33</speed></extensions></trkpt>
      <trkpt lat="51.243237" lon="5.785694"><time>2026-09-24T18:32:34.915Z</time><extensions><course>332.1</course><speed>33.33</speed></extensions></trkpt>
      <trkpt lat="51.243501" lon="5.785454"><time>2026-09-24T18:32:35.915Z</time><extensions><course>332.1</course><speed>33.33</speed></extensions></trkpt>
      <trkpt lat="51.243753" lon="5.785200"><time>2026-09-24T18:32:36.915Z</time><extensions><course>332.1</course><speed>33.33</speed></extensions></trkpt>
      <trkpt lat="51.244048" lon="5.785034"><time>2026-09-24T18:32:37.915Z</time><extensions><course>332.1</course><speed>33.33</speed></extensions></trkpt>
      <trkpt lat="51.244317" lon="5.784796"><time>2026-09-24T18:32:38.915Z</time><extensions><course>332.1</course><speed>33.33</speed></extensions></trkpt>
      <trkpt lat="51.244561" lon="5.784550"><time>2026-09-24T18:32:39.915Z</time><extensions><course>332.1</course><speed>33.08</speed></extensions></trkpt>
      <trkpt lat="51.244834" lon="5.784340"><time>2026-09-24T18:32:40.915Z</time><extensions><course>332.1</course><speed>33.08</speed></extensions></trkpt>
      <trkpt lat="51.245092" lon="5.784126"><time>2026-09-24T18:32:41.915Z</time><extensions><course>330.9</course><speed>33.08</speed></extensions></trkpt>
      <trkpt lat="51.245326" lon="5.783862"><time>2026-09-24T18:32:42.915Z</time><extensions><course>330.9</course><speed>32.60</speed></extensions></trkpt>
      <trkpt lat="51.245603" lon="5.783645"><time>2026-09-24T18:32:43.915Z</time><extensions><course>330.9</course><speed>32.85</speed></extensions></trkpt>
      <trkpt lat="51.245858" lon="5.783412"><time>2026-09-24T18:32:44.915Z</time><extensions><course>328.6</course><speed>32.85</speed></extensions></trkpt>
      <trkpt lat="51.246111" lon="5.783169"><time>2026-09-24T18:32:45.915Z</time><extensions><course>328.6</course><speed>32.72</speed></extensions></trkpt>
      <trkpt lat="51.246348" lon="5.782922"><time>2026-09-24T18:32:46.915Z</time><extensions><course>328.6</course><speed>32.72</speed></extensions></trkpt>
      <trkpt lat="51.246613" lon="5.782686"><time>2026-09-24T18:32:47.915Z</time><extensions><course>328.6</course><speed>32.72</speed></extensions></trkpt>
      <trkpt lat="51.246867" lon="5.782417"><time>2026-09-24T18:32:48.915Z</time><extensions><course>325.6</course><speed>32.28</speed></extensions></trkpt>
      <trkpt lat="51.247091" lon="5.782149"><time>2026-09-24T18:32:49.915Z</time><extensions><course>325.6</course><speed>32.89</speed></extensions></trkpt>
      <trkpt lat="51.247334" lon="5.781874"><time>2026-09-24T18:32:50.915Z</time><extensions><course>323.5</course><speed>32.54</speed></extensions></trkpt>
      <trkpt lat="51.247580" lon="5.781626"><time>2026-09-24T18:32:51.915Z</time><extensions><course>323.5</course><speed>32.99</speed></extensions></trkpt>
      <trkpt lat="51.247834" lon="5.781319"><time>2026-09-24T18:32:52.915Z</time><extensions><course>323.5</course><speed>32.51</speed></extensions></trkpt>
      <trkpt lat="51.248048" lon="5.781054"><time>2026-09-24T18:32:53.915Z</time><extensions><course>321.9</course><speed>32.51</speed></extensions></trkpt>
      <trkpt lat="51.248273" lon="5.780750"><time>2026-09-24T18:32:54.915Z</time><extensions><course>319.5</course><speed>32.41</speed></extensions></trkpt>
      <trkpt lat="51.248506" lon="5.780416"><time>2026-09-24T18:32:55.915Z</time><extensions><course>319.5</course><speed>32.89</speed></extensions></trkpt>
      <trkpt lat="51.248705" lon="5.780142"><time>2026-09-24T18:32:56.915Z</time><extensions><course>317.4</course><speed>32.89</speed></extensions></trkpt>
      <trkpt lat="51.248934" lon="5.779819"><time>2026-09-24T18:32:57.915Z</time><extensions><course>317.4</course><speed>32.33</speed></extensions></trkpt>
      <trkpt lat="51.249155" lon="5.779494"><time>2026-09-24T18:32:58.915Z</time><extensions><course>317.4</course><speed>32.77</speed></extensions></trkpt>
      <trkpt lat="51.249355" lon="5.779154"><time>2026-09-24T18:32:59.915Z</time><extensions><course>314.7</course><speed>32.77</speed></extensions></trkpt>
      <trkpt lat="51.249556" lon="5.778876"><time>2026-09-24T18:33:00.915Z</time><extensions><course>314.7</course><speed>32.91</speed></extensions></trkpt>
      <trkpt lat="51.249750" lon="5.778523"><time>2026-09-24T18:33:01.915Z</time><extensions><course>314.7</course><speed>32.41</speed></extensions></trkpt>
      <trkpt lat="51.249972" lon="5.778164"><time>2026-09-24T18:33:02.915Z</time><extensions><course>312.7</course><speed>32.41</speed></extensions></trkpt>
      <trkpt lat="51.250162" lon="5.777832"><time>2026-09-24T18:33:03.915Z</time><extensions><course>312.7</course><speed>32.84</speed></extensions></trkpt>
      <trkpt lat="51.250363" lon="5.777476"><time>2026-09-24T18:33:04.915Z</time><extensions><course>310.3</course><speed>32.42</speed></extensions></trkpt>
      <trkpt lat="51.250557" lon="5.777123"><time>2026-09-24T18:33:05.915Z</time><extensions><course>310.3</course><speed>32.91</speed></extensions></trkpt>
      <trkpt lat="51.250746" lon="5.776742"><time>2026-09-24T18:33:06.915Z</time><extensions><course>310.3</course><speed>32.61</speed></extensions></trkpt>
      <trkpt lat="51.250948" lon="5.776402"><time>2026-09-24T18:33:07.915Z</time><extensions><course>308.3</course><speed>32.61</speed></extensions></trkpt>
      <trkpt lat="51.251118" lon="5.776043"><time>2026-09-24T18:33:08.915Z</time><extensions><course>308.3</course><speed>33.04</speed></extensions></trkpt>
      <trkpt lat="51.251285" lon="5.775621"><time>2026-09-24T18:33:09.915Z</time><extensions><course>306.9</course><speed>32.37</speed></extensions></trkpt>
      <trkpt lat="51.251484" lon="5.775282"><time>2026-09-24T18:33:10.915Z</time><extensions><course>306.9</course><speed>32.67</speed></extensions></trkpt>
      <trkpt lat="51.251636" lon="5.774911"><time>2026-09-24T18:33:11.915Z</time><extensions><course>303.7</course><speed>32.34</speed></extensions></trkpt>
      <trkpt lat="51.251792" lon="5.774514"><time>2026-09-24T18:33:12.915Z</time><extensions><course>303.7</course><speed>33.01</speed></extensions></trkpt>
      <trkpt lat="51.251963" lon="5.774097"><time>2026-09-24T18:33:13.915Z</time><extensions><course>303.7</course><speed>33.01</speed></extensions></trkpt>
      <trkpt lat="51.252126" lon="5.773756"><time>2026-09-24T18:33:14.915Z</time><extensions><course>302.1</course><speed>32.89</speed></extensions></trkpt>
      <trkpt lat="51.252280" lon="5.773307"><time>2026-09-24T18:33:15.915Z</time><extensions><course>302.1</course><speed>33.22</speed></extensions></trkpt>
      <trkpt lat="51.252435" lon="5.772912"><time>2026-09-24T18:33:16.915Z</time><extensions><course>302.1</course><speed>33.22</speed></extensions></trkpt>
      <trkpt lat="51.252591" lon="5.772510"><time>2026-09-24T18:33:17.915Z</time><extensions><course>301.5</course><speed>33.22</speed></extensions></trkpt>
      <trkpt lat="51.252751" lon="5.772063"><time>2026-09-24T18:33:18.915Z</time><extensions><course>301.5</course><speed>33.33</speed></extensions></trkpt>
      <trkpt lat="51.252920" lon="5.771663"><time>2026-09-24T18:33:19.915Z</time><extensions><course>301.5</course><speed>33.33</speed></extensions></trkpt>
      <trkpt lat="51.253047" lon="5.771319"><time>2026-09-24T18:33:20.915Z</time><extensions><course>301.5</course><speed>33.33</speed></extensions></trkpt>
      <trkpt lat="51.253219" lon="5.770896"><time>2026-09-24T18:33:21.915Z</time><extensions><course>301.5</course><speed>33.33</speed></extensions></trkpt>
      <trkpt lat="51.253384" lon="5.770463"><time>2026-09-24T18:33:22.915Z</time><extensions><course>301.5</course><speed>33.33</speed></extensions></trkpt>
      <trkpt lat="51.253539" lon="5.770066"><time>2026-09-24T18:33:23.915Z</time><extensions><course>301.5</course><speed>33.33</speed></extensions></trkpt>
      <trkpt lat="51.253686" lon="5.769644"><time>2026-09-24T18:33:24.915Z</time><extensions><course>301.5</course><speed>33.33</speed></extensions></trkpt>
      <trkpt lat="51.253866" lon="5.769235"><time>2026-09-24T18:33:25.915Z</time><extensions><course>301.5</course><speed>33.33</speed></extensions></trkpt>
      <trkpt lat="51.254008" lon="5.768876"><time>2026-09-24T18:33:26.915Z</time><extensions><course>301.5</course><speed>33.33</speed></extensions></trkpt>
      <trkpt lat="51.254180" lon="5.768441"><time>2026-09-24T18:33:27.915Z</time><extensions><course>301.5</course><speed>33.33</speed></extensions></trkpt>
      <trkpt lat="51.254324" lon="5.768020"><time>2026-09-24T18:33:28.915Z</time><extensions><course>301.5</course><speed>33.33</speed></extensions></trkpt>
      <trkpt lat="51.254444" lon="5.767615"><time>2026-09-24T18:33:29.915Z</time><extensions><course>301.5</course><speed>33.33</speed></extensions></trkpt>
      <trkpt lat="51.254642" lon="5.767175"><time>2026-09-24T18:33:30.915Z</time><extensions><course>301.5</course><speed>33.33</speed></extensions></trkpt>
      <trkpt lat="51.254777" lon="5.766834"><time>2026-09-24T18:33:31.915Z</time><extensions><course>301.5</course><speed>33.33</speed></extensions></trkpt>
      <trkpt lat="51.254939" lon="5.766398"><time>2026-09-24T18:33:32.915Z</time><extensions><course>301.5</course><speed>33.33</speed></extensions></trkpt>
      <trkpt lat="51.255081" lon="5.765946"><time>2026-09-24T18:33:33.915Z</time><extensions><course>301.5</course><speed>33.33</speed></extensions></trkpt>
      <trkpt lat="51.255255" lon="5.765580"><time>2026-09-24T18:33:34.915Z</time><extensions><course>301.5</course><speed>33.33</speed></extensions></trkpt>
      <trkpt lat="51.255396" lon="5.765187"><time>2026-09-24T18:33:35.915Z</time><extensions><course>301.5</course><speed>33.33</speed></extensions></trkpt>
      <trkpt lat="51.255557" lon="5.764754"><time>2026-09-24T18:33:36.915Z</time><extensions><course>301.5</course><speed>33.33</speed></extensions></trkpt>
      <trkpt lat="51.255727" lon="5.764352"><time>2026-09-24T18:33:37.915Z</time><extensions><course>301.5</course><speed>33.33</speed></extensions></trkpt>
      <trkpt lat="51.255854" lon="5.763928"><time>2026-09-24T18:33:38.915Z</time><extensions><course>301.5</course><speed>33.33</speed></extensions></trkpt>
      <trkpt lat="51.256032" lon="5.763533"><time>2026-09-24T18:33:39.915Z</time><extensions><course>301.5</course><speed>33.33</speed></extensions></trkpt>
      <trkpt lat="51.256187" lon="5.763134"><time>2026-09-24T18:33:40.915Z</time><extensions><course>301.5</course><speed>33.33</speed></extensions></trkpt>
      <trkpt lat="51.256360" lon="5.762717"><time>2026-09-24T18:33:41.915Z</time><extensions><course>301.5</course><speed>33.33</speed></extensions></trkpt>
      <trkpt lat="51.256518" lon="5.762314"><time>2026-09-24T18:33:42.915Z</time><extensions><course>301.5</course><speed>33.33</speed></extensions></trkpt>
      <trkpt lat="51.256653" lon="5.761919"><time>2026-09-24T18:33:43.915Z</time><extensions><course>301.5</course><speed>33.33</speed></extensions></trkpt>
      <trkpt lat="51.256829" lon="5.761523"><time>2026-09-24T18:33:44.915Z</time><extensions><course>301.5</course><speed>33.29</speed></extensions></trkpt>
      <trkpt lat="51.256978" lon="5.761094"><time>2026-09-24T18:33:45.915Z</time><extensions><course>301.5</course><speed>33.29</speed></extensions></trkpt>
      <trkpt lat="51.257130" lon="5.760653"><time>2026-09-24T18:33:46.915Z</time><extensions><course>301.7</course><speed>33.29</speed></extensions></trkpt>
      <trkpt lat="51.257275" lon="5.760284"><time>2026-09-24T18:33:47.915Z</time><extensions><course>301.7</course><speed>33.33</speed></extensions></trkpt>
      <trkpt lat="51.257441" lon="5.759864"><time>2026-09-24T18:33:48.915Z</time><extensions><course>301.7</course><speed>33.33</speed></extensions></trkpt>
      <trkpt lat="51.257624" lon="5.759467"><time>2026-09-24T18:33:49.915Z</time><extensions><course>301.7</course><speed>33.33</speed></extensions></trkpt>
      <trkpt lat="51.257751" lon="5.759049"><time>2026-09-24T18:33:50.915Z</time><extensions><course>301.7</course><speed>33.33</speed></extensions></trkpt>
      <trkpt lat="51.257891" lon="5.758637"><time>2026-09-24T18:33:51.915Z</time><extensions><course>301.7</course><speed>33.33</speed></extensions></trkpt>
      <trkpt lat="51.258080" lon="5.758237"><time>2026-09-24T18:33:52.915Z</time><extensions><course>301.7</course><speed>33.33</speed></extensions></trkpt>
      <trkpt lat="51.258227" lon="5.757859"><time>2026-09-24T18:33:53.915Z</time><extensions><course>301.7</course><speed>33.33</speed></extensions></trkpt>
      <trkpt lat="51.258382" lon="5.757422"><time>2026-09-24T18:33:54.915Z</time><extensions><course>301.7</course><speed>33.33</speed></extensions></trkpt>
      <trkpt lat="51.258562" lon="5.757022"><time>2026-09-24T18:33:55.915Z</time><extensions><course>301.7</course><speed>33.33</speed></extensions></trkpt>
      <trkpt lat="51.258709" lon="5.756602"><time>2026-09-24T18:33:56.915Z</time><extensions><course>301.7</course><speed>33.33</speed></extensions></trkpt>
      <trkpt lat="51.258872" lon="5.756198"><time>2026-09-24T18:33:57.915Z</time><extensions><course>301.7</course><speed>33.33</speed></extensions></trkpt>
      <trkpt lat="51.259015" lon="5.755806"><time>2026-09-24T18:33:58.915Z</time><extensions><course>301.7</course><speed>33.33</speed></extensions></trkpt>
      <trkpt lat="51.259183" lon="5.755358"><time>2026-09-24T18:33:59.915Z</time><extensions><course>301.7</course><speed>33.33</speed></extensions></trkpt>
      <trkpt lat="51.259319" lon="5.754979"><time>2026-09-24T18:34:00.915Z</time><extensions><course>301.7</course><speed>33.33</speed></extensions></trkpt>
      <trkpt lat="51.259506" lon="5.754588"><time>2026-09-24T18:34:01.915Z</time><extensions><course>301.7</course><speed>33.33</speed></extensions></trkpt>
      <trkpt lat="51.259646" lon="5.754168"><time>2026-09-24T18:34:02.915Z</time><extensions><course>301.7</course><speed>33.33</speed></extensions></trkpt>
      <trkpt lat="51.259786" lon="5.753765"><time>2026-09-24T18:34:03.915Z</time><extensions><course>301.7</course><speed>33.33</speed></extensions></trkpt>
      <trkpt lat="51.259978" lon="5.753338"><time>2026-09-24T18:34:04.915Z</time><extensions><course>301.7</course><speed>33.33</speed></extensions></trkpt>
      <trkpt lat="51.260136" lon="5.752961"><time>2026-09-24T18:34:05.915Z</time><extensions><course>301.7</course><speed>33.33</speed></extensions></trkpt>
      <trkpt lat="51.260276" lon="5.752540"><time>2026-09-24T18:34:06.915Z</time><extensions><course>301.7</course><speed>33.29</speed></extensions></trkpt>
      <trkpt lat="51.260431" lon="5.752121"><time>2026-09-24T18:34:07.915Z</time><extensions><course>301.7</course><speed>33.29</speed></extensions></trkpt>
      <trkpt lat="51.260583" lon="5.751728"><time>2026-09-24T18:34:08.915Z</time><extensions><course>301.7</course><speed>33.29</speed></extensions></trkpt>
      <trkpt lat="51.260743" lon="5.751318"><time>2026-09-24T18:34:09.915Z</time><extensions><course>301.9</course><speed>32.77</speed></extensions></trkpt>
      <trkpt lat="51.260881" lon="5.750900"><time>2026-09-24T18:34:10.915Z</time><extensions><course>301.9</course><speed>32.80</speed></extensions></trkpt>
      <trkpt lat="51.261083" lon="5.750529"><time>2026-09-24T18:34:11.915Z</time><extensions><course>301.9</course><speed>32.80</speed></extensions></trkpt>
      <trkpt lat="51.261227" lon="5.750133"><time>2026-09-24T18:34:12.915Z</time><extensions><course>304.4</course><speed>31.83</speed></extensions></trkpt>
      <trkpt lat="51.261404" lon="5.749749"><time>2026-09-24T18:34:13.915Z</time><extensions><course>304.4</course><speed>32.36</speed></extensions></trkpt>
      <trkpt lat="51.261564" lon="5.749377"><time>2026-09-24T18:34:14.915Z</time><extensions><course>304.4</course><speed>32.36</speed></extensions></trkpt>
      <trkpt lat="51.261727" lon="5.749003"><time>2026-09-24T18:34:15.915Z</time><extensions><course>309.1</course><speed>32.36</speed></extensions></trkpt>
      <trkpt lat="51.261923" lon="5.748650"><time>2026-09-24T18:34:16.915Z</time><extensions><course>309.1</course><speed>32.82</speed></extensions></trkpt>
      <trkpt lat="51.262098" lon="5.748280"><time>2026-09-24T18:34:17.915Z</time><extensions><course>309.1</course><speed>32.82</speed></extensions></trkpt>
      <trkpt lat="51.262292" lon="5.747896"><time>2026-09-24T18:34:18.915Z</time><extensions><course>311.6</course><speed>32.82</speed></extensions></trkpt>
      <trkpt lat="51.262483" lon="5.747562"><time>2026-09-24T18:34:19.915Z</time><extensions><course>311.6</course><speed>32.10</speed></extensions></trkpt>
      <trkpt lat="51.262698" lon="5.747221"><time>2026-09-24T18:34:20.915Z</time><extensions><course>311.6</course><speed>32.10</speed></extensions></trkpt>
      <trkpt lat="51.262874" lon="5.746860"><time>2026-09-24T18:34:21.915Z</time><extensions><course>317.5</course><speed>32.10</speed></extensions></trkpt>
      <trkpt lat="51.263102" lon="5.746609"><time>2026-09-24T18:34:22.915Z</time><extensions><course>317.5</course><speed>33.00</speed></extensions></trkpt>
      <trkpt lat="51.263329" lon="5.746241"><time>2026-09-24T18:34:23.915Z</time><extensions><course>317.5</course><speed>33.00</speed></extensions></trkpt>
      <trkpt lat="51.263510" lon="5.745944"><time>2026-09-24T18:34:24.915Z</time><extensions><course>319.0</course><speed>33.00</speed></extensions></trkpt>
      <trkpt lat="51.263737" lon="5.745663"><time>2026-09-24T18:34:25.915Z</time><extensions><course>319.0</course><speed>32.23</speed></extensions></trkpt>
      <trkpt lat="51.263971" lon="5.745324"><time>2026-09-24T18:34:26.915Z</time><extensions><course>319.0</course><speed>32.55</speed></extensions></trkpt>
      <trkpt lat="51.264192" lon="5.745059"><time>2026-09-24T18:34:27.915Z</time><extensions><course>322.8</course><speed>32.55</speed></extensions></trkpt>
      <trkpt lat="51.264426" lon="5.744745"><time>2026-09-24T18:34:28.915Z</time><extensions><course>322.8</course><speed>32.22</speed></extensions></trkpt>
      <trkpt lat="51.264654" lon="5.744463"><time>2026-09-24T18:34:29.915Z</time><extensions><course>322.8</course><speed>32.22</speed></extensions></trkpt>
      <trkpt lat="51.264874" lon="5.744193"><time>2026-09-24T18:34:30.915Z</time><extensions><course>322.8</course><speed>32.22</speed></extensions></trkpt>
      <trkpt lat="51.265113" lon="5.743940"><time>2026-09-24T18:34:31.915Z</time><extensions><course>328.1</course><speed>31.60</speed></extensions></trkpt>
      <trkpt lat="51.265357" lon="5.743681"><time>2026-09-24T18:34:32.915Z</time><extensions><course>328.1</course><speed>32.72</speed></extensions></trkpt>
      <trkpt lat="51.265613" lon="5.743442"><time>2026-09-24T18:34:33.915Z</time><extensions><course>328.1</course><speed>32.72</speed></extensions></trkpt>
      <trkpt lat="51.265874" lon="5.743185"><time>2026-09-24T18:34:34.915Z</time><extensions><course>331.1</course><speed>31.93</speed></extensions></trkpt>
      <trkpt lat="51.266130" lon="5.742998"><time>2026-09-24T18:34:35.915Z</time><extensions><course>331.1</course><speed>32.54</speed></extensions></trkpt>
      <trkpt lat="51.266385" lon="5.742806"><time>2026-09-24T18:34:36.915Z</time><extensions><course>334.9</course><speed>32.30</speed></extensions></trkpt>
      <trkpt lat="51.266654" lon="5.742561"><time>2026-09-24T18:34:37.915Z</time><extensions><course>334.9</course><speed>32.30</speed></extensions></trkpt>
      <trkpt lat="51.266890" lon="5.742406"><time>2026-09-24T18:34:38.915Z</time><extensions><course>334.9</course><speed>32.53</speed></extensions></trkpt>
      <trkpt lat="51.267179" lon="5.742191"><time>2026-09-24T18:34:39.915Z</time><extensions><course>336.1</course><speed>32.53</speed></extensions></trkpt>
      <trkpt lat="51.267452" lon="5.742033"><time>2026-09-24T18:34:40.915Z</time><extensions><course>336.1</course><speed>32.77</speed></extensions></trkpt>
      <trkpt lat="51.267701" lon="5.741849"><time>2026-09-24T18:34:41.915Z</time><extensions><course>338.7</course><speed>32.77</speed></extensions></trkpt>
      <trkpt lat="51.268009" lon="5.741653"><time>2026-09-24T18:34:42.915Z</time><extensions><course>338.7</course><speed>33.33</speed></extensions></trkpt>
      <trkpt lat="51.268276" lon="5.741460"><time>2026-09-24T18:34:43.915Z</time><extensions><course>338.7</course><speed>33.33</speed></extensions></trkpt>
      <trkpt lat="51.268539" lon="5.741273"><time>2026-09-24T18:34:44.915Z</time><extensions><course>338.7</course><speed>33.33</speed></extensions></trkpt>
      <trkpt lat="51.268808" lon="5.741135"><time>2026-09-24T18:34:45.915Z</time><extensions><course>338.7</course><speed>33.33</speed></extensions></trkpt>
      <trkpt lat="51.269124" lon="5.740929"><time>2026-09-24T18:34:46.915Z</time><extensions><course>338.7</course><speed>33.25</speed></extensions></trkpt>
      <trkpt lat="51.269378" lon="5.740777"><time>2026-09-24T18:34:47.915Z</time><extensions><course>338.7</course><speed>33.25</speed></extensions></trkpt>
      <trkpt lat="51.269675" lon="5.740603"><time>2026-09-24T18:34:48.915Z</time><extensions><course>338.7</course><speed>33.25</speed></extensions></trkpt>
      <trkpt lat="51.269952" lon="5.740473"><time>2026-09-24T18:34:49.915Z</time><extensions><course>339.1</course><speed>33.24</speed></extensions></trkpt>
      <trkpt lat="51.270235" lon="5.740239"><time>2026-09-24T18:34:50.915Z</time><extensions><course>339.1</course><speed>33.31</speed></extensions></trkpt>
      <trkpt lat="51.270505" lon="5.740090"><time>2026-09-24T18:34:51.915Z</time><extensions><course>339.1</course><speed>33.31</speed></extensions></trkpt>
      <trkpt lat="51.270764" lon="5.739920"><time>2026-09-24T18:34:52.915Z</time><extensions><course>339.2</course><speed>33.31</speed></extensions></trkpt>
      <trkpt lat="51.271056" lon="5.739752"><time>2026-09-24T18:34:53.915Z</time><extensions><course>339.0</course><speed>33.29</speed></extensions></trkpt>
      <trkpt lat="51.271336" lon="5.739568"><time>2026-09-24T18:34:54.915Z</time><extensions><course>339.0</course><speed>33.33</speed></extensions></trkpt>
      <trkpt lat="51.271627" lon="5.739423"><time>2026-09-24T18:34:55.915Z</time><extensions><course>339.0</course><speed>33.33</speed></extensions></trkpt>
      <trkpt lat="51.271880" lon="5.739229"><time>2026-09-24T18:34:56.915Z</time><extensions><course>339.0</course><speed>33.33</speed></extensions></trkpt>
      <trkpt lat="51.272177" lon="5.739073"><time>2026-09-24T18:34:57.915Z</time><extensions><course>339.0</course><speed>33.33</speed></extensions></trkpt>
      <trkpt lat="51.272462" lon="5.738925"><time>2026-09-24T18:34:58.915Z</time><extensions><course>339.0</course><speed>32.83</speed></extensions></trkpt>
      <trkpt lat="51.272714" lon="5.738720"><time>2026-09-24T18:34:59.915Z</time><extensions><course>339.0</course><speed>32.83</speed></extensions></trkpt>
      <trkpt lat="51.273025" lon="5.738572"><time>2026-09-24T18:35:00.915Z</time><extensions><course>336.6</course><speed>32.83</speed></extensions></trkpt>
      <trkpt lat="51.273276" lon="5.738354"><time>2026-09-24T18:35:01.915Z</time><extensions><course>336.6</course><speed>33.33</speed></extensions></trkpt>
      <trkpt lat="51.273560" lon="5.738212"><time>2026-09-24T18:35:02.915Z</time><extensions><course>336.6</course><speed>33.33</speed></extensions></trkpt>
      <trkpt lat="51.273826" lon="5.737977"><time>2026-09-24T18:35:03.915Z</time><extensions><course>336.6</course><speed>33.33</speed></extensions></trkpt>
      <trkpt lat="51.274109" lon="5.737799"><time>2026-09-24T18:35:04.915Z</time><extensions><course>336.6</course><speed>32.93</speed></extensions></trkpt>
      <trkpt lat="51.274375" lon="5.737611"><time>2026-09-24T18:35:05.915Z</time><extensions><course>336.6</course><speed>32.93</speed></extensions></trkpt>
      <trkpt lat="51.274657" lon="5.737437"><time>2026-09-24T18:35:06.915Z</time><extensions><course>334.7</course><speed>32.59</speed></extensions></trkpt>
      <trkpt lat="51.274896" lon="5.737244"><time>2026-09-24T18:35:07.915Z</time><extensions><course>334.7</course><speed>32.99</speed></extensions></trkpt>
      <trkpt lat="51.275177" lon="5.737018"><time>2026-09-24T18:35:08.915Z</time><extensions><course>334.7</course><speed>32.99</speed></extensions></trkpt>
      <trkpt lat="51.275432" lon="5.736830"><time>2026-09-24T18:35:09.915Z</time><extensions><course>333.0</course><speed>32.83</speed></extensions></trkpt>
      <trkpt lat="51.275721" lon="5.736575"><time>2026-09-24T18:35:10.915Z</time><extensions><course>333.0</course><speed>32.79</speed></extensions></trkpt>
      <trkpt lat="51.275978" lon="5.736347"><time>2026-09-24T18:35:11.915Z</time><extensions><course>332.2</course><speed>32.79</speed></extensions></trkpt>
      <trkpt lat="51.276252" lon="5.736164"><time>2026-09-24T18:35:12.915Z</time><extensions><course>332.2</course><speed>32.96</speed></extensions></trkpt>
      <trkpt lat="51.276470" lon="5.735910"><time>2026-09-24T18:35:13.915Z</time><extensions><course>330.5</course><speed>32.96</speed></extensions></trkpt>
      <trkpt lat="51.276747" lon="5.735696"><time>2026-09-24T18:35:14.915Z</time><extensions><course>330.5</course><speed>32.63</speed></extensions></trkpt>
      <trkpt lat="51.277010" lon="5.735492"><time>2026-09-24T18:35:15.915Z</time><extensions><course>330.5</course><speed>32.63</speed></extensions></trkpt>
      <trkpt lat="51.277252" lon="5.735238"><time>2026-09-24T18:35:16.915Z</time><extensions><course>327.1</course><speed>32.29</speed></extensions></trkpt>
      <trkpt lat="51.277496" lon="5.734969"><time>2026-09-24T18:35:17.915Z</time><extensions><course>327.1</course><speed>32.29</speed></extensions></trkpt>
      <trkpt lat="51.277742" lon="5.734711"><time>2026-09-24T18:35:18.915Z</time><extensions><course>325.5</course><speed>32.46</speed></extensions></trkpt>
      <trkpt lat="51.277971" lon="5.734493"><time>2026-09-24T18:35:19.915Z</time><extensions><course>325.5</course><speed>31.98</speed></extensions></trkpt>
      <trkpt lat="51.278205" lon="5.734152"><time>2026-09-24T18:35:20.915Z</time><extensions><course>322.9</course><speed>32.32</speed></extensions></trkpt>
      <trkpt lat="51.278443" lon="5.733910"><time>2026-09-24T18:35:21.915Z</time><extensions><course>320.6</course><speed>32.40</speed></extensions></trkpt>
      <trkpt lat="51.278658" lon="5.733640"><time>2026-09-24T18:35:22.915Z</time><extensions><course>320.6</course><speed>32.24</speed></extensions></trkpt>
      <trkpt lat="51.278902" lon="5.733323"><time>2026-09-24T18:35:23.915Z</time><extensions><course>318.4</course><speed>32.13</speed></extensions></trkpt>
      <trkpt lat="51.279124" lon="5.733012"><time>2026-09-24T18:35:24.915Z</time><extensions><course>317.7</course><speed>32.13</speed></extensions></trkpt>
      <trkpt lat="51.279337" lon="5.732671"><time>2026-09-24T18:35:25.915Z</time><extensions><course>317.7</course><speed>32.01</speed></extensions></trkpt>
      <trkpt lat="51.279522" lon="5.732372"><time>2026-09-24T18:35:26.915Z</time><extensions><course>314.8</course><speed>31.85</speed></extensions></trkpt>
      <trkpt lat="51.279738" lon="5.732021"><time>2026-09-24T18:35:27.915Z</time><extensions><course>312.0</course><speed>32.21</speed></extensions></trkpt>
      <trkpt lat="51.279910" lon="5.731744"><time>2026-09-24T18:35:28.915Z</time><extensions><course>312.0</course><speed>32.43</speed></extensions></trkpt>
      <trkpt lat="51.280125" lon="5.731343"><time>2026-09-24T18:35:29.915Z</time><extensions><course>310.5</course><speed>32.21</speed></extensions></trkpt>
      <trkpt lat="51.280295" lon="5.730998"><time>2026-09-24T18:35:30.915Z</time><extensions><course>309.4</course><speed>32.11</speed></extensions></trkpt>
      <trkpt lat="51.280480" lon="5.730613"><time>2026-09-24T18:35:31.915Z</time><extensions><course>306.7</course><speed>32.34</speed></extensions></trkpt>
      <trkpt lat="51.280642" lon="5.730235"><time>2026-09-24T18:35:32.915Z</time><extensions><course>304.7</course><speed>32.47</speed></extensions></trkpt>
      <trkpt lat="51.280794" lon="5.729896"><time>2026-09-24T18:35:33.915Z</time><extensions><course>304.7</course><speed>31.94</speed></extensions></trkpt>
      <trkpt lat="51.280951" lon="5.729506"><time>2026-09-24T18:35:34.915Z</time><extensions><course>302.5</course><speed>31.95</speed></extensions></trkpt>
      <trkpt lat="51.281125" lon="5.729096"><time>2026-09-24T18:35:35.915Z</time><extensions><course>302.5</course><speed>32.40</speed></extensions></trkpt>
      <trkpt lat="51.281271" lon="5.728708"><time>2026-09-24T18:35:36.915Z</time><extensions><course>300.0</course><speed>31.83</speed></extensions></trkpt>
      <trkpt lat="51.281415" lon="5.728342"><time>2026-09-24T18:35:37.915Z</time><extensions><course>298.0</course><speed>32.35</speed></extensions></trkpt>
      <trkpt lat="51.281568" lon="5.727907"><time>2026-09-24T18:35:38.915Z</time><extensions><course>298.0</course><speed>32.43</speed></extensions></trkpt>
      <trkpt lat="51.281656" lon="5.727478"><time>2026-09-24T18:35:39.915Z</time><extensions><course>295.3</course><speed>31.88</speed></extensions></trkpt>
      <trkpt lat="51.281801" lon="5.727072"><time>2026-09-24T18:35:40.915Z</time><extensions><course>293.7</course><speed>32.46</speed></extensions></trkpt>
      <trkpt lat="51.281888" lon="5.726645"><time>2026-09-24T18:35:41.915Z</time><extensions><course>293.7</course><speed>32.28</speed></extensions></trkpt>
      <trkpt lat="51.282031" lon="5.726238"><time>2026-09-24T18:35:42.915Z</time><extensions><course>291.1</course><speed>32.12</speed></extensions></trkpt>
      <trkpt lat="51.282101" lon="5.725772"><time>2026-09-24T18:35:43.915Z</time><extensions><course>290.2</course><speed>32.35</speed></extensions></trkpt>
      <trkpt lat="51.282199" lon="5.725314"><time>2026-09-24T18:35:44.915Z</time><extensions><course>287.8</course><speed>31.98</speed></extensions></trkpt>
      <trkpt lat="51.282294" lon="5.724933"><time>2026-09-24T18:35:45.915Z</time><extensions><course>286.4</course><speed>32.04</speed></extensions></trkpt>
      <trkpt lat="51.282387" lon="5.724461"><time>2026-09-24T18:35:46.915Z</time><extensions><course>283.7</course><speed>32.35</speed></extensions></trkpt>
      <trkpt lat="51.282450" lon="5.723981"><time>2026-09-24T18:35:47.915Z</time><extensions><course>283.7</course><speed>32.19</speed></extensions></trkpt>
      <trkpt lat="51.282531" lon="5.723569"><time>2026-09-24T18:35:48.915Z</time><extensions><course>281.6</course><speed>32.74</speed></extensions></trkpt>
      <trkpt lat="51.282572" lon="5.723129"><time>2026-09-24T18:35:49.915Z</time><extensions><course>281.6</course><speed>32.96</speed></extensions></trkpt>
      <trkpt lat="51.282619" lon="5.722637"><time>2026-09-24T18:35:50.915Z</time><extensions><course>280.8</course><speed>32.96</speed></extensions></trkpt>
      <trkpt lat="51.282682" lon="5.722138"><time>2026-09-24T18:35:51.915Z</time><extensions><course>280.8</course><speed>33.13</speed></extensions></trkpt>
      <trkpt lat="51.282734" lon="5.721694"><time>2026-09-24T18:35:52.915Z</time><extensions><course>279.9</course><speed>33.13</speed></extensions></trkpt>
      <trkpt lat="51.282793" lon="5.721231"><time>2026-09-24T18:35:53.915Z</time><extensions><course>279.9</course><speed>33.10</speed></extensions></trkpt>
      <trkpt lat="51.282828" lon="5.720726"><time>2026-09-24T18:35:54.915Z</time><extensions><course>279.9</course><speed>33.10</speed></extensions></trkpt>
      <trkpt lat="51.282862" lon="5.720283"><time>2026-09-24T18:35:55.915Z</time><extensions><course>278.7</course><speed>32.85</speed></extensions></trkpt>
      <trkpt lat="51.282935" lon="5.719830"><time>2026-09-24T18:35:56.915Z</time><extensions><course>278.7</course><speed>32.85</speed></extensions></trkpt>
      <trkpt lat="51.282962" lon="5.719372"><time>2026-09-24T18:35:57.915Z</time><extensions><course>277.5</course><speed>32.79</speed></extensions></trkpt>
      <trkpt lat="51.283009" lon="5.718907"><time>2026-09-24T18:35:58.915Z</time><extensions><course>277.5</course><speed>32.79</speed></extensions></trkpt>
      <trkpt lat="51.283030" lon="5.718400"><time>2026-09-24T18:35:59.915Z</time><extensions><course>276.1</course><speed>33.04</speed></extensions></trkpt>
      <trkpt lat="51.283087" lon="5.717923"><time>2026-09-24T18:36:00.915Z</time><extensions><course>276.1</course><speed>33.04</speed></extensions></trkpt>
      <trkpt lat="51.283106" lon="5.717462"><time>2026-09-24T18:36:01.915Z</time><extensions><course>276.1</course><speed>33.33</speed></extensions></trkpt>
      <trkpt lat="51.283149" lon="5.716999"><time>2026-09-24T18:36:02.915Z</time><extensions><course>276.1</course><speed>33.02</speed></extensions></trkpt>
      <trkpt lat="51.283171" lon="5.716521"><time>2026-09-24T18:36:03.915Z</time><extensions><course>276.1</course><speed>33.02</speed></extensions></trkpt>
      <trkpt lat="51.283201" lon="5.716031"><time>2026-09-24T18:36:04.915Z</time><extensions><course>274.7</course><speed>32.72</speed></extensions></trkpt>
      <trkpt lat="51.283233" lon="5.715588"><time>2026-09-24T18:36:05.915Z</time><extensions><course>274.7</course><speed>32.72</speed></extensions></trkpt>
      <trkpt lat="51.283273" lon="5.715110"><time>2026-09-24T18:36:06.915Z</time><extensions><course>274.7</course><speed>33.03</speed></extensions></trkpt>
      <trkpt lat="51.283272" lon="5.714656"><time>2026-09-24T18:36:07.915Z</time><extensions><course>273.2</course><speed>32.95</speed></extensions></trkpt>
      <trkpt lat="51.283310" lon="5.714187"><time>2026-09-24T18:36:08.915Z</time><extensions><course>273.2</course><speed>33.25</speed></extensions></trkpt>
      <trkpt lat="51.283302" lon="5.713715"><time>2026-09-24T18:36:09.915Z</time><extensions><course>272.8</course><speed>32.99</speed></extensions></trkpt>
      <trkpt lat="51.283298" lon="5.713239"><time>2026-09-24T18:36:10.915Z</time><extensions><course>272.8</course><speed>33.08</speed></extensions></trkpt>
      <trkpt lat="51.283321" lon="5.712743"><time>2026-09-24T18:36:11.915Z</time><extensions><course>271.6</course><speed>32.83</speed></extensions></trkpt>
      <trkpt lat="51.283343" lon="5.712274"><time>2026-09-24T18:36:12.915Z</time><extensions><course>271.6</course><speed>33.09</speed></extensions></trkpt>
      <trkpt lat="51.283345" lon="5.711842"><time>2026-09-24T18:36:13.915Z</time><extensions><course>270.4</course><speed>33.09</speed></extensions></trkpt>
      <trkpt lat="51.283369" lon="5.711360"><time>2026-09-24T18:36:14.915Z</time><extensions><course>270.4</course><speed>33.33</speed></extensions></trkpt>
      <trkpt lat="51.283366" lon="5.710823"><time>2026-09-24T18:36:15.915Z</time><extensions><course>270.4</course><speed>33.17</speed></extensions></trkpt>
      <trkpt lat="51.283357" lon="5.710373"><time>2026-09-24T18:36:16.915Z</time><extensions><course>270.4</course><speed>33.17</speed></extensions></trkpt>
      <trkpt lat="51.283367" lon="5.709890"><time>2026-09-24T18:36:17.915Z</time><extensions><course>269.6</course><speed>32.88</speed></extensions></trkpt>
      <trkpt lat="51.283359" lon="5.709456"><time>2026-09-24T18:36:18.915Z</time><extensions><course>269.6</course><speed>32.93</speed></extensions></trkpt>
      <trkpt lat="51.283330" lon="5.708951"><time>2026-09-24T18:36:19.915Z</time><extensions><course>268.2</course><speed>32.90</speed></extensions></trkpt>
      <trkpt lat="51.283327" lon="5.708445"><time>2026-09-24T18:36:20.915Z</time><extensions><course>267.7</course><speed>33.19</speed></extensions></trkpt>
      <trkpt lat="51.283334" lon="5.708000"><time>2026-09-24T18:36:21.915Z</time><extensions><course>267.5</course><speed>33.19</speed></extensions></trkpt>
      <trkpt lat="51.283296" lon="5.707509"><time>2026-09-24T18:36:22.915Z</time><extensions><course>267.5</course><speed>33.01</speed></extensions></trkpt>
      <trkpt lat="51.283310" lon="5.707091"><time>2026-09-24T18:36:23.915Z</time><extensions><course>267.5</course><speed>33.04</speed></extensions></trkpt>
      <trkpt lat="51.283284" lon="5.706588"><time>2026-09-24T18:36:24.915Z</time><extensions><course>267.5</course><speed>32.83</speed></extensions></trkpt>
      <trkpt lat="51.283268" lon="5.706109"><time>2026-09-24T18:36:25.915Z</time><extensions><course>266.1</course><speed>32.83</speed></extensions></trkpt>
      <trkpt lat="51.283254" lon="5.705639"><time>2026-09-24T18:36:26.915Z</time><extensions><course>265.1</course><speed>33.00</speed></extensions></trkpt>
      <trkpt lat="51.283229" lon="5.705124"><time>2026-09-24T18:36:27.915Z</time><extensions><course>265.1</course><speed>33.00</speed></extensions></trkpt>
      <trkpt lat="51.283196" lon="5.704724"><time>2026-09-24T18:36:28.915Z</time><extensions><course>264.5</course><speed>33.21</speed></extensions></trkpt>
      <trkpt lat="51.283156" lon="5.704250"><time>2026-09-24T18:36:29.915Z</time><extensions><course>264.5</course><speed>33.33</speed></extensions></trkpt>
      <trkpt lat="51.283148" lon="5.703744"><time>2026-09-24T18:36:30.915Z</time><extensions><course>264.5</course><speed>32.90</speed></extensions></trkpt>
      <trkpt lat="51.283088" lon="5.703270"><time>2026-09-24T18:36:31.915Z</time><extensions><course>264.5</course><speed>32.90</speed></extensions></trkpt>
      <trkpt lat="51.283089" lon="5.702807"><time>2026-09-24T18:36:32.915Z</time><extensions><course>262.5</course><speed>32.90</speed></extensions></trkpt>
      <trkpt lat="51.283040" lon="5.702328"><time>2026-09-24T18:36:33.915Z</time><extensions><course>262.5</course><speed>33.33</speed></extensions></trkpt>
      <trkpt lat="51.283004" lon="5.701860"><time>2026-09-24T18:36:34.915Z</time><extensions><course>262.5</course><speed>32.95</speed></extensions></trkpt>
      <trkpt lat="51.282958" lon="5.701402"><time>2026-09-24T18:36:35.915Z</time><extensions><course>262.5</course><speed>32.95</speed></extensions></trkpt>
      <trkpt lat="51.282927" lon="5.700912"><time>2026-09-24T18:36:36.915Z</time><extensions><course>260.6</course><speed>32.95</speed></extensions></trkpt>
      <trkpt lat="51.282898" lon="5.700456"><time>2026-09-24T18:36:37.915Z</time><extensions><course>260.6</course><speed>32.79</speed></extensions></trkpt>
      <trkpt lat="51.282836" lon="5.699998"><time>2026-09-24T18:36:38.915Z</time><extensions><course>260.6</course><speed>33.17</speed></extensions></trkpt>
      <trkpt lat="51.282802" lon="5.699522"><time>2026-09-24T18:36:39.915Z</time><extensions><course>260.6</course><speed>33.17</speed></extensions></trkpt>
      <trkpt lat="51.282715" lon="5.699043"><time>2026-09-24T18:36:40.915Z</time><extensions><course>259.8</course><speed>32.82</speed></extensions></trkpt>
      <trkpt lat="51.282670" lon="5.698603"><time>2026-09-24T18:36:41.915Z</time><extensions><course>259.8</course><speed>32.98</speed></extensions></trkpt>
      <trkpt lat="51.282634" lon="5.698150"><time>2026-09-24T18:36:42.915Z</time><extensions><course>259.8</course><speed>32.98</speed></extensions></trkpt>
      <trkpt lat="51.282565" lon="5.697658"><time>2026-09-24T18:36:43.915Z</time><extensions><course>258.2</course><speed>32.98</speed></extensions></trkpt>
      <trkpt lat="51.282511" lon="5.697172"><time>2026-09-24T18:36:44.915Z</time><extensions><course>258.2</course><speed>33.03</speed></extensions></trkpt>
      <trkpt lat="51.282448" lon="5.696765"><time>2026-09-24T18:36:45.915Z</time><extensions><course>258.2</course><speed>33.03</speed></extensions></trkpt>
      <trkpt lat="51.282388" lon="5.696287"><time>2026-09-24T18:36:46.915Z</time><extensions><course>258.2</course><speed>33.03</speed></extensions></trkpt>
      <trkpt lat="51.282319" lon="5.695799"><time>2026-09-24T18:36:47.915Z</time><extensions><course>256.7</course><speed>32.75</speed></extensions></trkpt>
      <trkpt lat="51.282226" lon="5.695338"><time>2026-09-24T18:36:48.915Z</time><extensions><course>256.7</course><speed>33.05</speed></extensions></trkpt>
      <trkpt lat="51.282176" lon="5.694876"><time>2026-09-24T18:36:49.915Z</time><extensions><course>255.3</course><speed>33.05</speed></extensions></trkpt>
      <trkpt lat="51.282089" lon="5.694441"><time>2026-09-24T18:36:50.915Z</time><extensions><course>255.3</course><speed>33.33</speed></extensions></trkpt>
      <trkpt lat="51.282033" lon="5.693996"><time>2026-09-24T18:36:51.915Z</time><extensions><course>255.3</course><speed>32.89</speed></extensions></trkpt>
      <trkpt lat="51.281946" lon="5.693496"><time>2026-09-24T18:36:52.915Z</time><extensions><course>255.3</course><speed>32.89</speed></extensions></trkpt>
      <trkpt lat="51.281903" lon="5.693038"><time>2026-09-24T18:36:53.915Z</time><extensions><course>255.3</course><speed>32.89</speed></extensions></trkpt>
      <trkpt lat="51.281781" lon="5.692562"><time>2026-09-24T18:36:54.915Z</time><extensions><course>253.2</course><speed>32.89</speed></extensions></trkpt>
      <trkpt lat="51.281714" lon="5.692109"><time>2026-09-24T18:36:55.915Z</time><extensions><course>253.2</course><speed>33.02</speed></extensions></trkpt>
      <trkpt lat="51.281624" lon="5.691675"><time>2026-09-24T18:36:56.915Z</time><extensions><course>253.2</course><speed>33.02</speed></extensions></trkpt>
      <trkpt lat="51.281540" lon="5.691240"><time>2026-09-24T18:36:57.915Z</time><extensions><course>251.7</course><speed>33.02</speed></extensions></trkpt>
      <trkpt lat="51.281449" lon="5.690793"><time>2026-09-24T18:36:58.915Z</time><extensions><course>251.7</course><speed>33.02</speed></extensions></trkpt>
      <trkpt lat="51.281352" lon="5.690325"><time>2026-09-24T18:36:59.915Z</time><extensions><course>251.7</course><speed>33.33</speed></extensions></trkpt>
      <trkpt lat="51.281249" lon="5.689886"><time>2026-09-24T18:37:00.915Z</time><extensions><course>251.7</course><speed>32.93</speed></extensions></trkpt>
      <trkpt lat="51.281154" lon="5.689422"><time>2026-09-24T18:37:01.915Z</time><extensions><course>251.7</course><speed>32.93</speed></extensions></trkpt>
      <trkpt lat="51.281071" lon="5.688982"><time>2026-09-24T18:37:02.915Z</time><extensions><course>251.7</course><speed>32.93</speed></extensions></trkpt>
      <trkpt lat="51.280959" lon="5.688513"><time>2026-09-24T18:37:03.915Z</time><extensions><course>249.8</course><speed>32.93</speed></extensions></trkpt>
      <trkpt lat="51.280865" lon="5.688093"><time>2026-09-24T18:37:04.915Z</time><extensions><course>249.8</course><speed>33.02</speed></extensions></trkpt>
      <trkpt lat="51.280768" lon="5.687653"><time>2026-09-24T18:37:05.915Z</time><extensions><course>249.8</course><speed>33.02</speed></extensions></trkpt>
      <trkpt lat="51.280665" lon="5.687195"><time>2026-09-24T18:37:06.915Z</time><extensions><course>248.3</course><speed>33.02</speed></extensions></trkpt>
      <trkpt lat="51.280556" lon="5.686724"><time>2026-09-24T18:37:07.915Z</time><extensions><course>248.3</course><speed>33.02</speed></extensions></trkpt>
      <trkpt lat="51.280430" lon="5.686283"><time>2026-09-24T18:37:08.915Z</time><extensions><course>248.3</course><speed>32.90</speed></extensions></trkpt>
      <trkpt lat="51.280334" lon="5.685872"><time>2026-09-24T18:37:09.915Z</time><extensions><course>248.3</course><speed>32.90</speed></extensions></trkpt>
      <trkpt lat="51.280208" lon="5.685462"><time>2026-09-24T18:37:10.915Z</time><extensions><course>248.3</course><speed>32.90</speed></extensions></trkpt>
      <trkpt lat="51.280104" lon="5.685011"><time>2026-09-24T18:37:11.915Z</time><extensions><course>246.2</course><speed>32.90</speed></extensions></trkpt>
      <trkpt lat="51.279996" lon="5.684581"><time>2026-09-24T18:37:12.915Z</time><extensions><course>246.2</course><speed>33.33</speed></extensions></trkpt>
      <trkpt lat="51.279869" lon="5.684128"><time>2026-09-24T18:37:13.915Z</time><extensions><course>246.2</course><speed>32.95</speed></extensions></trkpt>
      <trkpt lat="51.279743" lon="5.683710"><time>2026-09-24T18:37:14.915Z</time><extensions><course>246.2</course><speed>32.95</speed></extensions></trkpt>
      <trkpt lat="51.279614" lon="5.683294"><time>2026-09-24T18:37:15.915Z</time><extensions><course>244.3</course><speed>32.95</speed></extensions></trkpt>
      <trkpt lat="51.279481" lon="5.682871"><time>2026-09-24T18:37:16.915Z</time><extensions><course>244.3</course><speed>33.19</speed></extensions></trkpt>
      <trkpt lat="51.279363" lon="5.682422"><time>2026-09-24T18:37:17.915Z</time><extensions><course>244.3</course><speed>33.19</speed></extensions></trkpt>
      <trkpt lat="51.279232" lon="5.681994"><time>2026-09-24T18:37:18.915Z</time><extensions><course>243.6</course><speed>32.94</speed></extensions></trkpt>
      <trkpt lat="51.279099" lon="5.681573"><time>2026-09-24T18:37:19.915Z</time><extensions><course>243.6</course><speed>33.09</speed></extensions></trkpt>
      <trkpt lat="51.278956" lon="5.681124"><time>2026-09-24T18:37:20.915Z</time><extensions><course>242.4</course><speed>33.09</speed></extensions></trkpt>
      <trkpt lat="51.278832" lon="5.680728"><time>2026-09-24T18:37:21.915Z</time><extensions><course>242.4</course><speed>32.76</speed></extensions></trkpt>
      <trkpt lat="51.278700" lon="5.680305"><time>2026-09-24T18:37:22.915Z</time><extensions><course>242.4</course><speed>33.01</speed></extensions></trkpt>
      <trkpt lat="51.278554" lon="5.679887"><time>2026-09-24T18:37:23.915Z</time><extensions><course>242.4</course><speed>33.01</speed></extensions></trkpt>
      <trkpt lat="51.278408" lon="5.679457"><time>2026-09-24T18:37:24.915Z</time><extensions><course>240.9</course><speed>33.01</speed></extensions></trkpt>
      <trkpt lat="51.278266" lon="5.679096"><time>2026-09-24T18:37:25.915Z</time><extensions><course>240.9</course><speed>33.33</speed></extensions></trkpt>
      <trkpt lat="51.278112" lon="5.678630"><time>2026-09-24T18:37:26.915Z</time><extensions><course>240.9</course><speed>33.33</speed></extensions></trkpt>
      <trkpt lat="51.277994" lon="5.678190"><time>2026-09-24T18:37:27.915Z</time><extensions><course>240.9</course><speed>32.89</speed></extensions></trkpt>
      <trkpt lat="51.277827" lon="5.677784"><time>2026-09-24T18:37:28.915Z</time><extensions><course>240.9</course><speed>32.89</speed></extensions></trkpt>
      <trkpt lat="51.277685" lon="5.677393"><time>2026-09-24T18:37:29.915Z</time><extensions><course>243.0</course><speed>32.77</speed></extensions></trkpt>
      <trkpt lat="51.277533" lon="5.676977"><time>2026-09-24T18:37:30.915Z</time><extensions><course>243.0</course><speed>32.00</speed></extensions></trkpt>
      <trkpt lat="51.277429" lon="5.676555"><time>2026-09-24T18:37:31.915Z</time><extensions><course>243.5</course><speed>32.44</speed></extensions></trkpt>
      <trkpt lat="51.277294" lon="5.676140"><time>2026-09-24T18:37:32.915Z</time><extensions><course>243.5</course><speed>32.56</speed></extensions></trkpt>
      <trkpt lat="51.277188" lon="5.675716"><time>2026-09-24T18:37:33.915Z</time><extensions><course>247.3</course><speed>31.45</speed></extensions></trkpt>
      <trkpt lat="51.277077" lon="5.675281"><time>2026-09-24T18:37:34.915Z</time><extensions><course>247.3</course><speed>32.23</speed></extensions></trkpt>
      <trkpt lat="51.276967" lon="5.674885"><time>2026-09-24T18:37:35.915Z</time><extensions><course>250.6</course><speed>32.23</speed></extensions></trkpt>
      <trkpt lat="51.276871" lon="5.674463"><time>2026-09-24T18:37:36.915Z</time><extensions><course>252.6</course><speed>32.34</speed></extensions></trkpt>
      <trkpt lat="51.276796" lon="5.673967"><time>2026-09-24T18:37:37.915Z</time><extensions><course>252.6</course><speed>32.47</speed></extensions></trkpt>
      <trkpt lat="51.276691" lon="5.673527"><time>2026-09-24T18:37:38.915Z</time><extensions><course>252.6</course><speed>31.98</speed></extensions></trkpt>
      <trkpt lat="51.276621" lon="5.673069"><time>2026-09-24T18:37:39.915Z</time><extensions><course>256.4</course><speed>31.98</speed></extensions></trkpt>
      <trkpt lat="51.276569" lon="5.672661"><time>2026-09-24T18:37:40.915Z</time><extensions><course>256.7</course><speed>32.24</speed></extensions></trkpt>
      <trkpt lat="51.276510" lon="5.672205"><time>2026-09-24T18:37:41.915Z</time><extensions><course>259.0</course><speed>32.11</speed></extensions></trkpt>
      <trkpt lat="51.276447" lon="5.671706"><time>2026-09-24T18:37:42.915Z</time><extensions><course>260.6</course><speed>32.33</speed></extensions></trkpt>
      <trkpt lat="51.276417" lon="5.671296"><time>2026-09-24T18:37:43.915Z</time><extensions><course>262.6</course><speed>32.28</speed></extensions></trkpt>
      <trkpt lat="51.276366" lon="5.670800"><time>2026-09-24T18:37:44.915Z</time><extensions><course>262.6</course><speed>31.86</speed></extensions></trkpt>
      <trkpt lat="51.276346" lon="5.670367"><time>2026-09-24T18:37:45.915Z</time><extensions><course>265.7</course><speed>32.28</speed></extensions></trkpt>
      <trkpt lat="51.276324" lon="5.669927"><time>2026-09-24T18:37:46.915Z</time><extensions><course>265.7</course><speed>32.16</speed></extensions></trkpt>
      <trkpt lat="51.276313" lon="5.669466"><time>2026-09-24T18:37:47.915Z</time><extensions><course>267.7</course><speed>32.20</speed></extensions></trkpt>
      <trkpt lat="51.276293" lon="5.668986"><time>2026-09-24T18:37:48.915Z</time><extensions><course>269.5</course><speed>32.19</speed></extensions></trkpt>
      <trkpt lat="51.276293" lon="5.668553"><time>2026-09-24T18:37:49.915Z</time><extensions><course>271.1</course><speed>32.25</speed></extensions></trkpt>
      <trkpt lat="51.276297" lon="5.668083"><time>2026-09-24T18:37:50.915Z</time><extensions><course>273.1</course><speed>32.27</speed></extensions></trkpt>
      <trkpt lat="51.276313" lon="5.667579"><time>2026-09-24T18:37:51.915Z</time><extensions><course>274.7</course><speed>32.69</speed></extensions></trkpt>
      <trkpt lat="51.276341" lon="5.667117"><time>2026-09-24T18:37:52.915Z</time><extensions><course>276.2</course><speed>32.23</speed></extensions></trkpt>
      <trkpt lat="51.276377" lon="5.666628"><time>2026-09-24T18:37:53.915Z</time><extensions><course>276.2</course><speed>31.95</speed></extensions></trkpt>
      <trkpt lat="51.276398" lon="5.666232"><time>2026-09-24T18:37:54.915Z</time><extensions><course>278.4</course><speed>31.96</speed></extensions></trkpt>
      <trkpt lat="51.276459" lon="5.665739"><time>2026-09-24T18:37:55.915Z</time><extensions><course>281.3</course><speed>31.96</speed></extensions></trkpt>
      <trkpt lat="51.276506" lon="5.665348"><time>2026-09-24T18:37:56.915Z</time><extensions><course>281.3</course><speed>32.02</speed></extensions></trkpt>
      <trkpt lat="51.276586" lon="5.664833"><time>2026-09-24T18:37:57.915Z</time><extensions><course>282.8</course><speed>32.13</speed></extensions></trkpt>
      <trkpt lat="51.276640" lon="5.664420"><time>2026-09-24T18:37:58.915Z</time><extensions><course>284.7</course><speed>32.20</speed></extensions></trkpt>
      <trkpt lat="51.276725" lon="5.663947"><time>2026-09-24T18:37:59.915Z</time><extensions><course>284.7</course><speed>32.60</speed></extensions></trkpt>
      <trkpt lat="51.276788" lon="5.663524"><time>2026-09-24T18:38:00.915Z</time><extensions><course>287.1</course><speed>32.07</speed></extensions></trkpt>
      <trkpt lat="51.276893" lon="5.663107"><time>2026-09-24T18:38:01.915Z</time><extensions><course>288.3</course><speed>32.07</speed></extensions></trkpt>
      <trkpt lat="51.276983" lon="5.662643"><time>2026-09-24T18:38:02.915Z</time><extensions><course>290.8</course><speed>32.13</speed></extensions></trkpt>
      <trkpt lat="51.277069" lon="5.662209"><time>2026-09-24T18:38:03.915Z</time><extensions><course>290.8</course><speed>32.37</speed></extensions></trkpt>
      <trkpt lat="51.277220" lon="5.661772"><time>2026-09-24T18:38:04.915Z</time><extensions><course>294.0</course><speed>32.13</speed></extensions></trkpt>
      <trkpt lat="51.277318" lon="5.661357"><time>2026-09-24T18:38:05.915Z</time><extensions><course>295.4</course><speed>32.18</speed></extensions></trkpt>
      <trkpt lat="51.277443" lon="5.660938"><time>2026-09-24T18:38:06.915Z</time><extensions><course>295.4</course><speed>32.34</speed></extensions></trkpt>
      <trkpt lat="51.277564" lon="5.660521"><time>2026-09-24T18:38:07.915Z</time><extensions><course>298.7</course><speed>32.20</speed></extensions></trkpt>
      <trkpt lat="51.277715" lon="5.660127"><time>2026-09-24T18:38:08.915Z</time><extensions><course>298.8</course><speed>31.91</speed></extensions></trkpt>
      <trkpt lat="51.277855" lon="5.659725"><time>2026-09-24T18:38:09.915Z</time><extensions><course>300.9</course><speed>32.07</speed></extensions></trkpt>
      <trkpt lat="51.278000" lon="5.659330"><time>2026-09-24T18:38:10.915Z</time><extensions><course>303.4</course><speed>32.09</speed></extensions></trkpt>
      <trkpt lat="51.278175" lon="5.658944"><time>2026-09-24T18:38:11.915Z</time><extensions><course>303.4</course><speed>32.55</speed></extensions></trkpt>
      <trkpt lat="51.278324" lon="5.658559"><time>2026-09-24T18:38:12.915Z</time><extensions><course>304.8</course><speed>32.20</speed></extensions></trkpt>
      <trkpt lat="51.278511" lon="5.658175"><time>2026-09-24T18:38:13.915Z</time><extensions><course>307.2</course><speed>32.48</speed></extensions></trkpt>
      <trkpt lat="51.278676" lon="5.657832"><time>2026-09-24T18:38:14.915Z</time><extensions><course>307.2</course><speed>32.49</speed></extensions></trkpt>
      <trkpt lat="51.278847" lon="5.657408"><time>2026-09-24T18:38:15.915Z</time><extensions><course>308.8</course><speed>32.43</speed></extensions></trkpt>
      <trkpt lat="51.279020" lon="5.657098"><time>2026-09-24T18:38:16.915Z</time><extensions><course>308.8</course><speed>32.71</speed></extensions></trkpt>
      <trkpt lat="51.279225" lon="5.656725"><time>2026-09-24T18:38:17.915Z</time><extensions><course>311.5</course><speed>32.71</speed></extensions></trkpt>
      <trkpt lat="51.279422" lon="5.656332"><time>2026-09-24T18:38:18.915Z</time><extensions><course>311.5</course><speed>33.17</speed></extensions></trkpt>
      <trkpt lat="51.279613" lon="5.656025"><time>2026-09-24T18:38:19.915Z</time><extensions><course>311.8</course><speed>32.98</speed></extensions></trkpt>
      <trkpt lat="51.279817" lon="5.655674"><time>2026-09-24T18:38:20.915Z</time><extensions><course>312.3</course><speed>32.92</speed></extensions></trkpt>
      <trkpt lat="51.280021" lon="5.655298"><time>2026-09-24T18:38:21.915Z</time><extensions><course>313.2</course><speed>33.02</speed></extensions></trkpt>
      <trkpt lat="51.280201" lon="5.654979"><time>2026-09-24T18:38:22.915Z</time><extensions><course>313.2</course><speed>32.92</speed></extensions></trkpt>
      <trkpt lat="51.280419" lon="5.654626"><time>2026-09-24T18:38:23.915Z</time><extensions><course>313.8</course><speed>32.92</speed></extensions></trkpt>
      <trkpt lat="51.280632" lon="5.654291"><time>2026-09-24T18:38:24.915Z</time><extensions><course>314.3</course><speed>33.04</speed></extensions></trkpt>
      <trkpt lat="51.280805" lon="5.653961"><time>2026-09-24T18:38:25.915Z</time><extensions><course>314.3</course><speed>32.93</speed></extensions></trkpt>
      <trkpt lat="51.281052" lon="5.653622"><time>2026-09-24T18:38:26.915Z</time><extensions><course>315.2</course><speed>33.03</speed></extensions></trkpt>
      <trkpt lat="51.281262" lon="5.653244"><time>2026-09-24T18:38:27.915Z</time><extensions><course>315.7</course><speed>32.95</speed></extensions></trkpt>
      <trkpt lat="51.281446" lon="5.652951"><time>2026-09-24T18:38:28.915Z</time><extensions><course>315.7</course><speed>32.95</speed></extensions></trkpt>
      <trkpt lat="51.281699" lon="5.652621"><time>2026-09-24T18:38:29.915Z</time><extensions><course>317.1</course><speed>33.06</speed></extensions></trkpt>
      <trkpt lat="51.281888" lon="5.652304"><time>2026-09-24T18:38:30.915Z</time><extensions><course>317.1</course><speed>32.98</speed></extensions></trkpt>
      <trkpt lat="51.282101" lon="5.651994"><time>2026-09-24T18:38:31.915Z</time><extensions><course>317.1</course><speed>32.98</speed></extensions></trkpt>
      <trkpt lat="51.282307" lon="5.651662"><time>2026-09-24T18:38:32.915Z</time><extensions><course>318.7</course><speed>32.98</speed></extensions></trkpt>
      <trkpt lat="51.282557" lon="5.651317"><time>2026-09-24T18:38:33.915Z</time><extensions><course>318.7</course><speed>33.21</speed></extensions></trkpt>
      <trkpt lat="51.282760" lon="5.651037"><time>2026-09-24T18:38:34.915Z</time><extensions><course>318.7</course><speed>32.92</speed></extensions></trkpt>
      <trkpt lat="51.282990" lon="5.650716"><time>2026-09-24T18:38:35.915Z</time><extensions><course>318.7</course><speed>32.92</speed></extensions></trkpt>
      <trkpt lat="51.283229" lon="5.650404"><time>2026-09-24T18:38:36.915Z</time><extensions><course>319.3</course><speed>32.92</speed></extensions></trkpt>
      <trkpt lat="51.283450" lon="5.650117"><time>2026-09-24T18:38:37.915Z</time><extensions><course>320.7</course><speed>33.04</speed></extensions></trkpt>
      <trkpt lat="51.283681" lon="5.649788"><time>2026-09-24T18:38:38.915Z</time><extensions><course>320.7</course><speed>32.98</speed></extensions></trkpt>
      <trkpt lat="51.283921" lon="5.649505"><time>2026-09-24T18:38:39.915Z</time><extensions><course>320.7</course><speed>32.98</speed></extensions></trkpt>
      <trkpt lat="51.284129" lon="5.649247"><time>2026-09-24T18:38:40.915Z</time><extensions><course>322.4</course><speed>32.98</speed></extensions></trkpt>
      <trkpt lat="51.284369" lon="5.648939"><time>2026-09-24T18:38:41.915Z</time><extensions><course>322.4</course><speed>32.76</speed></extensions></trkpt>
      <trkpt lat="51.284599" lon="5.648634"><time>2026-09-24T18:38:42.915Z</time><extensions><course>322.4</course><speed>32.76</speed></extensions></trkpt>
      <trkpt lat="51.284855" lon="5.648322"><time>2026-09-24T18:38:43.915Z</time><extensions><course>322.4</course><speed>32.38</speed></extensions></trkpt>
      <trkpt lat="51.285074" lon="5.648104"><time>2026-09-24T18:38:44.915Z</time><extensions><course>325.2</course><speed>32.38</speed></extensions></trkpt>
      <trkpt lat="51.285318" lon="5.647798"><time>2026-09-24T18:38:45.915Z</time><extensions><course>325.2</course><speed>32.43</speed></extensions></trkpt>
      <trkpt lat="51.285565" lon="5.647551"><time>2026-09-24T18:38:46.915Z</time><extensions><course>327.0</course><speed>32.43</speed></extensions></trkpt>
      <trkpt lat="51.285796" lon="5.647306"><time>2026-09-24T18:38:47.915Z</time><extensions><course>329.5</course><speed>32.48</speed></extensions></trkpt>
      <trkpt lat="51.286051" lon="5.647096"><time>2026-09-24T18:38:48.915Z</time><extensions><course>329.5</course><speed>32.08</speed></extensions></trkpt>
      <trkpt lat="51.286306" lon="5.646834"><time>2026-09-24T18:38:49.915Z</time><extensions><course>331.1</course><speed>32.51</speed></extensions></trkpt>
      <trkpt lat="51.286542" lon="5.646600"><time>2026-09-24T18:38:50.915Z</time><extensions><course>331.1</course><speed>32.51</speed></extensions></trkpt>
      <trkpt lat="51.286829" lon="5.646414"><time>2026-09-24T18:38:51.915Z</time><extensions><course>333.0</course><speed>32.69</speed></extensions></trkpt>
      <trkpt lat="51.287089" lon="5.646187"><time>2026-09-24T18:38:52.915Z</time><extensions><course>333.5</course><speed>33.09</speed></extensions></trkpt>
      <trkpt lat="51.287338" lon="5.646006"><time>2026-09-24T18:38:53.915Z</time><extensions><course>333.5</course><speed>33.25</speed></extensions></trkpt>
      <trkpt lat="51.287620" lon="5.645758"><time>2026-09-24T18:38:54.915Z</time><extensions><course>334.2</course><speed>33.25</speed></extensions></trkpt>
      <trkpt lat="51.287896" lon="5.645557"><time>2026-09-24T18:38:55.915Z</time><extensions><course>334.2</course><speed>32.52</speed></extensions></trkpt>
      <trkpt lat="51.288144" lon="5.645353"><time>2026-09-24T18:38:56.915Z</time><extensions><course>333.1</course><speed>32.52</speed></extensions></trkpt>
      <trkpt lat="51.288404" lon="5.645149"><time>2026-09-24T18:38:57.915Z</time><extensions><course>333.1</course><speed>31.84</speed></extensions></trkpt>
      <trkpt lat="51.288680" lon="5.644900"><time>2026-09-24T18:38:58.915Z</time><extensions><course>330.2</course><speed>31.84</speed></extensions></trkpt>
      <trkpt lat="51.288899" lon="5.644664"><time>2026-09-24T18:38:59.915Z</time><extensions><course>328.0</course><speed>31.45</speed></extensions></trkpt>
      <trkpt lat="51.289135" lon="5.644429"><time>2026-09-24T18:39:00.915Z</time><extensions><course>325.9</course><speed>31.16</speed></extensions></trkpt>
      <trkpt lat="51.289369" lon="5.644176"><time>2026-09-24T18:39:01.915Z</time><extensions><course>323.6</course><speed>32.06</speed></extensions></trkpt>
      <trkpt lat="51.289601" lon="5.643897"><time>2026-09-24T18:39:02.915Z</time><extensions><course>321.2</course><speed>31.39</speed></extensions></trkpt>
      <trkpt lat="51.289818" lon="5.643599"><time>2026-09-24T18:39:03.915Z</time><extensions><course>319.8</course><speed>31.34</speed></extensions></trkpt>
      <trkpt lat="51.290037" lon="5.643326"><time>2026-09-24T18:39:04.915Z</time><extensions><course>314.3</course><speed>31.64</speed></extensions></trkpt>
      <trkpt lat="51.290236" lon="5.642974"><time>2026-09-24T18:39:05.915Z</time><extensions><course>311.7</course><speed>30.86</speed></extensions></trkpt>
      <trkpt lat="51.290403" lon="5.642645"><time>2026-09-24T18:39:06.915Z</time><extensions><course>311.7</course><speed>31.96</speed></extensions></trkpt>
      <trkpt lat="51.290579" lon="5.642284"><time>2026-09-24T18:39:07.915Z</time><extensions><course>311.7</course><speed>32.50</speed></extensions></trkpt>
      <trkpt lat="51.290770" lon="5.641954"><time>2026-09-24T18:39:08.915Z</time><extensions><course>307.9</course><speed>32.50</speed></extensions></trkpt>
      <trkpt lat="51.290954" lon="5.641542"><time>2026-09-24T18:39:09.915Z</time><extensions><course>307.7</course><speed>33.28</speed></extensions></trkpt>
      <trkpt lat="51.291133" lon="5.641171"><time>2026-09-24T18:39:10.915Z</time><extensions><course>307.7</course><speed>33.31</speed></extensions></trkpt>
      <trkpt lat="51.291331" lon="5.640813"><time>2026-09-24T18:39:11.915Z</time><extensions><course>307.7</course><speed>33.31</speed></extensions></trkpt>
      <trkpt lat="51.291525" lon="5.640406"><time>2026-09-24T18:39:12.915Z</time><extensions><course>307.7</course><speed>33.21</speed></extensions></trkpt>
      <trkpt lat="51.291691" lon="5.640043"><time>2026-09-24T18:39:13.915Z</time><extensions><course>307.6</course><speed>33.21</speed></extensions></trkpt>
      <trkpt lat="51.291863" lon="5.639704"><time>2026-09-24T18:39:14.915Z</time><extensions><course>308.3</course><speed>33.18</speed></extensions></trkpt>
      <trkpt lat="51.292055" lon="5.639320"><time>2026-09-24T18:39:15.915Z</time><extensions><course>308.3</course><speed>33.33</speed></extensions></trkpt>
      <trkpt lat="51.292264" lon="5.638920"><time>2026-09-24T18:39:16.915Z</time><extensions><course>308.3</course><speed>33.33</speed></extensions></trkpt>
      <trkpt lat="51.292427" lon="5.638559"><time>2026-09-24T18:39:17.915Z</time><extensions><course>308.3</course><speed>33.33</speed></extensions></trkpt>
      <trkpt lat="51.292612" lon="5.638178"><time>2026-09-24T18:39:18.915Z</time><extensions><course>308.3</course><speed>33.33</speed></extensions></trkpt>
      <trkpt lat="51.292820" lon="5.637795"><time>2026-09-24T18:39:19.915Z</time><extensions><course>308.3</course><speed>33.33</speed></extensions></trkpt>
      <trkpt lat="51.292990" lon="5.637432"><time>2026-09-24T18:39:20.915Z</time><extensions><course>308.3</course><speed>33.29</speed></extensions></trkpt>
      <trkpt lat="51.293169" lon="5.637037"><time>2026-09-24T18:39:21.915Z</time><extensions><course>308.3</course><speed>33.29</speed></extensions></trkpt>
      <trkpt lat="51.293338" lon="5.636673"><time>2026-09-24T18:39:22.915Z</time><extensions><course>308.1</course><speed>33.29</speed></extensions></trkpt>
      <trkpt lat="51.293538" lon="5.636310"><time>2026-09-24T18:39:23.915Z</time><extensions><course>308.1</course><speed>33.29</speed></extensions></trkpt>
      <trkpt lat="51.293717" lon="5.635931"><time>2026-09-24T18:39:24.915Z</time><extensions><course>308.1</course><speed>33.33</speed></extensions></trkpt>
      <trkpt lat="51.293910" lon="5.635538"><time>2026-09-24T18:39:25.915Z</time><extensions><course>308.1</course><speed>33.33</speed></extensions></trkpt>
      <trkpt lat="51.294076" lon="5.635145"><time>2026-09-24T18:39:26.915Z</time><extensions><course>308.1</course><speed>33.33</speed></extensions></trkpt>
      <trkpt lat="51.294292" lon="5.634784"><time>2026-09-24T18:39:27.915Z</time><extensions><course>308.1</course><speed>33.31</speed></extensions></trkpt>
      <trkpt lat="51.294458" lon="5.634428"><time>2026-09-24T18:39:28.915Z</time><extensions><course>308.1</course><speed>33.31</speed></extensions></trkpt>
      <trkpt lat="51.294638" lon="5.634057"><time>2026-09-24T18:39:29.915Z</time><extensions><course>308.1</course><speed>33.31</speed></extensions></trkpt>
      <trkpt lat="51.294839" lon="5.633663"><time>2026-09-24T18:39:30.915Z</time><extensions><course>308.0</course><speed>33.31</speed></extensions></trkpt>
      <trkpt lat="51.294991" lon="5.633291"><time>2026-09-24T18:39:31.915Z</time><extensions><course>308.0</course><speed>33.33</speed></extensions></trkpt>
      <trkpt lat="51.295188" lon="5.632890"><time>2026-09-24T18:39:32.915Z</time><extensions><course>308.0</course><speed>33.33</speed></extensions></trkpt>
      <trkpt lat="51.295379" lon="5.632519"><time>2026-09-24T18:39:33.915Z</time><extensions><course>308.0</course><speed>33.33</speed></extensions></trkpt>
      <trkpt lat="51.295567" lon="5.632164"><time>2026-09-24T18:39:34.915Z</time><extensions><course>308.0</course><speed>33.33</speed></extensions></trkpt>
      <trkpt lat="51.295735" lon="5.631772"><time>2026-09-24T18:39:35.915Z</time><extensions><course>308.0</course><speed>33.33</speed></extensions></trkpt>
      <trkpt lat="51.295935" lon="5.631393"><time>2026-09-24T18:39:36.915Z</time><extensions><course>308.0</course><speed>33.33</speed></extensions></trkpt>
      <trkpt lat="51.296121" lon="5.631024"><time>2026-09-24T18:39:37.915Z</time><extensions><course>308.0</course><speed>33.27</speed></extensions></trkpt>
      <trkpt lat="51.296282" lon="5.630641"><time>2026-09-24T18:39:38.915Z</time><extensions><course>308.0</course><speed>33.27</speed></extensions></trkpt>
      <trkpt lat="51.296489" lon="5.630258"><time>2026-09-24T18:39:39.915Z</time><extensions><course>308.0</course><speed>33.27</speed></extensions></trkpt>
      <trkpt lat="51.296662" lon="5.629903"><time>2026-09-24T18:39:40.915Z</time><extensions><course>308.2</course><speed>33.27</speed></extensions></trkpt>
      <trkpt lat="51.296859" lon="5.629512"><time>2026-09-24T18:39:41.915Z</time><extensions><course>308.2</course><speed>33.33</speed></extensions></trkpt>
      <trkpt lat="51.297042" lon="5.629146"><time>2026-09-24T18:39:42.915Z</time><extensions><course>308.2</course><speed>33.33</speed></extensions></trkpt>
      <trkpt lat="51.297209" lon="5.628763"><time>2026-09-24T18:39:43.915Z</time><extensions><course>308.2</course><speed>33.33</speed></extensions></trkpt>
      <trkpt lat="51.297416" lon="5.628379"><time>2026-09-24T18:39:44.915Z</time><extensions><course>308.2</course><speed>33.33</speed></extensions></trkpt>
      <trkpt lat="51.297611" lon="5.628011"><time>2026-09-24T18:39:45.915Z</time><extensions><course>308.2</course><speed>33.33</speed></extensions></trkpt>
      <trkpt lat="51.297779" lon="5.627639"><time>2026-09-24T18:39:46.915Z</time><extensions><course>308.2</course><speed>33.33</speed></extensions></trkpt>
      <trkpt lat="51.297983" lon="5.627251"><time>2026-09-24T18:39:47.915Z</time><extensions><course>308.2</course><speed>33.33</speed></extensions></trkpt>
      <trkpt lat="51.298156" lon="5.626876"><time>2026-09-24T18:39:48.915Z</time><extensions><course>308.2</course><speed>33.33</speed></extensions></trkpt>
      <trkpt lat="51.298332" lon="5.626476"><time>2026-09-24T18:39:49.915Z</time><extensions><course>308.2</course><speed>33.33</speed></extensions></trkpt>
      <trkpt lat="51.298517" lon="5.626121"><time>2026-09-24T18:39:50.915Z</time><extensions><course>308.2</course><speed>33.24</speed></extensions></trkpt>
      <trkpt lat="51.298720" lon="5.625787"><time>2026-09-24T18:39:51.915Z</time><extensions><course>308.2</course><speed>33.24</speed></extensions></trkpt>
      <trkpt lat="51.298902" lon="5.625359"><time>2026-09-24T18:39:52.915Z</time><extensions><course>308.2</course><speed>33.24</speed></extensions></trkpt>
      <trkpt lat="51.299066" lon="5.625004"><time>2026-09-24T18:39:53.915Z</time><extensions><course>307.8</course><speed>33.24</speed></extensions></trkpt>
      <trkpt lat="51.299258" lon="5.624627"><time>2026-09-24T18:39:54.915Z</time><extensions><course>307.8</course><speed>33.33</speed></extensions></trkpt>
      <trkpt lat="51.299436" lon="5.624252"><time>2026-09-24T18:39:55.915Z</time><extensions><course>307.8</course><speed>33.33</speed></extensions></trkpt>
      <trkpt lat="51.299640" lon="5.623846"><time>2026-09-24T18:39:56.915Z</time><extensions><course>307.8</course><speed>33.33</speed></extensions></trkpt>
      <trkpt lat="51.299809" lon="5.623495"><time>2026-09-24T18:39:57.915Z</time><extensions><course>307.8</course><speed>33.33</speed></extensions></trkpt>
      <trkpt lat="51.299991" lon="5.623148"><time>2026-09-24T18:39:58.915Z</time><extensions><course>307.8</course><speed>33.33</speed></extensions></trkpt>
      <trkpt lat="51.300168" lon="5.622724"><time>2026-09-24T18:39:59.915Z</time><extensions><course>307.8</course><speed>33.28</speed></extensions></trkpt>
      <trkpt lat="51.300341" lon="5.622347"><time>2026-09-24T18:40:00.915Z</time><extensions><course>307.8</course><speed>33.28</speed></extensions></trkpt>
      <trkpt lat="51.300544" lon="5.621974"><time>2026-09-24T18:40:01.915Z</time><extensions><course>308.0</course><speed>33.28</speed></extensions></trkpt>
      <trkpt lat="51.300726" lon="5.621591"><time>2026-09-24T18:40:02.915Z</time><extensions><course>308.0</course><speed>33.28</speed></extensions></trkpt>
      <trkpt lat="51.300933" lon="5.621220"><time>2026-09-24T18:40:03.915Z</time><extensions><course>308.0</course><speed>33.33</speed></extensions></trkpt>
      <trkpt lat="51.301116" lon="5.620844"><time>2026-09-24T18:40:04.915Z</time><extensions><course>308.0</course><speed>33.33</speed></extensions></trkpt>
      <trkpt lat="51.301286" lon="5.620499"><time>2026-09-24T18:40:05.915Z</time><extensions><course>308.0</course><speed>33.33</speed></extensions></trkpt>
      <trkpt lat="51.301469" lon="5.620068"><time>2026-09-24T18:40:06.915Z</time><extensions><course>308.0</course><speed>33.33</speed></extensions></trkpt>
      <trkpt lat="51.301639" lon="5.619748"><time>2026-09-24T18:40:07.915Z</time><extensions><course>308.0</course><speed>33.33</speed></extensions></trkpt>
      <trkpt lat="51.301857" lon="5.619335"><time>2026-09-24T18:40:08.915Z</time><extensions><course>308.0</course><speed>33.33</speed></extensions></trkpt>
      <trkpt lat="51.302031" lon="5.618972"><time>2026-09-24T18:40:09.915Z</time><extensions><course>308.0</course><speed>33.33</speed></extensions></trkpt>
      <trkpt lat="51.302201" lon="5.618591"><time>2026-09-24T18:40:10.915Z</time><extensions><course>308.0</course><speed>33.33</speed></extensions></trkpt>
      <trkpt lat="51.302379" lon="5.618176"><time>2026-09-24T18:40:11.915Z</time><extensions><course>308.0</course><speed>33.33</speed></extensions></trkpt>
      <trkpt lat="51.302562" lon="5.617814"><time>2026-09-24T18:40:12.915Z</time><extensions><course>308.0</course><speed>33.33</speed></extensions></trkpt>
      <trkpt lat="51.302775" lon="5.617476"><time>2026-09-24T18:40:13.915Z</time><extensions><course>308.0</course><speed>33.33</speed></extensions></trkpt>
      <trkpt lat="51.302935" lon="5.617074"><time>2026-09-24T18:40:14.915Z</time><extensions><course>308.0</course><speed>32.68</speed></extensions></trkpt>
      <trkpt lat="51.303135" lon="5.616720"><time>2026-09-24T18:40:15.915Z</time><extensions><course>308.0</course><speed>32.68</speed></extensions></trkpt>
      <trkpt lat="51.303298" lon="5.616359"><time>2026-09-24T18:40:16.915Z</time><extensions><course>311.1</course><speed>32.68</speed></extensions></trkpt>
      <trkpt lat="51.303484" lon="5.615995"><time>2026-09-24T18:40:17.915Z</time><extensions><course>311.1</course><speed>32.44</speed></extensions></trkpt>
      <trkpt lat="51.303690" lon="5.615637"><time>2026-09-24T18:40:18.915Z</time><extensions><course>311.1</course><speed>32.44</speed></extensions></trkpt>
      <trkpt lat="51.303866" lon="5.615278"><time>2026-09-24T18:40:19.915Z</time><extensions><course>311.1</course><speed>31.65</speed></extensions></trkpt>
      <trkpt lat="51.304094" lon="5.614933"><time>2026-09-24T18:40:20.915Z</time><extensions><course>315.4</course><speed>31.65</speed></extensions></trkpt>
      <trkpt lat="51.304300" lon="5.614660"><time>2026-09-24T18:40:21.915Z</time><extensions><course>319.2</course><speed>31.93</speed></extensions></trkpt>
      <trkpt lat="51.304506" lon="5.614363"><time>2026-09-24T18:40:22.915Z</time><extensions><course>319.2</course><speed>31.93</speed></extensions></trkpt>
      <trkpt lat="51.304715" lon="5.614058"><time>2026-09-24T18:40:23.915Z</time><extensions><course>322.2</course><speed>31.98</speed></extensions></trkpt>
      <trkpt lat="51.304953" lon="5.613733"><time>2026-09-24T18:40:24.915Z</time><extensions><course>322.2</course><speed>31.48</speed></extensions></trkpt>
      <trkpt lat="51.305178" lon="5.613503"><time>2026-09-24T18:40:25.915Z</time><extensions><course>325.7</course><speed>32.10</speed></extensions></trkpt>
      <trkpt lat="51.305429" lon="5.613274"><time>2026-09-24T18:40:26.915Z</time><extensions><course>325.7</course><speed>32.84</speed></extensions></trkpt>
      <trkpt lat="51.305652" lon="5.612947"><time>2026-09-24T18:40:27.915Z</time><extensions><course>328.1</course><speed>32.84</speed></extensions></trkpt>
      <trkpt lat="51.305924" lon="5.612743"><time>2026-09-24T18:40:28.915Z</time><extensions><course>328.1</course><speed>33.33</speed></extensions></trkpt>
      <trkpt lat="51.306179" lon="5.612477"><time>2026-09-24T18:40:29.915Z</time><extensions><course>328.1</course><speed>33.33</speed></extensions></trkpt>
      <trkpt lat="51.306430" lon="5.612208"><time>2026-09-24T18:40:30.915Z</time><extensions><course>328.1</course><speed>33.33</speed></extensions></trkpt>
      <trkpt lat="51.306685" lon="5.611998"><time>2026-09-24T18:40:31.915Z</time><extensions><course>328.1</course><speed>33.33</speed></extensions></trkpt>
      <trkpt lat="51.306924" lon="5.611723"><time>2026-09-24T18:40:32.915Z</time><extensions><course>328.1</course><speed>33.33</speed></extensions></trkpt>
      <trkpt lat="51.307191" lon="5.611458"><time>2026-09-24T18:40:33.915Z</time><extensions><course>328.1</course><speed>33.33</speed></extensions></trkpt>
      <trkpt lat="51.307460" lon="5.611188"><time>2026-09-24T18:40:34.915Z</time><extensions><course>328.1</course><speed>33.33</speed></extensions></trkpt>
      <trkpt lat="51.307706" lon="5.610953"><time>2026-09-24T18:40:35.915Z</time><extensions><course>328.1</course><speed>33.33</speed></extensions></trkpt>
      <trkpt lat="51.307953" lon="5.610671"><time>2026-09-24T18:40:36.915Z</time><extensions><course>328.1</course><speed>33.32</speed></extensions></trkpt>
      <trkpt lat="51.308202" lon="5.610456"><time>2026-09-24T18:40:37.915Z</time><extensions><course>328.1</course><speed>33.32</speed></extensions></trkpt>
      <trkpt lat="51.308465" lon="5.610242"><time>2026-09-24T18:40:38.915Z</time><extensions><course>328.1</course><speed>33.32</speed></extensions></trkpt>
      <trkpt lat="51.308725" lon="5.609970"><time>2026-09-24T18:40:39.915Z</time><extensions><course>328.1</course><speed>33.33</speed></extensions></trkpt>
      <trkpt lat="51.308970" lon="5.609689"><time>2026-09-24T18:40:40.915Z</time><extensions><course>328.1</course><speed>33.33</speed></extensions></trkpt>
      <trkpt lat="51.309224" lon="5.609448"><time>2026-09-24T18:40:41.915Z</time><extensions><course>328.1</course><speed>33.14</speed></extensions></trkpt>
      <trkpt lat="51.309445" lon="5.609196"><time>2026-09-24T18:40:42.915Z</time><extensions><course>328.1</course><speed>33.15</speed></extensions></trkpt>
      <trkpt lat="51.309728" lon="5.608951"><time>2026-09-24T18:40:43.915Z</time><extensions><course>328.9</course><speed>33.15</speed></extensions></trkpt>
      <trkpt lat="51.309991" lon="5.608701"><time>2026-09-24T18:40:44.915Z</time><extensions><course>327.2</course><speed>32.98</speed></extensions></trkpt>
      <trkpt lat="51.310239" lon="5.608403"><time>2026-09-24T18:40:45.915Z</time><extensions><course>327.2</course><speed>32.58</speed></extensions></trkpt>
      <trkpt lat="51.310483" lon="5.608144"><time>2026-09-24T18:40:46.915Z</time><extensions><course>327.2</course><speed>32.96</speed></extensions></trkpt>
      <trkpt lat="51.310736" lon="5.607917"><time>2026-09-24T18:40:47.915Z</time><extensions><course>327.2</course><speed>32.96</speed></extensions></trkpt>
      <trkpt lat="51.310981" lon="5.607675"><time>2026-09-24T18:40:48.915Z</time><extensions><course>325.4</course><speed>32.96</speed></extensions></trkpt>
      <trkpt lat="51.311195" lon="5.607364"><time>2026-09-24T18:40:49.915Z</time><extensions><course>325.4</course><speed>33.28</speed></extensions></trkpt>
      <trkpt lat="51.311437" lon="5.607123"><time>2026-09-24T18:40:50.915Z</time><extensions><course>325.4</course><speed>33.28</speed></extensions></trkpt>
      <trkpt lat="51.311717" lon="5.606822"><time>2026-09-24T18:40:51.915Z</time><extensions><course>325.1</course><speed>33.10</speed></extensions></trkpt>
      <trkpt lat="51.311937" lon="5.606569"><time>2026-09-24T18:40:52.915Z</time><extensions><course>325.1</course><speed>33.10</speed></extensions></trkpt>
      <trkpt lat="51.312194" lon="5.606308"><time>2026-09-24T18:40:53.915Z</time><extensions><course>324.3</course><speed>33.15</speed></extensions></trkpt>
      <trkpt lat="51.312413" lon="5.606005"><time>2026-09-24T18:40:54.915Z</time><extensions><course>324.3</course><speed>33.32</speed></extensions></trkpt>
      <trkpt lat="51.312675" lon="5.605747"><time>2026-09-24T18:40:55.915Z</time><extensions><course>324.3</course><speed>33.32</speed></extensions></trkpt>
      <trkpt lat="51.312933" lon="5.605431"><time>2026-09-24T18:40:56.915Z</time><extensions><course>324.3</course><speed>33.00</speed></extensions></trkpt>
      <trkpt lat="51.313170" lon="5.605190"><time>2026-09-24T18:40:57.915Z</time><extensions><course>324.3</course><speed>33.00</speed></extensions></trkpt>
      <trkpt lat="51.313391" lon="5.604924"><time>2026-09-24T18:40:58.915Z</time><extensions><course>325.9</course><speed>33.00</speed></extensions></trkpt>
      <trkpt lat="51.313657" lon="5.604635"><time>2026-09-24T18:40:59.915Z</time><extensions><course>325.9</course><speed>32.76</speed></extensions></trkpt>
      <trkpt lat="51.313895" lon="5.604342"><time>2026-09-24T18:41:00.915Z</time><extensions><course>325.9</course><speed>32.76</speed></extensions></trkpt>
      <trkpt lat="51.314128" lon="5.604127"><time>2026-09-24T18:41:01.915Z</time><extensions><course>327.0</course><speed>32.76</speed></extensions></trkpt>
      <trkpt lat="51.314378" lon="5.603864"><time>2026-09-24T18:41:02.915Z</time><extensions><course>327.0</course><speed>32.76</speed></extensions></trkpt>
      <trkpt lat="51.314636" lon="5.603637"><time>2026-09-24T18:41:03.915Z</time><extensions><course>328.6</course><speed>32.99</speed></extensions></trkpt>
      <trkpt lat="51.314892" lon="5.603377"><time>2026-09-24T18:41:04.915Z</time><extensions><course>328.6</course><speed>33.33</speed></extensions></trkpt>
      <trkpt lat="51.315144" lon="5.603122"><time>2026-09-24T18:41:05.915Z</time><extensions><course>328.6</course><speed>33.33</speed></extensions></trkpt>
      <trkpt lat="51.315375" lon="5.602853"><time>2026-09-24T18:41:06.915Z</time><extensions><course>328.6</course><speed>33.33</speed></extensions></trkpt>
      <trkpt lat="51.315659" lon="5.602627"><time>2026-09-24T18:41:07.915Z</time><extensions><course>328.6</course><speed>33.33</speed></extensions></trkpt>
      <trkpt lat="51.315900" lon="5.602412"><time>2026-09-24T18:41:08.915Z</time><extensions><course>328.6</course><speed>32.23</speed></extensions></trkpt>
      <trkpt lat="51.316135" lon="5.602137"><time>2026-09-24T18:41:09.915Z</time><extensions><course>328.6</course><speed>32.23</speed></extensions></trkpt>
      <trkpt lat="51.316408" lon="5.601872"><time>2026-09-24T18:41:10.915Z</time><extensions><course>323.4</course><speed>32.23</speed></extensions></trkpt>
      <trkpt lat="51.316624" lon="5.601589"><time>2026-09-24T18:41:11.915Z</time><extensions><course>323.4</course><speed>33.33</speed></extensions></trkpt>
      <trkpt lat="51.316870" lon="5.601316"><time>2026-09-24T18:41:12.915Z</time><extensions><course>323.4</course><speed>33.33</speed></extensions></trkpt>
      <trkpt lat="51.317107" lon="5.601030"><time>2026-09-24T18:41:13.915Z</time><extensions><course>323.4</course><speed>33.33</speed></extensions></trkpt>
      <trkpt lat="51.317351" lon="5.600746"><time>2026-09-24T18:41:14.915Z</time><extensions><course>323.4</course><speed>33.33</speed></extensions></trkpt>
      <trkpt lat="51.317574" lon="5.600454"><time>2026-09-24T18:41:15.915Z</time><extensions><course>323.4</course><speed>33.33</speed></extensions></trkpt>
      <trkpt lat="51.317837" lon="5.600193"><time>2026-09-24T18:41:16.915Z</time><extensions><course>323.4</course><speed>33.33</speed></extensions></trkpt>
      <trkpt lat="51.318070" lon="5.599856"><time>2026-09-24T18:41:17.915Z</time><extensions><course>323.4</course><speed>33.33</speed></extensions></trkpt>
      <trkpt lat="51.318314" lon="5.599622"><time>2026-09-24T18:41:18.915Z</time><extensions><course>323.4</course><speed>33.33</speed></extensions></trkpt>
      <trkpt lat="51.318558" lon="5.599354"><time>2026-09-24T18:41:19.915Z</time><extensions><course>323.4</course><speed>33.33</speed></extensions></trkpt>
      <trkpt lat="51.318793" lon="5.599026"><time>2026-09-24T18:41:20.915Z</time><extensions><course>323.4</course><speed>33.33</speed></extensions></trkpt>
      <trkpt lat="51.319042" lon="5.598735"><time>2026-09-24T18:41:21.915Z</time><extensions><course>323.4</course><speed>32.95</speed></extensions></trkpt>
      <trkpt lat="51.319270" lon="5.598484"><time>2026-09-24T18:41:22.915Z</time><extensions><course>323.4</course><speed>32.95</speed></extensions></trkpt>
      <trkpt lat="51.319507" lon="5.598184"><time>2026-09-24T18:41:23.915Z</time><extensions><course>321.5</course><speed>32.84</speed></extensions></trkpt>
      <trkpt lat="51.319738" lon="5.597876"><time>2026-09-24T18:41:24.915Z</time><extensions><course>321.5</course><speed>33.23</speed></extensions></trkpt>
      <trkpt lat="51.319972" lon="5.597578"><time>2026-09-24T18:41:25.915Z</time><extensions><course>321.0</course><speed>33.23</speed></extensions></trkpt>
      <trkpt lat="51.320194" lon="5.597269"><time>2026-09-24T18:41:26.915Z</time><extensions><course>321.0</course><speed>33.01</speed></extensions></trkpt>
      <trkpt lat="51.320434" lon="5.597007"><time>2026-09-24T18:41:27.915Z</time><extensions><course>321.0</course><speed>33.01</speed></extensions></trkpt>
      <trkpt lat="51.320662" lon="5.596699"><time>2026-09-24T18:41:28.915Z</time><extensions><course>322.6</course><speed>33.01</speed></extensions></trkpt>
      <trkpt lat="51.320892" lon="5.596388"><time>2026-09-24T18:41:29.915Z</time><extensions><course>322.6</course><speed>33.30</speed></extensions></trkpt>
      <trkpt lat="51.321141" lon="5.596118"><time>2026-09-24T18:41:30.915Z</time><extensions><course>322.6</course><speed>33.30</speed></extensions></trkpt>
      <trkpt lat="51.321354" lon="5.595801"><time>2026-09-24T18:41:31.915Z</time><extensions><course>322.4</course><speed>33.30</speed></extensions></trkpt>
      <trkpt lat="51.321611" lon="5.595546"><time>2026-09-24T18:41:32.915Z</time><extensions><course>322.4</course><speed>33.33</speed></extensions></trkpt>
      <trkpt lat="51.321856" lon="5.595229"><time>2026-09-24T18:41:33.915Z</time><extensions><course>322.4</course><speed>33.33</speed></extensions></trkpt>
      <trkpt lat="51.322096" lon="5.594955"><time>2026-09-24T18:41:34.915Z</time><extensions><course>322.4</course><speed>33.33</speed></extensions></trkpt>
      <trkpt lat="51.322324" lon="5.594651"><time>2026-09-24T18:41:35.915Z</time><extensions><course>322.4</course><speed>33.33</speed></extensions></trkpt>
      <trkpt lat="51.322549" lon="5.594379"><time>2026-09-24T18:41:36.915Z</time><extensions><course>322.4</course><speed>33.33</speed></extensions></trkpt>
      <trkpt lat="51.322815" lon="5.594076"><time>2026-09-24T18:41:37.915Z</time><extensions><course>322.4</course><speed>33.33</speed></extensions></trkpt>
      <trkpt lat="51.323043" lon="5.593781"><time>2026-09-24T18:41:38.915Z</time><extensions><course>322.4</course><speed>33.33</speed></extensions></trkpt>
      <trkpt lat="51.323272" lon="5.593518"><time>2026-09-24T18:41:39.915Z</time><extensions><course>322.4</course><speed>33.33</speed></extensions></trkpt>
      <trkpt lat="51.323501" lon="5.593218"><time>2026-09-24T18:41:40.915Z</time><extensions><course>322.4</course><speed>33.33</speed></extensions></trkpt>
      <trkpt lat="51.323736" lon="5.592890"><time>2026-09-24T18:41:41.915Z</time><extensions><course>322.4</course><speed>33.33</speed></extensions></trkpt>
      <trkpt lat="51.323986" lon="5.592630"><time>2026-09-24T18:41:42.915Z</time><extensions><course>322.4</course><speed>33.33</speed></extensions></trkpt>
      <trkpt lat="51.324221" lon="5.592326"><time>2026-09-24T18:41:43.915Z</time><extensions><course>322.4</course><speed>33.33</speed></extensions></trkpt>
      <trkpt lat="51.324481" lon="5.592027"><time>2026-09-24T18:41:44.915Z</time><extensions><course>322.4</course><speed>33.33</speed></extensions></trkpt>
      <trkpt lat="51.324696" lon="5.591761"><time>2026-09-24T18:41:45.915Z</time><extensions><course>322.4</course><speed>33.33</speed></extensions></trkpt>
      <trkpt lat="51.324937" lon="5.591442"><time>2026-09-24T18:41:46.915Z</time><extensions><course>322.4</course><speed>33.33</speed></extensions></trkpt>
      <trkpt lat="51.325174" lon="5.591131"><time>2026-09-24T18:41:47.915Z</time><extensions><course>322.4</course><speed>33.33</speed></extensions></trkpt>
      <trkpt lat="51.325409" lon="5.590854"><time>2026-09-24T18:41:48.915Z</time><extensions><course>322.4</course><speed>33.33</speed></extensions></trkpt>
      <trkpt lat="51.325649" lon="5.590559"><time>2026-09-24T18:41:49.915Z</time><extensions><course>322.4</course><speed>33.33</speed></extensions></trkpt>
      <trkpt lat="51.325879" lon="5.590298"><time>2026-09-24T18:41:50.915Z</time><extensions><course>322.4</course><speed>33.33</speed></extensions></trkpt>
      <trkpt lat="51.326123" lon="5.589976"><time>2026-09-24T18:41:51.915Z</time><extensions><course>322.4</course><speed>33.33</speed></extensions></trkpt>
      <trkpt lat="51.326349" lon="5.589684"><time>2026-09-24T18:41:52.915Z</time><extensions><course>322.4</course><speed>33.32</speed></extensions></trkpt>
      <trkpt lat="51.326597" lon="5.589389"><time>2026-09-24T18:41:53.915Z</time><extensions><course>322.4</course><speed>33.32</speed></extensions></trkpt>
      <trkpt lat="51.326830" lon="5.589084"><time>2026-09-24T18:41:54.915Z</time><extensions><course>322.4</course><speed>33.32</speed></extensions></trkpt>
      <trkpt lat="51.327065" lon="5.588811"><time>2026-09-24T18:41:55.915Z</time><extensions><course>322.5</course><speed>33.32</speed></extensions></trkpt>
      <trkpt lat="51.327322" lon="5.588510"><time>2026-09-24T18:41:56.915Z</time><extensions><course>322.5</course><speed>33.33</speed></extensions></trkpt>
      <trkpt lat="51.327554" lon="5.588192"><time>2026-09-24T18:41:57.915Z</time><extensions><course>322.5</course><speed>33.33</speed></extensions></trkpt>
      <trkpt lat="51.327776" lon="5.587896"><time>2026-09-24T18:41:58.915Z</time><extensions><course>322.5</course><speed>33.33</speed></extensions></trkpt>
      <trkpt lat="51.327997" lon="5.587644"><time>2026-09-24T18:41:59.915Z</time><extensions><course>322.5</course><speed>33.33</speed></extensions></trkpt>
      <trkpt lat="51.328269" lon="5.587340"><time>2026-09-24T18:42:00.915Z</time><extensions><course>322.5</course><speed>33.33</speed></extensions></trkpt>
      <trkpt lat="51.328492" lon="5.587051"><time>2026-09-24T18:42:01.915Z</time><extensions><course>322.5</course><speed>33.33</speed></extensions></trkpt>
      <trkpt lat="51.328708" lon="5.586756"><time>2026-09-24T18:42:02.915Z</time><extensions><course>322.5</course><speed>33.33</speed></extensions></trkpt>
      <trkpt lat="51.328963" lon="5.586461"><time>2026-09-24T18:42:03.915Z</time><extensions><course>322.5</course><speed>33.31</speed></extensions></trkpt>
      <trkpt lat="51.329204" lon="5.586184"><time>2026-09-24T18:42:04.915Z</time><extensions><course>322.5</course><speed>33.31</speed></extensions></trkpt>
      <trkpt lat="51.329443" lon="5.585848"><time>2026-09-24T18:42:05.915Z</time><extensions><course>322.6</course><speed>33.31</speed></extensions></trkpt>
      <trkpt lat="51.329677" lon="5.585580"><time>2026-09-24T18:42:06.915Z</time><extensions><course>322.6</course><speed>33.33</speed></extensions></trkpt>
      <trkpt lat="51.329912" lon="5.585336"><time>2026-09-24T18:42:07.915Z</time><extensions><course>322.6</course><speed>33.33</speed></extensions></trkpt>
      <trkpt lat="51.330155" lon="5.585031"><time>2026-09-24T18:42:08.915Z</time><extensions><course>322.6</course><speed>33.33</speed></extensions></trkpt>
      <trkpt lat="51.330391" lon="5.584701"><time>2026-09-24T18:42:09.915Z</time><extensions><course>322.6</course><speed>33.33</speed></extensions></trkpt>
      <trkpt lat="51.330642" lon="5.584441"><time>2026-09-24T18:42:10.915Z</time><extensions><course>322.6</course><speed>33.33</speed></extensions></trkpt>
      <trkpt lat="51.330859" lon="5.584159"><time>2026-09-24T18:42:11.915Z</time><extensions><course>322.6</course><speed>33.33</speed></extensions></trkpt>
      <trkpt lat="51.331110" lon="5.583840"><time>2026-09-24T18:42:12.915Z</time><extensions><course>322.6</course><speed>33.33</speed></extensions></trkpt>
      <trkpt lat="51.331324" lon="5.583549"><time>2026-09-24T18:42:13.915Z</time><extensions><course>322.6</course><speed>33.16</speed></extensions></trkpt>
      <trkpt lat="51.331580" lon="5.583282"><time>2026-09-24T18:42:14.915Z</time><extensions><course>322.6</course><speed>33.16</speed></extensions></trkpt>
      <trkpt lat="51.331834" lon="5.582977"><time>2026-09-24T18:42:15.915Z</time><extensions><course>322.6</course><speed>32.95</speed></extensions></trkpt>
      <trkpt lat="51.332052" lon="5.582663"><time>2026-09-24T18:42:16.915Z</time><extensions><course>321.8</course><speed>32.22</speed></extensions></trkpt>
      <trkpt lat="51.332279" lon="5.582422"><time>2026-09-24T18:42:17.915Z</time><extensions><course>320.7</course><speed>32.39</speed></extensions></trkpt>
      <trkpt lat="51.332506" lon="5.582107"><time>2026-09-24T18:42:18.915Z</time><extensions><course>320.7</course><speed>31.92</speed></extensions></trkpt>
      <trkpt lat="51.332711" lon="5.581794"><time>2026-09-24T18:42:19.915Z</time><extensions><course>317.2</course><speed>31.58</speed></extensions></trkpt>
      <trkpt lat="51.332915" lon="5.581504"><time>2026-09-24T18:42:20.915Z</time><extensions><course>315.0</course><speed>32.31</speed></extensions></trkpt>
      <trkpt lat="51.333132" lon="5.581162"><time>2026-09-24T18:42:21.915Z</time><extensions><course>315.0</course><speed>32.02</speed></extensions></trkpt>
      <trkpt lat="51.333321" lon="5.580824"><time>2026-09-24T18:42:22.915Z</time><extensions><course>312.3</course><speed>31.97</speed></extensions></trkpt>
      <trkpt lat="51.333515" lon="5.580477"><time>2026-09-24T18:42:23.915Z</time><extensions><course>311.0</course><speed>32.05</speed></extensions></trkpt>
      <trkpt lat="51.333711" lon="5.580099"><time>2026-09-24T18:42:24.915Z</time><extensions><course>308.7</course><speed>31.84</speed></extensions></trkpt>
      <trkpt lat="51.333853" lon="5.579754"><time>2026-09-24T18:42:25.915Z</time><extensions><course>306.1</course><speed>32.16</speed></extensions></trkpt>
      <trkpt lat="51.334028" lon="5.579418"><time>2026-09-24T18:42:26.915Z</time><extensions><course>303.9</course><speed>31.73</speed></extensions></trkpt>
      <trkpt lat="51.334204" lon="5.579003"><time>2026-09-24T18:42:27.915Z</time><extensions><course>303.1</course><speed>32.36</speed></extensions></trkpt>
      <trkpt lat="51.334342" lon="5.578623"><time>2026-09-24T18:42:28.915Z</time><extensions><course>300.8</course><speed>32.36</speed></extensions></trkpt>
      <trkpt lat="51.334508" lon="5.578216"><time>2026-09-24T18:42:29.915Z</time><extensions><course>300.8</course><speed>32.53</speed></extensions></trkpt>
      <trkpt lat="51.334646" lon="5.577804"><time>2026-09-24T18:42:30.915Z</time><extensions><course>299.2</course><speed>33.01</speed></extensions></trkpt>
      <trkpt lat="51.334808" lon="5.577391"><time>2026-09-24T18:42:31.915Z</time><extensions><course>299.2</course><speed>33.33</speed></extensions></trkpt>
      <trkpt lat="51.334950" lon="5.576969"><time>2026-09-24T18:42:32.915Z</time><extensions><course>299.2</course><speed>33.33</speed></extensions></trkpt>
      <trkpt lat="51.335093" lon="5.576553"><time>2026-09-24T18:42:33.915Z</time><extensions><course>299.2</course><speed>33.33</speed></extensions></trkpt>
      <trkpt lat="51.335222" lon="5.576146"><time>2026-09-24T18:42:34.915Z</time><extensions><course>299.2</course><speed>33.33</speed></extensions></trkpt>
      <trkpt lat="51.335368" lon="5.575736"><time>2026-09-24T18:42:35.915Z</time><extensions><course>299.2</course><speed>33.33</speed></extensions></trkpt>
      <trkpt lat="51.335528" lon="5.575302"><time>2026-09-24T18:42:36.915Z</time><extensions><course>299.2</course><speed>33.33</speed></extensions></trkpt>
      <trkpt lat="51.335663" lon="5.574871"><time>2026-09-24T18:42:37.915Z</time><extensions><course>299.2</course><speed>33.33</speed></extensions></trkpt>
      <trkpt lat="51.335825" lon="5.574428"><time>2026-09-24T18:42:38.915Z</time><extensions><course>299.2</course><speed>33.33</speed></extensions></trkpt>
      <trkpt lat="51.335968" lon="5.574054"><time>2026-09-24T18:42:39.915Z</time><extensions><course>299.2</course><speed>33.33</speed></extensions></trkpt>
      <trkpt lat="51.336097" lon="5.573633"><time>2026-09-24T18:42:40.915Z</time><extensions><course>299.2</course><speed>33.33</speed></extensions></trkpt>
      <trkpt lat="51.336241" lon="5.573243"><time>2026-09-24T18:42:41.915Z</time><extensions><course>299.2</course><speed>33.33</speed></extensions></trkpt>
      <trkpt lat="51.336394" lon="5.572786"><time>2026-09-24T18:42:42.915Z</time><extensions><course>299.2</course><speed>33.33</speed></extensions></trkpt>
      <trkpt lat="51.336548" lon="5.572388"><time>2026-09-24T18:42:43.915Z</time><extensions><course>299.2</course><speed>33.33</speed></extensions></trkpt>
      <trkpt lat="51.336676" lon="5.571948"><time>2026-09-24T18:42:44.915Z</time><extensions><course>299.2</course><speed>33.33</speed></extensions></trkpt>
      <trkpt lat="51.336852" lon="5.571529"><time>2026-09-24T18:42:45.915Z</time><extensions><course>299.2</course><speed>33.29</speed></extensions></trkpt>
      <trkpt lat="51.336999" lon="5.571101"><time>2026-09-24T18:42:46.915Z</time><extensions><course>299.2</course><speed>33.29</speed></extensions></trkpt>
      <trkpt lat="51.337140" lon="5.570707"><time>2026-09-24T18:42:47.915Z</time><extensions><course>299.4</course><speed>33.29</speed></extensions></trkpt>
      <trkpt lat="51.337280" lon="5.570285"><time>2026-09-24T18:42:48.915Z</time><extensions><course>299.4</course><speed>33.11</speed></extensions></trkpt>
      <trkpt lat="51.337443" lon="5.569875"><time>2026-09-24T18:42:49.915Z</time><extensions><course>299.4</course><speed>33.11</speed></extensions></trkpt>
      <trkpt lat="51.337571" lon="5.569458"><time>2026-09-24T18:42:50.915Z</time><extensions><course>299.4</course><speed>33.11</speed></extensions></trkpt>
      <trkpt lat="51.337722" lon="5.569023"><time>2026-09-24T18:42:51.915Z</time><extensions><course>300.5</course><speed>33.11</speed></extensions></trkpt>
      <trkpt lat="51.337863" lon="5.568636"><time>2026-09-24T18:42:52.915Z</time><extensions><course>300.5</course><speed>32.99</speed></extensions></trkpt>
      <trkpt lat="51.338007" lon="5.568255"><time>2026-09-24T18:42:53.915Z</time><extensions><course>300.5</course><speed>32.99</speed></extensions></trkpt>
      <trkpt lat="51.338159" lon="5.567800"><time>2026-09-24T18:42:54.915Z</time><extensions><course>300.5</course><speed>32.99</speed></extensions></trkpt>
      <trkpt lat="51.338324" lon="5.567407"><time>2026-09-24T18:42:55.915Z</time><extensions><course>302.1</course><speed>32.99</speed></extensions></trkpt>
      <trkpt lat="51.338491" lon="5.567020"><time>2026-09-24T18:42:56.915Z</time><extensions><course>302.1</course><speed>33.27</speed></extensions></trkpt>
      <trkpt lat="51.338670" lon="5.566606"><time>2026-09-24T18:42:57.915Z</time><extensions><course>302.1</course><speed>33.27</speed></extensions></trkpt>
      <trkpt lat="51.338807" lon="5.566218"><time>2026-09-24T18:42:58.915Z</time><extensions><course>302.1</course><speed>33.27</speed></extensions></trkpt>
      <trkpt lat="51.338958" lon="5.565833"><time>2026-09-24T18:42:59.915Z</time><extensions><course>302.4</course><speed>33.27</speed></extensions></trkpt>
      <trkpt lat="51.339140" lon="5.565404"><time>2026-09-24T18:43:00.915Z</time><extensions><course>302.4</course><speed>33.31</speed></extensions></trkpt>
      <trkpt lat="51.339265" lon="5.564978"><time>2026-09-24T18:43:01.915Z</time><extensions><course>302.4</course><speed>33.31</speed></extensions></trkpt>
      <trkpt lat="51.339438" lon="5.564585"><time>2026-09-24T18:43:02.915Z</time><extensions><course>302.5</course><speed>33.31</speed></extensions></trkpt>
      <trkpt lat="51.339626" lon="5.564150"><time>2026-09-24T18:43:03.915Z</time><extensions><course>302.5</course><speed>33.33</speed></extensions></trkpt>
      <trkpt lat="51.339777" lon="5.563804"><time>2026-09-24T18:43:04.915Z</time><extensions><course>302.5</course><speed>33.33</speed></extensions></trkpt>
      <trkpt lat="51.339933" lon="5.563380"><time>2026-09-24T18:43:05.915Z</time><extensions><course>302.5</course><speed>33.33</speed></extensions></trkpt>
      <trkpt lat="51.340108" lon="5.562998"><time>2026-09-24T18:43:06.915Z</time><extensions><course>302.5</course><speed>33.33</speed></extensions></trkpt>
      <trkpt lat="51.340270" lon="5.562589"><time>2026-09-24T18:43:07.915Z</time><extensions><course>302.5</course><speed>33.33</speed></extensions></trkpt>
      <trkpt lat="51.340419" lon="5.562198"><time>2026-09-24T18:43:08.915Z</time><extensions><course>302.5</course><speed>33.33</speed></extensions></trkpt>
      <trkpt lat="51.340573" lon="5.561759"><time>2026-09-24T18:43:09.915Z</time><extensions><course>302.5</course><speed>33.33</speed></extensions></trkpt>
      <trkpt lat="51.340741" lon="5.561348"><time>2026-09-24T18:43:10.915Z</time><extensions><course>302.5</course><speed>33.33</speed></extensions></trkpt>
      <trkpt lat="51.340905" lon="5.560919"><time>2026-09-24T18:43:11.915Z</time><extensions><course>302.5</course><speed>33.33</speed></extensions></trkpt>
      <trkpt lat="51.341067" lon="5.560510"><time>2026-09-24T18:43:12.915Z</time><extensions><course>302.5</course><speed>33.33</speed></extensions></trkpt>
      <trkpt lat="51.341240" lon="5.560155"><time>2026-09-24T18:43:13.915Z</time><extensions><course>302.5</course><speed>33.30</speed></extensions></trkpt>
      <trkpt lat="51.341362" lon="5.559745"><time>2026-09-24T18:43:14.915Z</time><extensions><course>302.5</course><speed>33.30</speed></extensions></trkpt>
      <trkpt lat="51.341541" lon="5.559328"><time>2026-09-24T18:43:15.915Z</time><extensions><course>302.7</course><speed>33.16</speed></extensions></trkpt>
      <trkpt lat="51.341717" lon="5.558937"><time>2026-09-24T18:43:16.915Z</time><extensions><course>302.7</course><speed>33.28</speed></extensions></trkpt>
      <trkpt lat="51.341882" lon="5.558553"><time>2026-09-24T18:43:17.915Z</time><extensions><course>302.7</course><speed>33.28</speed></extensions></trkpt>
      <trkpt lat="51.342026" lon="5.558120"><time>2026-09-24T18:43:18.915Z</time><extensions><course>302.4</course><speed>33.28</speed></extensions></trkpt>
      <trkpt lat="51.342163" lon="5.557745"><time>2026-09-24T18:43:19.915Z</time><extensions><course>302.4</course><speed>33.33</speed></extensions></trkpt>
      <trkpt lat="51.342342" lon="5.557318"><time>2026-09-24T18:43:20.915Z</time><extensions><course>302.4</course><speed>33.33</speed></extensions></trkpt>
      <trkpt lat="51.342512" lon="5.556875"><time>2026-09-24T18:43:21.915Z</time><extensions><course>302.4</course><speed>33.33</speed></extensions></trkpt>
      <trkpt lat="51.342658" lon="5.556488"><time>2026-09-24T18:43:22.915Z</time><extensions><course>302.4</course><speed>33.33</speed></extensions></trkpt>
      <trkpt lat="51.342826" lon="5.556101"><time>2026-09-24T18:43:23.915Z</time><extensions><course>302.4</course><speed>33.33</speed></extensions></trkpt>
      <trkpt lat="51.342982" lon="5.555694"><time>2026-09-24T18:43:24.915Z</time><extensions><course>302.4</course><speed>33.33</speed></extensions></trkpt>
      <trkpt lat="51.343138" lon="5.555286"><time>2026-09-24T18:43:25.915Z</time><extensions><course>302.4</course><speed>33.33</speed></extensions></trkpt>
      <trkpt lat="51.343318" lon="5.554915"><time>2026-09-24T18:43:26.915Z</time><extensions><course>302.4</course><speed>33.25</speed></extensions></trkpt>
      <trkpt lat="51.343472" lon="5.554520"><time>2026-09-24T18:43:27.915Z</time><extensions><course>302.4</course><speed>33.33</speed></extensions></trkpt>
      <trkpt lat="51.343639" lon="5.554078"><time>2026-09-24T18:43:28.915Z</time><extensions><course>302.4</course><speed>33.33</speed></extensions></trkpt>
      <trkpt lat="51.343779" lon="5.553676"><time>2026-09-24T18:43:29.915Z</time><extensions><course>302.4</course><speed>33.33</speed></extensions></trkpt>
      <trkpt lat="51.343949" lon="5.553252"><time>2026-09-24T18:43:30.915Z</time><extensions><course>302.4</course><speed>33.33</speed></extensions></trkpt>
      <trkpt lat="51.344116" lon="5.552877"><time>2026-09-24T18:43:31.915Z</time><extensions><course>302.4</course><speed>33.33</speed></extensions></trkpt>
      <trkpt lat="51.344270" lon="5.552461"><time>2026-09-24T18:43:32.915Z</time><extensions><course>302.4</course><speed>33.33</speed></extensions></trkpt>
      <trkpt lat="51.344449" lon="5.552056"><time>2026-09-24T18:43:33.915Z</time><extensions><course>302.4</course><speed>33.27</speed></extensions></trkpt>
      <trkpt lat="51.344586" lon="5.551655"><time>2026-09-24T18:43:34.915Z</time><extensions><course>302.4</course><speed>33.33</speed></extensions></trkpt>
      <trkpt lat="51.344765" lon="5.551261"><time>2026-09-24T18:43:35.915Z</time><extensions><course>302.4</course><speed>33.33</speed></extensions></trkpt>
      <trkpt lat="51.344908" lon="5.550830"><time>2026-09-24T18:43:36.915Z</time><extensions><course>302.4</course><speed>33.33</speed></extensions></trkpt>
      <trkpt lat="51.345059" lon="5.550416"><time>2026-09-24T18:43:37.915Z</time><extensions><course>302.4</course><speed>33.33</speed></extensions></trkpt>
      <trkpt lat="51.345253" lon="5.550056"><time>2026-09-24T18:43:38.915Z</time><extensions><course>302.4</course><speed>33.25</speed></extensions></trkpt>
      <trkpt lat="51.345391" lon="5.549654"><time>2026-09-24T18:43:39.915Z</time><extensions><course>302.4</course><speed>33.25</speed></extensions></trkpt>
      <trkpt lat="51.345567" lon="5.549217"><time>2026-09-24T18:43:40.915Z</time><extensions><course>302.4</course><speed>33.25</speed></extensions></trkpt>
      <trkpt lat="51.345696" lon="5.548842"><time>2026-09-24T18:43:41.915Z</time><extensions><course>302.8</course><speed>33.25</speed></extensions></trkpt>
      <trkpt lat="51.345858" lon="5.548436"><time>2026-09-24T18:43:42.915Z</time><extensions><course>302.8</course><speed>32.77</speed></extensions></trkpt>
      <trkpt lat="51.346034" lon="5.548027"><time>2026-09-24T18:43:43.915Z</time><extensions><course>302.8</course><speed>32.34</speed></extensions></trkpt>
      <trkpt lat="51.346201" lon="5.547638"><time>2026-09-24T18:43:44.915Z</time><extensions><course>302.8</course><speed>32.15</speed></extensions></trkpt>
      <trkpt lat="51.346346" lon="5.547270"><time>2026-09-24T18:43:45.915Z</time><extensions><course>305.5</course><speed>31.58</speed></extensions></trkpt>
      <trkpt lat="51.346502" lon="5.546901"><time>2026-09-24T18:43:46.915Z</time><extensions><course>307.5</course><speed>32.15</speed></extensions></trkpt>
      <trkpt lat="51.346683" lon="5.546506"><time>2026-09-24T18:43:47.915Z</time><extensions><course>308.4</course><speed>32.22</speed></extensions></trkpt>
      <trkpt lat="51.346873" lon="5.546143"><time>2026-09-24T18:43:48.915Z</time><extensions><course>311.2</course><speed>31.73</speed></extensions></trkpt>
      <trkpt lat="51.347059" lon="5.545831"><time>2026-09-24T18:43:49.915Z</time><extensions><course>312.8</course><speed>32.30</speed></extensions></trkpt>
      <trkpt lat="51.347277" lon="5.545449"><time>2026-09-24T18:43:50.915Z</time><extensions><course>316.1</course><speed>31.81</speed></extensions></trkpt>
      <trkpt lat="51.347470" lon="5.545182"><time>2026-09-24T18:43:51.915Z</time><extensions><course>316.1</course><speed>31.81</speed></extensions></trkpt>
      <trkpt lat="51.347683" lon="5.544865"><time>2026-09-24T18:43:52.915Z</time><extensions><course>320.2</course><speed>31.86</speed></extensions></trkpt>
      <trkpt lat="51.347923" lon="5.544587"><time>2026-09-24T18:43:53.915Z</time><extensions><course>320.2</course><speed>32.71</speed></extensions></trkpt>
      <trkpt lat="51.348135" lon="5.544254"><time>2026-09-24T18:43:54.915Z</time><extensions><course>323.2</course><speed>32.17</speed></extensions></trkpt>
      <trkpt lat="51.348371" lon="5.543996"><time>2026-09-24T18:43:55.915Z</time><extensions><course>323.2</course><speed>31.46</speed></extensions></trkpt>
      <trkpt lat="51.348607" lon="5.543735"><time>2026-09-24T18:43:56.915Z</time><extensions><course>325.8</course><speed>31.67</speed></extensions></trkpt>
      <trkpt lat="51.348833" lon="5.543480"><time>2026-09-24T18:43:57.915Z</time><extensions><course>325.8</course><speed>31.91</speed></extensions></trkpt>
      <trkpt lat="51.349075" lon="5.543220"><time>2026-09-24T18:43:58.915Z</time><extensions><course>329.2</course><speed>31.91</speed></extensions></trkpt>
      <trkpt lat="51.349334" lon="5.543013"><time>2026-09-24T18:43:59.915Z</time><extensions><course>331.2</course><speed>32.61</speed></extensions></trkpt>
      <trkpt lat="51.349591" lon="5.542783"><time>2026-09-24T18:44:00.915Z</time><extensions><course>332.6</course><speed>33.02</speed></extensions></trkpt>
      <trkpt lat="51.349874" lon="5.542568"><time>2026-09-24T18:44:01.915Z</time><extensions><course>332.6</course><speed>33.33</speed></extensions></trkpt>
      <trkpt lat="51.350115" lon="5.542363"><time>2026-09-24T18:44:02.915Z</time><extensions><course>332.6</course><speed>33.33</speed></extensions></trkpt>
      <trkpt lat="51.350385" lon="5.542132"><time>2026-09-24T18:44:03.915Z</time><extensions><course>332.6</course><speed>33.33</speed></extensions></trkpt>
      <trkpt lat="51.350630" lon="5.541931"><time>2026-09-24T18:44:04.915Z</time><extensions><course>332.6</course><speed>33.33</speed></extensions></trkpt>
      <trkpt lat="51.350921" lon="5.541697"><time>2026-09-24T18:44:05.915Z</time><extensions><course>332.6</course><speed>33.33</speed></extensions></trkpt>
      <trkpt lat="51.351173" lon="5.541467"><time>2026-09-24T18:44:06.915Z</time><extensions><course>332.6</course><speed>33.32</speed></extensions></trkpt>
      <trkpt lat="51.351461" lon="5.541212"><time>2026-09-24T18:44:07.915Z</time><extensions><course>332.6</course><speed>33.32</speed></extensions></trkpt>
      <trkpt lat="51.351714" lon="5.541029"><time>2026-09-24T18:44:08.915Z</time><extensions><course>332.6</course><speed>33.27</speed></extensions></trkpt>
      <trkpt lat="51.351985" lon="5.540805"><time>2026-09-24T18:44:09.915Z</time><extensions><course>332.6</course><speed>33.28</speed></extensions></trkpt>
      <trkpt lat="51.352245" lon="5.540613"><time>2026-09-24T18:44:10.915Z</time><extensions><course>332.4</course><speed>33.28</speed></extensions></trkpt>
      <trkpt lat="51.352507" lon="5.540376"><time>2026-09-24T18:44:11.915Z</time><extensions><course>332.4</course><speed>33.33</speed></extensions></trkpt>
      <trkpt lat="51.352786" lon="5.540109"><time>2026-09-24T18:44:12.915Z</time><extensions><course>332.4</course><speed>33.11</speed></extensions></trkpt>
      <trkpt lat="51.353012" lon="5.539918"><time>2026-09-24T18:44:13.915Z</time><extensions><course>332.4</course><speed>33.11</speed></extensions></trkpt>
      <trkpt lat="51.353309" lon="5.539708"><time>2026-09-24T18:44:14.915Z</time><extensions><course>332.4</course><speed>32.93</speed></extensions></trkpt>
      <trkpt lat="51.353569" lon="5.539466"><time>2026-09-24T18:44:15.915Z</time><extensions><course>331.3</course><speed>32.93</speed></extensions></trkpt>
      <trkpt lat="51.353812" lon="5.539269"><time>2026-09-24T18:44:16.915Z</time><extensions><course>331.3</course><speed>33.15</speed></extensions></trkpt>
      <trkpt lat="51.354090" lon="5.538992"><time>2026-09-24T18:44:17.915Z</time><extensions><course>330.4</course><speed>32.97</speed></extensions></trkpt>
      <trkpt lat="51.354339" lon="5.538780"><time>2026-09-24T18:44:18.915Z</time><extensions><course>330.4</course><speed>33.15</speed></extensions></trkpt>
      <trkpt lat="51.354603" lon="5.538508"><time>2026-09-24T18:44:19.915Z</time><extensions><course>329.5</course><speed>33.15</speed></extensions></trkpt>
      <trkpt lat="51.354845" lon="5.538302"><time>2026-09-24T18:44:20.915Z</time><extensions><course>329.5</course><speed>33.33</speed></extensions></trkpt>
      <trkpt lat="51.355101" lon="5.538064"><time>2026-09-24T18:44:21.915Z</time><extensions><course>329.5</course><speed>33.33</speed></extensions></trkpt>
      <trkpt lat="51.355383" lon="5.537811"><time>2026-09-24T18:44:22.915Z</time><extensions><course>329.5</course><speed>33.33</speed></extensions></trkpt>
      <trkpt lat="51.355652" lon="5.537582"><time>2026-09-24T18:44:23.915Z</time><extensions><course>329.5</course><speed>33.33</speed></extensions></trkpt>
      <trkpt lat="51.355901" lon="5.537332"><time>2026-09-24T18:44:24.915Z</time><extensions><course>329.5</course><speed>33.33</speed></extensions></trkpt>
      <trkpt lat="51.356155" lon="5.537048"><time>2026-09-24T18:44:25.915Z</time><extensions><course>329.5</course><speed>33.33</speed></extensions></trkpt>
      <trkpt lat="51.356396" lon="5.536847"><time>2026-09-24T18:44:26.915Z</time><extensions><course>329.5</course><speed>33.33</speed></extensions></trkpt>
      <trkpt lat="51.356658" lon="5.536583"><time>2026-09-24T18:44:27.915Z</time><extensions><course>329.5</course><speed>33.33</speed></extensions></trkpt>
      <trkpt lat="51.356912" lon="5.536380"><time>2026-09-24T18:44:28.915Z</time><extensions><course>329.5</course><speed>33.33</speed></extensions></trkpt>
      <trkpt lat="51.357148" lon="5.536108"><time>2026-09-24T18:44:29.915Z</time><extensions><course>329.5</course><speed>33.33</speed></extensions></trkpt>
      <trkpt lat="51.357454" lon="5.535876"><time>2026-09-24T18:44:30.915Z</time><extensions><course>329.5</course><speed>33.33</speed></extensions></trkpt>
      <trkpt lat="51.357693" lon="5.535645"><time>2026-09-24T18:44:31.915Z</time><extensions><course>329.5</course><speed>33.33</speed></extensions></trkpt>
      <trkpt lat="51.357950" lon="5.535378"><time>2026-09-24T18:44:32.915Z</time><extensions><course>329.5</course><speed>33.33</speed></extensions></trkpt>
      <trkpt lat="51.358223" lon="5.535145"><time>2026-09-24T18:44:33.915Z</time><extensions><course>329.5</course><speed>33.33</speed></extensions></trkpt>
      <trkpt lat="51.358480" lon="5.534910"><time>2026-09-24T18:44:34.915Z</time><extensions><course>329.5</course><speed>33.33</speed></extensions></trkpt>
      <trkpt lat="51.358713" lon="5.534683"><time>2026-09-24T18:44:35.915Z</time><extensions><course>329.5</course><speed>33.33</speed></extensions></trkpt>
      <trkpt lat="51.358981" lon="5.534404"><time>2026-09-24T18:44:36.915Z</time><extensions><course>329.5</course><speed>33.33</speed></extensions></trkpt>
      <trkpt lat="51.359239" lon="5.534156"><time>2026-09-24T18:44:37.915Z</time><extensions><course>329.5</course><speed>33.33</speed></extensions></trkpt>
      <trkpt lat="51.359507" lon="5.533921"><time>2026-09-24T18:44:38.915Z</time><extensions><course>329.5</course><speed>33.33</speed></extensions></trkpt>
      <trkpt lat="51.359740" lon="5.533697"><time>2026-09-24T18:44:39.915Z</time><extensions><course>329.5</course><speed>33.33</speed></extensions></trkpt>
      <trkpt lat="51.359997" lon="5.533434"><time>2026-09-24T18:44:40.915Z</time><extensions><course>329.5</course><speed>33.33</speed></extensions></trkpt>
      <trkpt lat="51.360266" lon="5.533178"><time>2026-09-24T18:44:41.915Z</time><extensions><course>329.5</course><speed>33.33</speed></extensions></trkpt>
      <trkpt lat="51.360502" lon="5.532952"><time>2026-09-24T18:44:42.915Z</time><extensions><course>329.5</course><speed>33.33</speed></extensions></trkpt>
      <trkpt lat="51.360809" lon="5.532727"><time>2026-09-24T18:44:43.915Z</time><extensions><course>329.5</course><speed>33.33</speed></extensions></trkpt>
      <trkpt lat="51.361040" lon="5.532467"><time>2026-09-24T18:44:44.915Z</time><extensions><course>329.5</course><speed>33.33</speed></extensions></trkpt>
      <trkpt lat="51.361303" lon="5.532215"><time>2026-09-24T18:44:45.915Z</time><extensions><course>329.5</course><speed>33.33</speed></extensions></trkpt>
      <trkpt lat="51.361565" lon="5.531981"><time>2026-09-24T18:44:46.915Z</time><extensions><course>329.5</course><speed>33.33</speed></extensions></trkpt>
      <trkpt lat="51.361807" lon="5.531712"><time>2026-09-24T18:44:47.915Z</time><extensions><course>329.5</course><speed>33.33</speed></extensions></trkpt>
      <trkpt lat="51.362076" lon="5.531501"><time>2026-09-24T18:44:48.915Z</time><extensions><course>329.5</course><speed>33.33</speed></extensions></trkpt>
      <trkpt lat="51.362312" lon="5.531252"><time>2026-09-24T18:44:49.915Z</time><extensions><course>329.5</course><speed>33.33</speed></extensions></trkpt>
      <trkpt lat="51.362571" lon="5.531015"><time>2026-09-24T18:44:50.915Z</time><extensions><course>329.5</course><speed>33.33</speed></extensions></trkpt>
      <trkpt lat="51.362841" lon="5.530780"><time>2026-09-24T18:44:51.915Z</time><extensions><course>329.5</course><speed>33.33</speed></extensions></trkpt>
      <trkpt lat="51.363100" lon="5.530523"><time>2026-09-24T18:44:52.915Z</time><extensions><course>329.5</course><speed>33.33</speed></extensions></trkpt>
      <trkpt lat="51.363381" lon="5.530244"><time>2026-09-24T18:44:53.915Z</time><extensions><course>329.5</course><speed>33.33</speed></extensions></trkpt>
      <trkpt lat="51.363617" lon="5.530027"><time>2026-09-24T18:44:54.915Z</time><extensions><course>329.5</course><speed>33.33</speed></extensions></trkpt>
      <trkpt lat="51.363884" lon="5.529748"><time>2026-09-24T18:44:55.915Z</time><extensions><course>329.5</course><speed>33.33</speed></extensions></trkpt>
      <trkpt lat="51.364141" lon="5.529539"><time>2026-09-24T18:44:56.915Z</time><extensions><course>329.5</course><speed>33.33</speed></extensions></trkpt>
      <trkpt lat="51.364413" lon="5.529267"><time>2026-09-24T18:44:57.915Z</time><extensions><course>329.5</course><speed>33.33</speed></extensions></trkpt>
      <trkpt lat="51.364647" lon="5.529043"><time>2026-09-24T18:44:58.915Z</time><extensions><course>329.5</course><speed>33.33</speed></extensions></trkpt>
      <trkpt lat="51.364920" lon="5.528814"><time>2026-09-24T18:44:59.915Z</time><extensions><course>329.5</course><speed>33.33</speed></extensions></trkpt>
      <trkpt lat="51.365181" lon="5.528551"><time>2026-09-24T18:45:00.915Z</time><extensions><course>329.5</course><speed>33.33</speed></extensions></trkpt>
      <trkpt lat="51.365434" lon="5.528322"><time>2026-09-24T18:45:01.915Z</time><extensions><course>329.5</course><speed>33.33</speed></extensions></trkpt>
      <trkpt lat="51.365673" lon="5.528061"><time>2026-09-24T18:45:02.915Z</time><extensions><course>329.5</course><speed>33.33</speed></extensions></trkpt>
      <trkpt lat="51.365941" lon="5.527844"><time>2026-09-24T18:45:03.915Z</time><extensions><course>329.5</course><speed>33.33</speed></extensions></trkpt>
      <trkpt lat="51.366198" lon="5.527616"><time>2026-09-24T18:45:04.915Z</time><extensions><course>329.5</course><speed>33.33</speed></extensions></trkpt>
      <trkpt lat="51.366471" lon="5.527340"><time>2026-09-24T18:45:05.915Z</time><extensions><course>329.5</course><speed>33.32</speed></extensions></trkpt>
      <trkpt lat="51.366718" lon="5.527117"><time>2026-09-24T18:45:06.915Z</time><extensions><course>329.5</course><speed>33.32</speed></extensions></trkpt>
      <trkpt lat="51.366979" lon="5.526861"><time>2026-09-24T18:45:07.915Z</time><extensions><course>329.4</course><speed>33.32</speed></extensions></trkpt>
      <trkpt lat="51.367258" lon="5.526607"><time>2026-09-24T18:45:08.915Z</time><extensions><course>329.4</course><speed>33.33</speed></extensions></trkpt>
      <trkpt lat="51.367496" lon="5.526348"><time>2026-09-24T18:45:09.915Z</time><extensions><course>329.4</course><speed>33.33</speed></extensions></trkpt>
      <trkpt lat="51.367759" lon="5.526131"><time>2026-09-24T18:45:10.915Z</time><extensions><course>329.4</course><speed>33.33</speed></extensions></trkpt>
      <trkpt lat="51.367996" lon="5.525874"><time>2026-09-24T18:45:11.915Z</time><extensions><course>329.4</course><speed>33.33</speed></extensions></trkpt>
      <trkpt lat="51.368281" lon="5.525659"><time>2026-09-24T18:45:12.915Z</time><extensions><course>329.4</course><speed>33.33</speed></extensions></trkpt>
      <trkpt lat="51.368513" lon="5.525426"><time>2026-09-24T18:45:13.915Z</time><extensions><course>329.4</course><speed>33.33</speed></extensions></trkpt>
      <trkpt lat="51.368775" lon="5.525127"><time>2026-09-24T18:45:14.915Z</time><extensions><course>329.4</course><speed>33.33</speed></extensions></trkpt>
      <trkpt lat="51.369055" lon="5.524900"><time>2026-09-24T18:45:15.915Z</time><extensions><course>329.4</course><speed>33.33</speed></extensions></trkpt>
      <trkpt lat="51.369298" lon="5.524667"><time>2026-09-24T18:45:16.915Z</time><extensions><course>329.4</course><speed>33.33</speed></extensions></trkpt>
      <trkpt lat="51.369551" lon="5.524446"><time>2026-09-24T18:45:17.915Z</time><extensions><course>329.4</course><speed>33.33</speed></extensions></trkpt>
      <trkpt lat="51.369821" lon="5.524167"><time>2026-09-24T18:45:18.915Z</time><extensions><course>329.4</course><speed>33.33</speed></extensions></trkpt>
      <trkpt lat="51.370067" lon="5.523907"><time>2026-09-24T18:45:19.915Z</time><extensions><course>329.4</course><speed>33.33</speed></extensions></trkpt>
      <trkpt lat="51.370321" lon="5.523665"><time>2026-09-24T18:45:20.915Z</time><extensions><course>329.4</course><speed>33.33</speed></extensions></trkpt>
      <trkpt lat="51.370579" lon="5.523437"><time>2026-09-24T18:45:21.915Z</time><extensions><course>329.4</course><speed>33.33</speed></extensions></trkpt>
      <trkpt lat="51.370830" lon="5.523198"><time>2026-09-24T18:45:22.915Z</time><extensions><course>329.4</course><speed>33.33</speed></extensions></trkpt>
      <trkpt lat="51.371117" lon="5.522948"><time>2026-09-24T18:45:23.915Z</time><extensions><course>329.4</course><speed>33.33</speed></extensions></trkpt>
      <trkpt lat="51.371344" lon="5.522729"><time>2026-09-24T18:45:24.915Z</time><extensions><course>329.4</course><speed>33.33</speed></extensions></trkpt>
      <trkpt lat="51.371623" lon="5.522480"><time>2026-09-24T18:45:25.915Z</time><extensions><course>329.4</course><speed>33.33</speed></extensions></trkpt>
      <trkpt lat="51.371896" lon="5.522242"><time>2026-09-24T18:45:26.915Z</time><extensions><course>329.4</course><speed>33.33</speed></extensions></trkpt>
      <trkpt lat="51.372152" lon="5.522002"><time>2026-09-24T18:45:27.915Z</time><extensions><course>329.4</course><speed>33.33</speed></extensions></trkpt>
      <trkpt lat="51.372400" lon="5.521728"><time>2026-09-24T18:45:28.915Z</time><extensions><course>329.4</course><speed>33.33</speed></extensions></trkpt>
      <trkpt lat="51.372657" lon="5.521515"><time>2026-09-24T18:45:29.915Z</time><extensions><course>329.4</course><speed>33.33</speed></extensions></trkpt>
      <trkpt lat="51.372910" lon="5.521274"><time>2026-09-24T18:45:30.915Z</time><extensions><course>329.4</course><speed>33.33</speed></extensions></trkpt>
      <trkpt lat="51.373181" lon="5.521004"><time>2026-09-24T18:45:31.915Z</time><extensions><course>329.4</course><speed>33.33</speed></extensions></trkpt>
      <trkpt lat="51.373422" lon="5.520768"><time>2026-09-24T18:45:32.915Z</time><extensions><course>329.4</course><speed>33.33</speed></extensions></trkpt>
      <trkpt lat="51.373691" lon="5.520508"><time>2026-09-24T18:45:33.915Z</time><extensions><course>329.4</course><speed>33.33</speed></extensions></trkpt>
      <trkpt lat="51.373942" lon="5.520304"><time>2026-09-24T18:45:34.915Z</time><extensions><course>329.4</course><speed>33.33</speed></extensions></trkpt>
      <trkpt lat="51.374220" lon="5.520049"><time>2026-09-24T18:45:35.915Z</time><extensions><course>329.4</course><speed>33.33</speed></extensions></trkpt>
      <trkpt lat="51.374444" lon="5.519757"><time>2026-09-24T18:45:36.915Z</time><extensions><course>329.4</course><speed>33.33</speed></extensions></trkpt>
      <trkpt lat="51.374713" lon="5.519544"><time>2026-09-24T18:45:37.915Z</time><extensions><course>329.4</course><speed>33.33</speed></extensions></trkpt>
      <trkpt lat="51.374950" lon="5.519293"><time>2026-09-24T18:45:38.915Z</time><extensions><course>329.4</course><speed>33.33</speed></extensions></trkpt>
      <trkpt lat="51.375230" lon="5.519058"><time>2026-09-24T18:45:39.915Z</time><extensions><course>329.4</course><speed>33.33</speed></extensions></trkpt>
      <trkpt lat="51.375489" lon="5.518815"><time>2026-09-24T18:45:40.915Z</time><extensions><course>329.4</course><speed>33.33</speed></extensions></trkpt>
      <trkpt lat="51.375753" lon="5.518559"><time>2026-09-24T18:45:41.915Z</time><extensions><course>329.4</course><speed>33.33</speed></extensions></trkpt>
      <trkpt lat="51.376011" lon="5.518310"><time>2026-09-24T18:45:42.915Z</time><extensions><course>329.4</course><speed>33.33</speed></extensions></trkpt>
      <trkpt lat="51.376251" lon="5.518085"><time>2026-09-24T18:45:43.915Z</time><extensions><course>329.4</course><speed>33.22</speed></extensions></trkpt>
      <trkpt lat="51.376518" lon="5.517841"><time>2026-09-24T18:45:44.915Z</time><extensions><course>329.4</course><speed>33.22</speed></extensions></trkpt>
      <trkpt lat="51.376794" lon="5.517577"><time>2026-09-24T18:45:45.915Z</time><extensions><course>329.4</course><speed>33.33</speed></extensions></trkpt>
      <trkpt lat="51.377050" lon="5.517348"><time>2026-09-24T18:45:46.915Z</time><extensions><course>330.0</course><speed>33.33</speed></extensions></trkpt>
      <trkpt lat="51.377294" lon="5.517119"><time>2026-09-24T18:45:47.915Z</time><extensions><course>329.5</course><speed>33.22</speed></extensions></trkpt>
      <trkpt lat="51.377528" lon="5.516861"><time>2026-09-24T18:45:48.915Z</time><extensions><course>329.5</course><speed>33.33</speed></extensions></trkpt>
      <trkpt lat="51.377821" lon="5.516651"><time>2026-09-24T18:45:49.915Z</time><extensions><course>329.5</course><speed>33.33</speed></extensions></trkpt>
      <trkpt lat="51.378048" lon="5.516362"><time>2026-09-24T18:45:50.915Z</time><extensions><course>329.5</course><speed>33.33</speed></extensions></trkpt>
      <trkpt lat="51.378317" lon="5.516151"><time>2026-09-24T18:45:51.915Z</time><extensions><course>329.5</course><speed>33.33</speed></extensions></trkpt>
      <trkpt lat="51.378575" lon="5.515919"><time>2026-09-24T18:45:52.915Z</time><extensions><course>329.5</course><speed>33.30</speed></extensions></trkpt>
      <trkpt lat="51.378821" lon="5.515658"><time>2026-09-24T18:45:53.915Z</time><extensions><course>329.5</course><speed>33.30</speed></extensions></trkpt>
      <trkpt lat="51.379085" lon="5.515394"><time>2026-09-24T18:45:54.915Z</time><extensions><course>329.3</course><speed>33.30</speed></extensions></trkpt>
      <trkpt lat="51.379367" lon="5.515156"><time>2026-09-24T18:45:55.915Z</time><extensions><course>329.3</course><speed>33.33</speed></extensions></trkpt>
      <trkpt lat="51.379616" lon="5.514915"><time>2026-09-24T18:45:56.915Z</time><extensions><course>329.3</course><speed>33.33</speed></extensions></trkpt>
      <trkpt lat="51.379858" lon="5.514672"><time>2026-09-24T18:45:57.915Z</time><extensions><course>329.3</course><speed>32.97</speed></extensions></trkpt>
      <trkpt lat="51.380124" lon="5.514407"><time>2026-09-24T18:45:58.915Z</time><extensions><course>329.3</course><speed>32.97</speed></extensions></trkpt>
      <trkpt lat="51.380385" lon="5.514176"><time>2026-09-24T18:45:59.915Z</time><extensions><course>331.0</course><speed>32.60</speed></extensions></trkpt>
      <trkpt lat="51.380629" lon="5.513993"><time>2026-09-24T18:46:00.915Z</time><extensions><course>331.0</course><speed>32.60</speed></extensions></trkpt>
      <trkpt lat="51.380900" lon="5.513777"><time>2026-09-24T18:46:01.915Z</time><extensions><course>332.8</course><speed>32.97</speed></extensions></trkpt>
      <trkpt lat="51.381159" lon="5.513533"><time>2026-09-24T18:46:02.915Z</time><extensions><course>332.8</course><speed>32.51</speed></extensions></trkpt>
      <trkpt lat="51.381418" lon="5.513325"><time>2026-09-24T18:46:03.915Z</time><extensions><course>332.8</course><speed>32.40</speed></extensions></trkpt>
      <trkpt lat="51.381676" lon="5.513098"><time>2026-09-24T18:46:04.915Z</time><extensions><course>335.0</course><speed>32.40</speed></extensions></trkpt>
      <trkpt lat="51.381933" lon="5.512902"><time>2026-09-24T18:46:05.915Z</time><extensions><course>335.0</course><speed>32.85</speed></extensions></trkpt>
      <trkpt lat="51.382221" lon="5.512709"><time>2026-09-24T18:46:06.915Z</time><extensions><course>337.3</course><speed>32.70</speed></extensions></trkpt>
      <trkpt lat="51.382493" lon="5.512530"><time>2026-09-24T18:46:07.915Z</time><extensions><course>337.3</course><speed>32.63</speed></extensions></trkpt>
      <trkpt lat="51.382773" lon="5.512370"><time>2026-09-24T18:46:08.915Z</time><extensions><course>338.0</course><speed>32.63</speed></extensions></trkpt>
      <trkpt lat="51.383041" lon="5.512197"><time>2026-09-24T18:46:09.915Z</time><extensions><course>340.7</course><speed>32.46</speed></extensions></trkpt>
      <trkpt lat="51.383291" lon="5.512025"><time>2026-09-24T18:46:10.915Z</time><extensions><course>340.7</course><speed>32.46</speed></extensions></trkpt>
      <trkpt lat="51.383582" lon="5.511902"><time>2026-09-24T18:46:11.915Z</time><extensions><course>340.7</course><speed>32.48</speed></extensions></trkpt>
      <trkpt lat="51.383856" lon="5.511727"><time>2026-09-24T18:46:12.915Z</time><extensions><course>342.2</course><speed>32.48</speed></extensions></trkpt>
      <trkpt lat="51.384132" lon="5.511581"><time>2026-09-24T18:46:13.915Z</time><extensions><course>342.2</course><speed>32.80</speed></extensions></trkpt>
      <trkpt lat="51.384413" lon="5.511462"><time>2026-09-24T18:46:14.915Z</time><extensions><course>344.7</course><speed>32.75</speed></extensions></trkpt>
      <trkpt lat="51.384704" lon="5.511335"><time>2026-09-24T18:46:15.915Z</time><extensions><course>344.7</course><speed>33.29</speed></extensions></trkpt>
      <trkpt lat="51.384990" lon="5.511203"><time>2026-09-24T18:46:16.915Z</time><extensions><course>344.9</course><speed>33.29</speed></extensions></trkpt>
      <trkpt lat="51.385265" lon="5.511051"><time>2026-09-24T18:46:17.915Z</time><extensions><course>344.9</course><speed>33.29</speed></extensions></trkpt>
      <trkpt lat="51.385559" lon="5.510957"><time>2026-09-24T18:46:18.915Z</time><extensions><course>344.9</course><speed>33.33</speed></extensions></trkpt>
      <trkpt lat="51.385856" lon="5.510786"><time>2026-09-24T18:46:19.915Z</time><extensions><course>345.0</course><speed>33.33</speed></extensions></trkpt>
      <trkpt lat="51.386139" lon="5.510698"><time>2026-09-24T18:46:20.915Z</time><extensions><course>345.0</course><speed>33.29</speed></extensions></trkpt>
      <trkpt lat="51.386438" lon="5.510575"><time>2026-09-24T18:46:21.915Z</time><extensions><course>345.0</course><speed>33.29</speed></extensions></trkpt>
      <trkpt lat="51.386734" lon="5.510485"><time>2026-09-24T18:46:22.915Z</time><extensions><course>345.2</course><speed>33.29</speed></extensions></trkpt>
      <trkpt lat="51.387025" lon="5.510303"><time>2026-09-24T18:46:23.915Z</time><extensions><course>345.2</course><speed>33.33</speed></extensions></trkpt>
      <trkpt lat="51.387287" lon="5.510202"><time>2026-09-24T18:46:24.915Z</time><extensions><course>345.2</course><speed>33.33</speed></extensions></trkpt>
      <trkpt lat="51.387586" lon="5.510083"><time>2026-09-24T18:46:25.915Z</time><extensions><course>345.2</course><speed>33.33</speed></extensions></trkpt>
      <trkpt lat="51.387851" lon="5.509954"><time>2026-09-24T18:46:26.915Z</time><extensions><course>345.2</course><speed>33.33</speed></extensions></trkpt>
      <trkpt lat="51.388180" lon="5.509828"><time>2026-09-24T18:46:27.915Z</time><extensions><course>345.2</course><speed>33.33</speed></extensions></trkpt>
      <trkpt lat="51.388456" lon="5.509716"><time>2026-09-24T18:46:28.915Z</time><extensions><course>345.2</course><speed>33.33</speed></extensions></trkpt>
      <trkpt lat="51.388740" lon="5.509590"><time>2026-09-24T18:46:29.915Z</time><extensions><course>345.2</course><speed>33.33</speed></extensions></trkpt>
      <trkpt lat="51.389033" lon="5.509434"><time>2026-09-24T18:46:30.915Z</time><extensions><course>345.2</course><speed>33.33</speed></extensions></trkpt>
      <trkpt lat="51.389346" lon="5.509359"><time>2026-09-24T18:46:31.915Z</time><extensions><course>345.2</course><speed>33.33</speed></extensions></trkpt>
      <trkpt lat="51.389611" lon="5.509222"><time>2026-09-24T18:46:32.915Z</time><extensions><course>345.2</course><speed>33.33</speed></extensions></trkpt>
      <trkpt lat="51.389901" lon="5.509102"><time>2026-09-24T18:46:33.915Z</time><extensions><course>345.2</course><speed>33.33</speed></extensions></trkpt>
      <trkpt lat="51.390197" lon="5.508960"><time>2026-09-24T18:46:34.915Z</time><extensions><course>345.2</course><speed>33.33</speed></extensions></trkpt>
      <trkpt lat="51.390485" lon="5.508855"><time>2026-09-24T18:46:35.915Z</time><extensions><course>345.2</course><speed>33.33</speed></extensions></trkpt>
      <trkpt lat="51.390767" lon="5.508724"><time>2026-09-24T18:46:36.915Z</time><extensions><course>345.2</course><speed>33.33</speed></extensions></trkpt>
      <trkpt lat="51.391068" lon="5.508602"><time>2026-09-24T18:46:37.915Z</time><extensions><course>345.2</course><speed>33.33</speed></extensions></trkpt>
      <trkpt lat="51.391345" lon="5.508524"><time>2026-09-24T18:46:38.915Z</time><extensions><course>345.2</course><speed>33.33</speed></extensions></trkpt>
      <trkpt lat="51.391635" lon="5.508359"><time>2026-09-24T18:46:39.915Z</time><extensions><course>345.2</course><speed>33.33</speed></extensions></trkpt>
      <trkpt lat="51.391932" lon="5.508243"><time>2026-09-24T18:46:40.915Z</time><extensions><course>345.2</course><speed>33.33</speed></extensions></trkpt>
      <trkpt lat="51.392209" lon="5.508159"><time>2026-09-24T18:46:41.915Z</time><extensions><course>345.2</course><speed>33.31</speed></extensions></trkpt>
      <trkpt lat="51.392509" lon="5.507995"><time>2026-09-24T18:46:42.915Z</time><extensions><course>345.2</course><speed>33.31</speed></extensions></trkpt>
      <trkpt lat="51.392812" lon="5.507851"><time>2026-09-24T18:46:43.915Z</time><extensions><course>345.1</course><speed>33.31</speed></extensions></trkpt>
      <trkpt lat="51.393097" lon="5.507764"><time>2026-09-24T18:46:44.915Z</time><extensions><course>345.1</course><speed>33.31</speed></extensions></trkpt>
      <trkpt lat="51.393364" lon="5.507645"><time>2026-09-24T18:46:45.915Z</time><extensions><course>345.1</course><speed>33.33</speed></extensions></trkpt>
      <trkpt lat="51.393675" lon="5.507470"><time>2026-09-24T18:46:46.915Z</time><extensions><course>345.1</course><speed>33.33</speed></extensions></trkpt>
      <trkpt lat="51.393967" lon="5.507384"><time>2026-09-24T18:46:47.915Z</time><extensions><course>345.1</course><speed>33.33</speed></extensions></trkpt>
      <trkpt lat="51.394238" lon="5.507285"><time>2026-09-24T18:46:48.915Z</time><extensions><course>345.1</course><speed>33.33</speed></extensions></trkpt>
      <trkpt lat="51.394545" lon="5.507142"><time>2026-09-24T18:46:49.915Z</time><extensions><course>345.1</course><speed>33.33</speed></extensions></trkpt>
      <trkpt lat="51.394810" lon="5.507006"><time>2026-09-24T18:46:50.915Z</time><extensions><course>345.0</course><speed>33.33</speed></extensions></trkpt>
      <trkpt lat="51.395095" lon="5.506874"><time>2026-09-24T18:46:51.915Z</time><extensions><course>345.0</course><speed>33.33</speed></extensions></trkpt>
      <trkpt lat="51.395401" lon="5.506733"><time>2026-09-24T18:46:52.915Z</time><extensions><course>345.0</course><speed>33.33</speed></extensions></trkpt>
      <trkpt lat="51.395688" lon="5.506636"><time>2026-09-24T18:46:53.915Z</time><extensions><course>345.0</course><speed>33.33</speed></extensions></trkpt>
      <trkpt lat="51.395976" lon="5.506520"><time>2026-09-24T18:46:54.915Z</time><extensions><course>345.0</course><speed>33.33</speed></extensions></trkpt>
      <trkpt lat="51.396262" lon="5.506395"><time>2026-09-24T18:46:55.915Z</time><extensions><course>345.0</course><speed>33.33</speed></extensions></trkpt>
      <trkpt lat="51.396564" lon="5.506276"><time>2026-09-24T18:46:56.915Z</time><extensions><course>345.0</course><speed>33.33</speed></extensions></trkpt>
      <trkpt lat="51.396858" lon="5.506112"><time>2026-09-24T18:46:57.915Z</time><extensions><course>345.0</course><speed>33.33</speed></extensions></trkpt>
      <trkpt lat="51.397139" lon="5.506018"><time>2026-09-24T18:46:58.915Z</time><extensions><course>345.0</course><speed>33.33</speed></extensions></trkpt>
      <trkpt lat="51.397413" lon="5.505858"><time>2026-09-24T18:46:59.915Z</time><extensions><course>345.0</course><speed>33.33</speed></extensions></trkpt>
      <trkpt lat="51.397702" lon="5.505733"><time>2026-09-24T18:47:00.915Z</time><extensions><course>345.0</course><speed>33.31</speed></extensions></trkpt>
      <trkpt lat="51.397993" lon="5.505649"><time>2026-09-24T18:47:01.915Z</time><extensions><course>345.0</course><speed>33.24</speed></extensions></trkpt>
      <trkpt lat="51.398287" lon="5.505519"><time>2026-09-24T18:47:02.915Z</time><extensions><course>345.1</course><speed>32.90</speed></extensions></trkpt>
      <trkpt lat="51.398601" lon="5.505392"><time>2026-09-24T18:47:03.915Z</time><extensions><course>345.1</course><speed>32.90</speed></extensions></trkpt>
      <trkpt lat="51.398870" lon="5.505253"><time>2026-09-24T18:47:04.915Z</time><extensions><course>344.6</course><speed>32.87</speed></extensions></trkpt>
      <trkpt lat="51.399158" lon="5.505141"><time>2026-09-24T18:47:05.915Z</time><extensions><course>342.9</course><speed>32.03</speed></extensions></trkpt>
      <trkpt lat="51.399406" lon="5.505010"><time>2026-09-24T18:47:06.915Z</time><extensions><course>342.9</course><speed>31.73</speed></extensions></trkpt>
      <trkpt lat="51.399713" lon="5.504897"><time>2026-09-24T18:47:07.915Z</time><extensions><course>342.9</course><speed>31.73</speed></extensions></trkpt>
      <trkpt lat="51.399963" lon="5.504706"><time>2026-09-24T18:47:08.915Z</time><extensions><course>338.4</course><speed>31.62</speed></extensions></trkpt>
      <trkpt lat="51.400214" lon="5.504524"><time>2026-09-24T18:47:09.915Z</time><extensions><course>335.3</course><speed>31.42</speed></extensions></trkpt>
      <trkpt lat="51.400492" lon="5.504312"><time>2026-09-24T18:47:10.915Z</time><extensions><course>334.7</course><speed>32.18</speed></extensions></trkpt>
      <trkpt lat="51.400724" lon="5.504089"><time>2026-09-24T18:47:11.915Z</time><extensions><course>329.2</course><speed>31.76</speed></extensions></trkpt>
      <trkpt lat="51.400969" lon="5.503887"><time>2026-09-24T18:47:12.915Z</time><extensions><course>329.8</course><speed>32.91</speed></extensions></trkpt>
      <trkpt lat="51.401217" lon="5.503631"><time>2026-09-24T18:47:13.915Z</time><extensions><course>327.1</course><speed>32.79</speed></extensions></trkpt>
    </trkseg>
  </trk>
</gpx>
